vid,split,target,time_of_event,time_of_alert,frames,avg_fps,duration_avg,pts_available,pts_first_s,pts_nonincreasing,pts_offset_s,frame_period_s,pts_max_dev_s,pts_max_dev_frames,vfr_suspect,last_frame_s,cache_shape,cache_zero_snippets,cache_tau_max_absdiff,nominal_clamped_snippets,val_zero_windows
00055,train,0,,,1209,30.0,40.3,True,0.0,0,0.0,0.03333333333333333,1.7801920577653618e-06,5.3405761732960855e-05,False,40.266666412353516,12x5x224x224x3,0.0,,,
00535,train,0,,,1169,29.6,39.49324324324324,True,0.0,0,0.0,0.03378378378378378,1.8557986720679764e-06,5.493164069321211e-05,False,39.4594612121582,12x5x224x224x3,0.0,,,
01037,train,1,20.9,19.533,1204,30.0,40.13333333333333,True,0.0,0,0.0,0.03333333333333333,1.7801920577653618e-06,5.3405761732960855e-05,False,40.099998474121094,12x5x224x224x3,0.0,9.536743306171047e-08,0.0,
00146,train,0,,,1235,30.5,40.49180327868852,True,0.0,0,0.0,0.03278688524590164,1.8760806241857608e-06,5.7220459037665705e-05,False,40.459014892578125,12x5x224x224x3,0.0,,,
01006,train,1,20.293,17.352,1225,30.6,40.03267973856209,True,0.0,0,0.0,0.032679738562091505,1.8948823026221362e-06,5.798339846023737e-05,False,40.0,12x5x224x224x3,0.0,9.536743306171047e-08,0.0,
01496,train,1,19.567,19.033,1218,30.0,40.6,True,0.0,0,0.0,0.03333333333333333,1.7801920577653618e-06,5.3405761732960855e-05,False,40.56666564941406,12x5x224x224x3,0.0,9.536743306171047e-08,0.0,
01184,train,1,20.767,18.2,1246,30.0,41.53333333333333,True,0.0,0,0.0,0.03333333333333333,1.7801920577653618e-06,5.3405761732960855e-05,False,41.5,12x5x224x224x3,0.0,9.536743306171047e-08,0.0,
00869,train,1,20.167,19.833,1202,30.0,40.06666666666667,True,0.0,0,0.0,0.03333333333333333,1.7801920577653618e-06,5.3405761732960855e-05,False,40.03333282470703,12x5x224x224x3,0.0,9.536743306171047e-08,0.0,
01472,train,1,20.433,18.067,1211,30.0,40.36666666666667,True,0.0,0,0.0,0.03333333333333333,1.7801920577653618e-06,5.3405761732960855e-05,False,40.33333206176758,12x5x224x224x3,0.0,9.536743306171047e-08,0.0,
00301,train,0,,,1202,30.0,40.06666666666667,True,0.0,0,0.0,0.03333333333333333,1.7801920577653618e-06,5.3405761732960855e-05,False,40.03333282470703,12x5x224x224x3,0.0,,,
00838,train,1,21.733,19.3,1202,30.0,40.06666666666667,True,0.0,0,0.0,0.03333333333333333,1.7801920577653618e-06,5.3405761732960855e-05,False,40.03333282470703,12x5x224x224x3,0.0,9.536743306171047e-08,0.0,
01318,train,1,10.126,7.161,540,30.0,18.0,True,0.0,0,0.0,0.03333333333333333,8.900960288826809e-07,2.6702880866480427e-05,False,17.96666717529297,12x5x224x224x3,0.0,9.536743128535363e-08,0.0,
01452,train,1,19.294,17.596,1223,30.6,39.967320261437905,True,0.0,0,0.0,0.032679738562091505,1.8948823026221362e-06,5.798339846023737e-05,False,39.93463897705078,12x5x224x224x3,0.0,9.536743306171047e-08,0.0,
01229,train,1,19.783,18.7,1232,30.0,41.06666666666667,True,0.0,0,0.0,0.03333333333333333,1.7801920577653618e-06,5.3405761732960855e-05,False,41.03333282470703,12x5x224x224x3,0.0,9.536743306171047e-08,0.0,
00426,train,0,,,1223,30.0,40.766666666666666,True,0.0,0,0.0,0.03333333333333333,1.7801920577653618e-06,5.3405761732960855e-05,False,40.733333587646484,12x5x224x224x3,0.0,,,
01244,train,1,20.367,19.299,1202,29.9,40.20066889632107,True,0.0,0,0.0,0.033444816053511704,1.900969543555675e-06,5.683898935231468e-05,False,40.1672248840332,12x5x224x224x3,0.0,9.536743306171047e-08,0.0,
00605,train,0,,,540,30.0,18.0,True,0.0,0,0.0,0.03333333333333333,8.900960288826809e-07,2.6702880866480427e-05,False,17.96666717529297,12x5x224x224x3,0.0,,,
01292,train,1,19.4,18.7,1203,30.0,40.1,True,0.0,0,0.0,0.03333333333333333,1.7801920577653618e-06,5.3405761732960855e-05,False,40.06666564941406,12x5x224x224x3,0.0,9.536743306171047e-08,0.0,
01322,train,1,19.7,19.033,1200,30.0,40.0,True,0.0,0,0.0,0.03333333333333333,1.7801920577653618e-06,5.3405761732960855e-05,False,39.96666717529297,12x5x224x224x3,0.0,9.536743306171047e-08,0.0,
00680,train,0,,,1198,29.9,40.06688963210703,True,0.0,0,0.0,0.033444816053511704,1.900969543555675e-06,5.683898935231468e-05,False,40.033443450927734,12x5x224x224x3,0.0,,,
01254,train,1,20.554,17.651,1203,29.9,40.23411371237459,True,0.0,0,0.0,0.033444816053511704,1.900969543555675e-06,5.683898935231468e-05,False,40.20066833496094,12x5x224x224x3,0.0,9.536743306171047e-08,0.0,
00464,train,0,,,1203,30.0,40.1,True,0.0,0,0.0,0.03333333333333333,1.7801920577653618e-06,5.3405761732960855e-05,False,40.06666564941406,12x5x224x224x3,0.0,,,
00113,train,0,,,1196,29.9,40.0,True,0.0,0,0.0,0.033444816053511704,1.900969543555675e-06,5.683898935231468e-05,False,39.966556549072266,12x5x224x224x3,0.0,,,
01466,train,1,19.533,18.267,1181,30.0,39.36666666666667,True,0.0,0,0.0,0.03333333333333333,1.7801920577653618e-06,5.3405761732960855e-05,False,39.33333206176758,12x5x224x224x3,0.0,9.536743306171047e-08,0.0,
00734,train,0,,,1204,30.6,39.346405228758165,True,0.0,0,0.0,0.032679738562091505,1.8948823026221362e-06,5.798339846023737e-05,False,39.313724517822266,12x5x224x224x3,0.0,,,
00648,train,0,,,1243,30.5,40.75409836065574,True,0.0,0,0.0,0.03278688524590164,1.8760806241857608e-06,5.7220459037665705e-05,False,40.721309661865234,12x5x224x224x3,0.0,,,
00744,train,0,,,1178,29.9,39.39799331103679,True,0.0,0,0.0,0.033444816053511704,1.900969543555675e-06,5.683898935231468e-05,False,39.36454772949219,12x5x224x224x3,0.0,,,
01326,train,1,19.364,16.785,1209,30.6,39.509803921568626,True,0.0,0,0.0,0.032679738562091505,1.8948823026221362e-06,5.798339846023737e-05,False,39.47712326049805,12x5x224x224x3,0.0,9.536743306171047e-08,0.0,
01092,train,1,9.633,9.067,540,30.0,18.0,True,0.0,0,0.0,0.03333333333333333,8.900960288826809e-07,2.6702880866480427e-05,False,17.96666717529297,12x5x224x224x3,0.0,9.536743128535363e-08,0.0,
00526,train,0,,,1188,30.2,39.33774834437086,True,0.0,0,0.0,0.033112582781456956,1.8947171867012003e-06,5.7220459038376244e-05,False,39.30463409423828,12x5x224x224x3,0.0,,,
00959,train,1,18.982,17.25,1206,30.0,40.2,True,0.0,0,0.0,0.03333333333333333,1.7801920577653618e-06,5.3405761732960855e-05,False,40.16666793823242,12x5x224x224x3,0.0,9.536743306171047e-08,0.0,
00539,train,0,,,1271,30.6,41.5359477124183,True,0.0,0,0.0,0.032679738562091505,1.8948823026221362e-06,5.798339846023737e-05,False,41.50326919555664,12x5x224x224x3,0.0,,,
00610,train,0,,,1150,28.7,40.069686411149824,True,0.0,0,0.0,0.03484320557491289,1.9007028200235254e-06,5.455017093467518e-05,False,40.03484344482422,12x5x224x224x3,0.0,,,
00453,train,0,,,1442,29.4,49.04761904761905,True,0.0,0,0.0,0.034013605442176874,1.894373475863631e-06,5.569458019039075e-05,False,49.013607025146484,12x5x224x224x3,0.0,,,
01471,train,1,19.467,17.8,1213,30.0,40.43333333333333,True,0.0,0,0.0,0.03333333333333333,1.7801920577653618e-06,5.3405761732960855e-05,False,40.400001525878906,12x5x224x224x3,0.0,9.536743306171047e-08,0.0,
00847,train,1,19.666,18.297,1209,29.9,40.434782608695656,True,0.0,0,0.0,0.033444816053511704,1.900969543555675e-06,5.683898935231468e-05,False,40.401336669921875,12x5x224x224x3,0.0,9.536743306171047e-08,0.0,
00650,train,0,,,1208,30.0,40.266666666666666,True,0.0,0,0.0,0.03333333333333333,1.7801920577653618e-06,5.3405761732960855e-05,False,40.233333587646484,12x5x224x224x3,0.0,,,
00005,train,0,,,1217,30.0,40.56666666666667,True,0.0,0,0.0,0.03333333333333333,1.7801920577653618e-06,5.3405761732960855e-05,False,40.53333282470703,12x5x224x224x3,0.0,,,
00414,train,0,,,540,30.0,18.0,True,0.0,0,0.0,0.03333333333333333,8.900960288826809e-07,2.6702880866480427e-05,False,17.96666717529297,12x5x224x224x3,0.0,,,
01139,train,1,19.6,16.533,1203,30.0,40.1,True,0.0,0,0.0,0.03333333333333333,1.7801920577653618e-06,5.3405761732960855e-05,False,40.06666564941406,12x5x224x224x3,0.0,9.536743306171047e-08,0.0,
00152,train,0,,,1198,30.0,39.93333333333333,True,0.0,0,0.0,0.03333333333333333,1.7801920577653618e-06,5.3405761732960855e-05,False,39.900001525878906,12x5x224x224x3,0.0,,,
00314,train,0,,,540,30.0,18.0,True,0.0,0,0.0,0.03333333333333333,8.900960288826809e-07,2.6702880866480427e-05,False,17.96666717529297,12x5x224x224x3,0.0,,,
00215,train,0,,,1216,30.0,40.53333333333333,True,0.0,0,0.0,0.03333333333333333,1.7801920577653618e-06,5.3405761732960855e-05,False,40.5,12x5x224x224x3,0.0,,,
00370,train,0,,,1225,30.6,40.03267973856209,True,0.0,0,0.0,0.032679738562091505,1.8948823026221362e-06,5.798339846023737e-05,False,40.0,12x5x224x224x3,0.0,,,
00581,train,0,,,540,30.0,18.0,True,0.0,0,0.0,0.03333333333333333,8.900960288826809e-07,2.6702880866480427e-05,False,17.96666717529297,12x5x224x224x3,0.0,,,
00149,train,0,,,1201,30.0,40.03333333333333,True,0.0,0,0.0,0.03333333333333333,1.7801920577653618e-06,5.3405761732960855e-05,False,40.0,12x5x224x224x3,0.0,,,
00107,train,0,,,1175,30.0,39.166666666666664,True,0.0,0,0.0,0.03333333333333333,1.7801920577653618e-06,5.3405761732960855e-05,False,39.13333511352539,12x5x224x224x3,0.0,,,
00567,train,0,,,1225,30.6,40.03267973856209,True,0.0,0,0.0,0.032679738562091505,1.8948823026221362e-06,5.798339846023737e-05,False,40.0,12x5x224x224x3,0.0,,,
00234,train,0,,,1348,30.6,44.052287581699346,True,0.0,0,0.0,0.032679738562091505,1.8948823026221362e-06,5.798339846023737e-05,False,44.01960754394531,12x5x224x224x3,0.0,,,
01238,train,1,19.217,17.033,1213,30.0,40.43333333333333,True,0.0,0,0.0,0.03333333333333333,1.7801920577653618e-06,5.3405761732960855e-05,False,40.400001525878906,12x5x224x224x3,0.0,9.536743306171047e-08,0.0,
01217,train,1,19.308,16.825,1226,30.6,40.06535947712418,True,0.0,0,0.0,0.032679738562091505,1.8948823026221362e-06,5.798339846023737e-05,False,40.03268051147461,12x5x224x224x3,0.0,9.536743306171047e-08,0.0,
01334,train,1,19.8,18.367,1211,30.0,40.36666666666667,True,0.0,0,0.0,0.03333333333333333,1.7801920577653618e-06,5.3405761732960855e-05,False,40.33333206176758,12x5x224x224x3,0.0,9.536743306171047e-08,0.0,
01303,train,1,19.067,17.5,1209,30.0,40.3,True,0.0,0,0.0,0.03333333333333333,1.7801920577653618e-06,5.3405761732960855e-05,False,40.266666412353516,12x5x224x224x3,0.0,9.536743306171047e-08,0.0,
00037,train,0,,,1227,30.6,40.09803921568627,True,0.0,0,0.0,0.032679738562091505,1.8948823026221362e-06,5.798339846023737e-05,False,40.06536102294922,12x5x224x224x3,0.0,,,
00061,train,0,,,1202,30.0,40.06666666666667,True,0.0,0,0.0,0.03333333333333333,1.7801920577653618e-06,5.3405761732960855e-05,False,40.03333282470703,12x5x224x224x3,0.0,,,
00283,train,0,,,1016,26.4,38.484848484848484,True,0.0,0,0.0,0.03787878787878788,1.849550194776839e-06,4.882812514210854e-05,False,38.44696807861328,12x5x224x224x3,0.0,,,
00238,train,0,,,1224,29.9,40.93645484949833,True,0.0,0,0.0,0.033444816053511704,1.900969543555675e-06,5.683898935231468e-05,False,40.903011322021484,12x5x224x224x3,0.0,,,
00687,train,0,,,1242,30.6,40.588235294117645,True,0.0,0,0.0,0.032679738562091505,1.8948823026221362e-06,5.798339846023737e-05,False,40.55555725097656,12x5x224x224x3,0.0,,,
00613,train,0,,,1218,29.9,40.735785953177256,True,0.0,0,0.0,0.033444816053511704,1.900969543555675e-06,5.683898935231468e-05,False,40.70234298706055,12x5x224x224x3,0.0,,,
00826,train,1,20.167,19.0,1215,30.0,40.5,True,0.0,0,0.0,0.03333333333333333,1.7801920577653618e-06,5.3405761732960855e-05,False,40.46666717529297,12x5x224x224x3,0.0,9.536743306171047e-08,0.0,
00172,train,0,,,1195,30.1,39.70099667774086,True,0.0,0,0.0,0.03322259136212624,1.9010119274298631e-06,5.7220459015638884e-05,False,39.66777420043945,12x5x224x224x3,0.0,,,
01127,train,1,19.933,19.3,1240,30.0,41.333333333333336,True,0.0,0,0.0,0.03333333333333333,1.7801920577653618e-06,5.3405761732960855e-05,False,41.29999923706055,12x5x224x224x3,0.0,9.536743306171047e-08,0.0,
00936,train,1,19.633,18.167,1203,30.0,40.1,True,0.0,0,0.0,0.03333333333333333,1.7801920577653618e-06,5.3405761732960855e-05,False,40.06666564941406,12x5x224x224x3,0.0,9.536743306171047e-08,0.0,
00955,train,1,19.492,18.546,1230,30.6,40.19607843137255,True,0.0,0,0.0,0.032679738562091505,1.8948823026221362e-06,5.798339846023737e-05,False,40.16339874267578,12x5x224x224x3,0.0,9.536743306171047e-08,0.0,
00688,train,0,,,1162,29.6,39.25675675675676,True,0.0,0,0.0,0.03378378378378378,1.8557986720679764e-06,5.493164069321211e-05,False,39.22297286987305,12x5x224x224x3,0.0,,,
00542,train,0,,,1225,30.6,40.03267973856209,True,0.0,0,0.0,0.032679738562091505,1.8948823026221362e-06,5.798339846023737e-05,False,40.0,12x5x224x224x3,0.0,,,
00588,train,0,,,1234,30.5,40.459016393442624,True,0.0,0,0.0,0.03278688524590164,1.8760806241857608e-06,5.7220459037665705e-05,False,40.426231384277344,12x5x224x224x3,0.0,,,
01105,train,1,20.033,18.4,1211,30.0,40.36666666666667,True,0.0,0,0.0,0.03333333333333333,1.7801920577653618e-06,5.3405761732960855e-05,False,40.33333206176758,12x5x224x224x3,0.0,9.536743306171047e-08,0.0,
01331,train,1,19.644,17.715,1236,30.5,40.52459016393443,True,0.0,0,0.0,0.03278688524590164,1.8760806241857608e-06,5.7220459037665705e-05,False,40.49180221557617,12x5x224x224x3,0.0,9.536743306171047e-08,0.0,
00652,train,0,,,1161,29.1,39.896907216494846,True,0.0,0,0.0,0.034364261168384876,1.900794174503062e-06,5.531311047803911e-05,False,39.86254119873047,12x5x224x224x3,0.0,,,
01012,train,1,21.833,19.1,1213,30.0,40.43333333333333,True,0.0,0,0.0,0.03333333333333333,1.7801920577653618e-06,5.3405761732960855e-05,False,40.400001525878906,12x5x224x224x3,0.0,9.536743306171047e-08,0.0,
01179,train,1,20.4,19.4,1203,30.0,40.1,True,0.0,0,0.0,0.03333333333333333,1.7801920577653618e-06,5.3405761732960855e-05,False,40.06666564941406,12x5x224x224x3,0.0,9.536743306171047e-08,0.0,
01057,train,1,19.306,16.192,1198,30.5,39.278688524590166,True,0.0,0,0.0,0.03278688524590164,1.8760806241857608e-06,5.7220459037665705e-05,False,39.24590301513672,12x5x224x224x3,0.0,9.536743306171047e-08,0.0,
00584,train,0,,,1154,30.0,38.46666666666667,True,0.0,0,0.0,0.03333333333333333,1.7801920577653618e-06,5.3405761732960855e-05,False,38.43333435058594,12x5x224x224x3,0.0,,,
01200,train,1,19.233,17.833,1234,30.0,41.13333333333333,True,0.0,0,0.0,0.03333333333333333,1.7801920577653618e-06,5.3405761732960855e-05,False,41.099998474121094,12x5x224x224x3,0.0,9.536743306171047e-08,0.0,
00293,train,0,,,1172,30.0,39.06666666666667,True,0.0,0,0.0,0.03333333333333333,1.7801920577653618e-06,5.3405761732960855e-05,False,39.03333282470703,12x5x224x224x3,0.0,,,
01066,train,1,19.6,19.433,1202,30.0,40.06666666666667,True,0.0,0,0.0,0.03333333333333333,1.7801920577653618e-06,5.3405761732960855e-05,False,40.03333282470703,12x5x224x224x3,0.0,9.536743306171047e-08,0.0,
00274,train,0,,,1200,30.0,40.0,True,0.0,0,0.0,0.03333333333333333,1.7801920577653618e-06,5.3405761732960855e-05,False,39.96666717529297,12x5x224x224x3,0.0,,,
00199,train,0,,,1214,30.0,40.46666666666667,True,0.0,0,0.0,0.03333333333333333,1.7801920577653618e-06,5.3405761732960855e-05,False,40.43333435058594,12x5x224x224x3,0.0,,,
01291,train,1,20.3,18.8,1230,30.0,41.0,True,0.0,0,0.0,0.03333333333333333,1.7801920577653618e-06,5.3405761732960855e-05,False,40.96666717529297,12x5x224x224x3,0.0,9.536743306171047e-08,0.0,
01013,train,1,20.32,18.252,1203,29.9,40.23411371237459,True,0.0,0,0.0,0.033444816053511704,1.900969543555675e-06,5.683898935231468e-05,False,40.20066833496094,12x5x224x224x3,0.0,9.536743306171047e-08,0.0,
00580,train,0,,,1226,29.8,41.14093959731544,True,0.0,0,0.0,0.03355704697986577,1.8945476369935932e-06,5.645751958240908e-05,False,41.107383728027344,12x5x224x224x3,0.0,,,
00829,train,1,19.9,16.733,1208,30.0,40.266666666666666,True,0.0,0,0.0,0.03333333333333333,1.7801920577653618e-06,5.3405761732960855e-05,False,40.233333587646484,12x5x224x224x3,0.0,9.536743306171047e-08,0.0,
00740,train,0,,,1203,30.0,40.1,True,0.0,0,0.0,0.03333333333333333,1.7801920577653618e-06,5.3405761732960855e-05,False,40.06666564941406,12x5x224x224x3,0.0,,,
01375,train,1,20.633,19.367,1208,30.0,40.266666666666666,True,0.0,0,0.0,0.03333333333333333,1.7801920577653618e-06,5.3405761732960855e-05,False,40.233333587646484,12x5x224x224x3,0.0,9.536743306171047e-08,0.0,
01282,train,1,18.433,17.8,1210,30.0,40.333333333333336,True,0.0,0,0.0,0.03333333333333333,1.7801920577653618e-06,5.3405761732960855e-05,False,40.29999923706055,12x5x224x224x3,0.0,9.536743306171047e-08,0.0,
00399,train,0,,,1208,30.0,40.266666666666666,True,0.0,0,0.0,0.03333333333333333,1.7801920577653618e-06,5.3405761732960855e-05,False,40.233333587646484,12x5x224x224x3,0.0,,,
01319,train,1,20.533,19.5,1201,30.0,40.03333333333333,True,0.0,0,0.0,0.03333333333333333,1.7801920577653618e-06,5.3405761732960855e-05,False,40.0,12x5x224x224x3,0.0,9.536743306171047e-08,0.0,
01491,train,1,20.3,18.133,1208,30.0,40.266666666666666,True,0.0,0,0.0,0.03333333333333333,1.7801920577653618e-06,5.3405761732960855e-05,False,40.233333587646484,12x5x224x224x3,0.0,9.536743306171047e-08,0.0,
00173,train,0,,,1212,30.0,40.4,True,0.0,0,0.0,0.03333333333333333,1.7801920577653618e-06,5.3405761732960855e-05,False,40.36666488647461,12x5x224x224x3,0.0,,,
00893,train,1,20.9,17.767,1224,30.0,40.8,True,0.0,0,0.0,0.03333333333333333,1.7801920577653618e-06,5.3405761732960855e-05,False,40.766666412353516,12x5x224x224x3,0.0,9.536743306171047e-08,0.0,
01444,train,1,19.4,15.9,1203,30.0,40.1,True,0.0,0,0.0,0.03333333333333333,1.7801920577653618e-06,5.3405761732960855e-05,False,40.06666564941406,12x5x224x224x3,0.0,9.536743306171047e-08,0.0,
00832,train,1,20.55,18.048,1203,29.9,40.23411371237459,True,0.0,0,0.0,0.033444816053511704,1.900969543555675e-06,5.683898935231468e-05,False,40.20066833496094,12x5x224x224x3,0.0,9.536743306171047e-08,0.0,
01079,train,1,20.667,17.633,1209,30.0,40.3,True,0.0,0,0.0,0.03333333333333333,1.7801920577653618e-06,5.3405761732960855e-05,False,40.266666412353516,12x5x224x224x3,0.0,9.536743306171047e-08,0.0,
01077,train,1,20.381,19.903,1174,29.2,40.205479452054796,True,0.0,0,0.0,0.03424657534246575,1.8812205695439843e-06,5.493164063068434e-05,False,40.171234130859375,12x5x224x224x3,0.0,9.536743306171047e-08,0.0,
01399,train,1,10.033,8.533,570,30.0,19.0,True,0.0,0,0.0,0.03333333333333333,8.900960288826809e-07,2.6702880866480427e-05,False,18.96666717529297,12x5x224x224x3,0.0,9.536743128535363e-08,0.0,
01132,train,1,19.511,18.008,1227,30.5,40.22950819672131,True,0.0,0,0.0,0.03278688524590164,1.8760806241857608e-06,5.7220459037665705e-05,False,40.196720123291016,12x5x224x224x3,0.0,9.536743306171047e-08,0.0,
00637,train,0,,,1230,30.6,40.19607843137255,True,0.0,0,0.0,0.032679738562091505,1.8948823026221362e-06,5.798339846023737e-05,False,40.16339874267578,12x5x224x224x3,0.0,,,
00077,train,0,,,1210,30.0,40.333333333333336,True,0.0,0,0.0,0.03333333333333333,1.7801920577653618e-06,5.3405761732960855e-05,False,40.29999923706055,12x5x224x224x3,0.0,,,
00511,train,0,,,1205,30.0,40.166666666666664,True,0.0,0,0.0,0.03333333333333333,1.7801920577653618e-06,5.3405761732960855e-05,False,40.13333511352539,12x5x224x224x3,0.0,,,
01438,train,1,21.068,18.431,1201,29.9,40.16722408026756,True,0.0,0,0.0,0.033444816053511704,1.900969543555675e-06,5.683898935231468e-05,False,40.1337776184082,12x5x224x224x3,0.0,9.536743306171047e-08,0.0,
00603,train,0,,,1155,30.0,38.5,True,0.0,0,0.0,0.03333333333333333,1.7801920577653618e-06,5.3405761732960855e-05,False,38.46666717529297,12x5x224x224x3,0.0,,,
01137,train,1,20.2,19.5,1200,30.0,40.0,True,0.0,0,0.0,0.03333333333333333,1.7801920577653618e-06,5.3405761732960855e-05,False,39.96666717529297,12x5x224x224x3,0.0,9.536743306171047e-08,0.0,
00607,train,0,,,1218,30.5,39.9344262295082,True,0.0,0,0.0,0.03278688524590164,1.8760806241857608e-06,5.7220459037665705e-05,False,39.90163803100586,12x5x224x224x3,0.0,,,
00256,train,0,,,1148,30.0,38.266666666666666,True,0.0,0,0.0,0.03333333333333333,1.7801920577653618e-06,5.3405761732960855e-05,False,38.233333587646484,12x5x224x224x3,0.0,,,
01310,train,1,18.967,18.433,1212,30.0,40.4,True,0.0,0,0.0,0.03333333333333333,1.7801920577653618e-06,5.3405761732960855e-05,False,40.36666488647461,12x5x224x224x3,0.0,9.536743306171047e-08,0.0,
01464,train,1,22.377,21.038,1231,30.6,40.228758169934636,True,0.0,0,0.0,0.032679738562091505,1.8948823026221362e-06,5.798339846023737e-05,False,40.19607925415039,12x5x224x224x3,0.0,9.536743306171047e-08,0.0,
00286,train,0,,,1204,30.0,40.13333333333333,True,0.0,0,0.0,0.03333333333333333,1.7801920577653618e-06,5.3405761732960855e-05,False,40.099998474121094,12x5x224x224x3,0.0,,,
00618,train,0,,,1231,30.6,40.228758169934636,True,0.0,0,0.0,0.032679738562091505,1.8948823026221362e-06,5.798339846023737e-05,False,40.19607925415039,12x5x224x224x3,0.0,,,
00048,train,0,,,1240,30.6,40.52287581699346,True,0.0,0,0.0,0.032679738562091505,1.8948823026221362e-06,5.798339846023737e-05,False,40.490196228027344,12x5x224x224x3,0.0,,,
01338,train,1,20.433,19.9,1238,30.0,41.266666666666666,True,0.0,0,0.0,0.03333333333333333,1.7801920577653618e-06,5.3405761732960855e-05,False,41.233333587646484,12x5x224x224x3,0.0,9.536743306171047e-08,0.0,
00624,train,0,,,1183,30.0,39.43333333333333,True,0.0,0,0.0,0.03333333333333333,1.7801920577653618e-06,5.3405761732960855e-05,False,39.400001525878906,12x5x224x224x3,0.0,,,
00794,train,1,19.633,16.833,1218,30.0,40.6,True,0.0,0,0.0,0.03333333333333333,1.7801920577653618e-06,5.3405761732960855e-05,False,40.56666564941406,12x5x224x224x3,0.0,9.536743306171047e-08,0.0,
00250,train,0,,,540,30.0,18.0,True,0.0,0,0.0,0.03333333333333333,8.900960288826809e-07,2.6702880866480427e-05,False,17.96666717529297,12x5x224x224x3,0.0,,,
01206,train,1,20.624,19.873,1232,30.5,40.39344262295082,True,0.0,0,0.0,0.03278688524590164,1.8760806241857608e-06,5.7220459037665705e-05,False,40.36065673828125,12x5x224x224x3,0.0,9.536743306171047e-08,0.0,
00805,train,1,19.933,19.1,1202,30.0,40.06666666666667,True,0.0,0,0.0,0.03333333333333333,1.7801920577653618e-06,5.3405761732960855e-05,False,40.03333282470703,12x5x224x224x3,0.0,9.536743306171047e-08,0.0,
00817,train,1,21.86,19.867,1244,30.6,40.65359477124183,True,0.0,0,0.0,0.032679738562091505,1.8948823026221362e-06,5.798339846023737e-05,False,40.620914459228516,12x5x224x224x3,0.0,9.536743306171047e-08,0.0,
00683,train,0,,,540,30.0,18.0,True,0.0,0,0.0,0.03333333333333333,8.900960288826809e-07,2.6702880866480427e-05,False,17.96666717529297,12x5x224x224x3,0.0,,,
01454,train,1,20.1,18.767,1211,30.0,40.36666666666667,True,0.0,0,0.0,0.03333333333333333,1.7801920577653618e-06,5.3405761732960855e-05,False,40.33333206176758,12x5x224x224x3,0.0,9.536743306171047e-08,0.0,
00839,train,1,20.487,18.852,1211,29.9,40.50167224080268,True,0.0,0,0.0,0.033444816053511704,1.900969543555675e-06,5.683898935231468e-05,False,40.46822738647461,12x5x224x224x3,0.0,9.536743306171047e-08,0.0,
00266,train,0,,,1230,30.0,41.0,True,0.0,0,0.0,0.03333333333333333,1.7801920577653618e-06,5.3405761732960855e-05,False,40.96666717529297,12x5x224x224x3,0.0,,,
00943,train,1,20.733,19.967,1203,30.0,40.1,True,0.0,0,0.0,0.03333333333333333,1.7801920577653618e-06,5.3405761732960855e-05,False,40.06666564941406,12x5x224x224x3,0.0,9.536743306171047e-08,0.0,
00517,train,0,,,1206,29.8,40.46979865771812,True,0.0,0,0.0,0.03355704697986577,1.8945476369935932e-06,5.645751958240908e-05,False,40.436241149902344,12x5x224x224x3,0.0,,,
00569,train,0,,,1231,30.6,40.228758169934636,True,0.0,0,0.0,0.032679738562091505,1.8948823026221362e-06,5.798339846023737e-05,False,40.19607925415039,12x5x224x224x3,0.0,,,
00995,train,1,19.3,18.833,1212,30.0,40.4,True,0.0,0,0.0,0.03333333333333333,1.7801920577653618e-06,5.3405761732960855e-05,False,40.36666488647461,12x5x224x224x3,0.0,9.536743306171047e-08,0.0,
01133,train,1,20.4,17.1,1185,30.0,39.5,True,0.0,0,0.0,0.03333333333333333,1.7801920577653618e-06,5.3405761732960855e-05,False,39.46666717529297,12x5x224x224x3,0.0,9.536743306171047e-08,0.0,
00321,train,0,,,540,30.0,18.0,True,0.0,0,0.0,0.03333333333333333,8.900960288826809e-07,2.6702880866480427e-05,False,17.96666717529297,12x5x224x224x3,0.0,,,
01195,train,1,20.6,17.8,1204,30.0,40.13333333333333,True,0.0,0,0.0,0.03333333333333333,1.7801920577653618e-06,5.3405761732960855e-05,False,40.099998474121094,12x5x224x224x3,0.0,9.536743306171047e-08,0.0,
01241,train,1,19.466,18.061,1174,29.8,39.395973154362416,True,0.0,0,0.0,0.03355704697986577,1.8945476369935932e-06,5.645751958240908e-05,False,39.3624153137207,12x5x224x224x3,0.0,9.536743306171047e-08,0.0,
01176,train,1,20.096,19.017,1225,30.6,40.03267973856209,True,0.0,0,0.0,0.032679738562091505,1.8948823026221362e-06,5.798339846023737e-05,False,40.0,12x5x224x224x3,0.0,9.536743306171047e-08,0.0,
00720,train,0,,,1206,30.0,40.2,True,0.0,0,0.0,0.03333333333333333,1.7801920577653618e-06,5.3405761732960855e-05,False,40.16666793823242,12x5x224x224x3,0.0,,,
00422,train,0,,,1225,30.6,40.03267973856209,True,0.0,0,0.0,0.032679738562091505,1.8948823026221362e-06,5.798339846023737e-05,False,40.0,12x5x224x224x3,0.0,,,
00900,train,1,20.747,20.158,1233,30.6,40.29411764705882,True,0.0,0,0.0,0.032679738562091505,1.8948823026221362e-06,5.798339846023737e-05,False,40.261436462402344,12x5x224x224x3,0.0,9.536743306171047e-08,0.0,
01285,train,1,20.367,19.133,1213,30.0,40.43333333333333,True,0.0,0,0.0,0.03333333333333333,1.7801920577653618e-06,5.3405761732960855e-05,False,40.400001525878906,12x5x224x224x3,0.0,9.536743306171047e-08,0.0,
01005,train,1,20.515,17.871,1199,29.8,40.23489932885906,True,0.0,0,0.0,0.03355704697986577,1.8945476369935932e-06,5.645751958240908e-05,False,40.20134353637695,12x5x224x224x3,0.0,9.536743306171047e-08,0.0,
01376,train,1,18.267,17.1,1179,30.0,39.3,True,0.0,0,0.0,0.03333333333333333,1.7801920577653618e-06,5.3405761732960855e-05,False,39.266666412353516,12x5x224x224x3,0.0,9.536743306171047e-08,0.0,
00232,train,0,,,1207,30.0,40.233333333333334,True,0.0,0,0.0,0.03333333333333333,1.7801920577653618e-06,5.3405761732960855e-05,False,40.20000076293945,12x5x224x224x3,0.0,,,
00120,train,0,,,1201,30.0,40.03333333333333,True,0.0,0,0.0,0.03333333333333333,1.7801920577653618e-06,5.3405761732960855e-05,False,40.0,12x5x224x224x3,0.0,,,
01235,train,1,20.357,18.723,1226,30.6,40.06535947712418,True,0.0,0,0.0,0.032679738562091505,1.8948823026221362e-06,5.798339846023737e-05,False,40.03268051147461,12x5x224x224x3,0.0,9.536743306171047e-08,0.0,
00659,train,0,,,1216,30.0,40.53333333333333,True,0.0,0,0.0,0.03333333333333333,1.7801920577653618e-06,5.3405761732960855e-05,False,40.5,12x5x224x224x3,0.0,,,
01039,train,1,19.067,17.533,1206,30.0,40.2,True,0.0,0,0.0,0.03333333333333333,1.7801920577653618e-06,5.3405761732960855e-05,False,40.16666793823242,12x5x224x224x3,0.0,9.536743306171047e-08,0.0,
01202,train,1,19.335,17.702,1249,30.6,40.81699346405229,True,0.0,0,0.0,0.032679738562091505,1.8948823026221362e-06,5.798339846023737e-05,False,40.7843132019043,12x5x224x224x3,0.0,9.536743306171047e-08,0.0,
00326,train,0,,,1243,30.6,40.62091503267974,True,0.0,0,0.0,0.032679738562091505,1.8948823026221362e-06,5.798339846023737e-05,False,40.588233947753906,12x5x224x224x3,0.0,,,
00643,train,0,,,1211,30.5,39.704918032786885,True,0.0,0,0.0,0.03278688524590164,1.8760806241857608e-06,5.7220459037665705e-05,False,39.6721305847168,12x5x224x224x3,0.0,,,
00557,train,0,,,1200,30.0,40.0,True,0.0,0,0.0,0.03333333333333333,1.7801920577653618e-06,5.3405761732960855e-05,False,39.96666717529297,12x5x224x224x3,0.0,,,
00657,train,0,,,1207,30.0,40.233333333333334,True,0.0,0,0.0,0.03333333333333333,1.7801920577653618e-06,5.3405761732960855e-05,False,40.20000076293945,12x5x224x224x3,0.0,,,
00088,train,0,,,1199,29.9,40.10033444816054,True,0.0,0,0.0,0.033444816053511704,1.900969543555675e-06,5.683898935231468e-05,False,40.066890716552734,12x5x224x224x3,0.0,,,
00952,train,1,19.533,16.9,1203,30.0,40.1,True,0.0,0,0.0,0.03333333333333333,1.7801920577653618e-06,5.3405761732960855e-05,False,40.06666564941406,12x5x224x224x3,0.0,9.536743306171047e-08,0.0,
00902,train,1,18.394,17.456,1166,29.8,39.127516778523486,True,0.0,0,0.0,0.03355704697986577,1.8945476369935932e-06,5.645751958240908e-05,False,39.09395980834961,12x5x224x224x3,0.0,9.536743306171047e-08,0.0,
01333,train,1,19.183,18.267,1201,30.0,40.03333333333333,True,0.0,0,0.0,0.03333333333333333,1.7801920577653618e-06,5.3405761732960855e-05,False,40.0,12x5x224x224x3,0.0,9.536743306171047e-08,0.0,
01135,train,1,20.267,18.567,1213,30.0,40.43333333333333,True,0.0,0,0.0,0.03333333333333333,1.7801920577653618e-06,5.3405761732960855e-05,False,40.400001525878906,12x5x224x224x3,0.0,9.536743306171047e-08,0.0,
00938,train,1,19.85,18.133,1214,30.0,40.46666666666667,True,0.0,0,0.0,0.03333333333333333,1.7801920577653618e-06,5.3405761732960855e-05,False,40.43333435058594,12x5x224x224x3,0.0,9.536743306171047e-08,0.0,
00768,train,1,21.864,20.197,1237,30.5,40.557377049180324,True,0.0,0,0.0,0.03278688524590164,1.8760806241857608e-06,5.7220459037665705e-05,False,40.52458953857422,12x5x224x224x3,0.0,9.536743306171047e-08,0.0,
00111,train,0,,,1235,30.5,40.49180327868852,True,0.0,0,0.0,0.03278688524590164,1.8760806241857608e-06,5.7220459037665705e-05,False,40.459014892578125,12x5x224x224x3,0.0,,,
00436,train,0,,,1217,30.0,40.56666666666667,True,0.0,0,0.0,0.03333333333333333,1.7801920577653618e-06,5.3405761732960855e-05,False,40.53333282470703,12x5x224x224x3,0.0,,,
00626,train,0,,,1228,30.5,40.26229508196721,True,0.0,0,0.0,0.03278688524590164,1.8760806241857608e-06,5.7220459037665705e-05,False,40.22950744628906,12x5x224x224x3,0.0,,,
01009,train,1,20.833,19.433,1220,30.0,40.666666666666664,True,0.0,0,0.0,0.03333333333333333,1.7801920577653618e-06,5.3405761732960855e-05,False,40.63333511352539,12x5x224x224x3,0.0,9.536743306171047e-08,0.0,
01342,train,1,20.033,18.6,1217,30.0,40.56666666666667,True,0.0,0,0.0,0.03333333333333333,1.7801920577653618e-06,5.3405761732960855e-05,False,40.53333282470703,12x5x224x224x3,0.0,9.536743306171047e-08,0.0,
00247,train,0,,,1175,30.0,39.166666666666664,True,0.0,0,0.0,0.03333333333333333,1.7801920577653618e-06,5.3405761732960855e-05,False,39.13333511352539,12x5x224x224x3,0.0,,,
00766,train,1,19.967,17.867,1220,30.0,40.666666666666664,True,0.0,0,0.0,0.03333333333333333,1.7801920577653618e-06,5.3405761732960855e-05,False,40.63333511352539,12x5x224x224x3,0.0,9.536743306171047e-08,0.0,
01091,train,1,19.993,19.144,1233,30.6,40.29411764705882,True,0.0,0,0.0,0.032679738562091505,1.8948823026221362e-06,5.798339846023737e-05,False,40.261436462402344,12x5x224x224x3,0.0,9.536743306171047e-08,0.0,
00888,train,1,20.833,18.867,1224,30.0,40.8,True,0.0,0,0.0,0.03333333333333333,1.7801920577653618e-06,5.3405761732960855e-05,False,40.766666412353516,12x5x224x224x3,0.0,9.536743306171047e-08,0.0,
00615,train,0,,,1232,30.6,40.26143790849673,True,0.0,0,0.0,0.032679738562091505,1.8948823026221362e-06,5.798339846023737e-05,False,40.228759765625,12x5x224x224x3,0.0,,,
01016,train,1,19.221,17.31,1233,30.6,40.29411764705882,True,0.0,0,0.0,0.032679738562091505,1.8948823026221362e-06,5.798339846023737e-05,False,40.261436462402344,12x5x224x224x3,0.0,9.536743306171047e-08,0.0,
00527,train,0,,,1226,30.5,40.19672131147541,True,0.0,0,0.0,0.03278688524590164,1.8760806241857608e-06,5.7220459037665705e-05,False,40.16393280029297,12x5x224x224x3,0.0,,,
01297,train,1,21.633,19.833,1200,30.0,40.0,True,0.0,0,0.0,0.03333333333333333,1.7801920577653618e-06,5.3405761732960855e-05,False,39.96666717529297,12x5x224x224x3,0.0,9.536743306171047e-08,0.0,
00981,train,1,9.796,6.997,540,30.0,18.0,True,0.0,0,0.0,0.03333333333333333,8.900960288826809e-07,2.6702880866480427e-05,False,17.96666717529297,12x5x224x224x3,0.0,9.536743128535363e-08,0.0,
01081,train,1,20.168,19.431,1193,29.8,40.033557046979865,True,0.0,0,0.0,0.03355704697986577,1.8945476369935932e-06,5.645751958240908e-05,False,40.0,12x5x224x224x3,0.0,9.536743306171047e-08,0.0,
00434,train,0,,,1206,29.9,40.33444816053512,True,0.0,0,0.0,0.033444816053511704,1.900969543555675e-06,5.683898935231468e-05,False,40.301002502441406,12x5x224x224x3,0.0,,,
00867,train,1,20.449,18.26,1187,30.6,38.790849673202615,True,0.0,0,0.0,0.032679738562091505,1.8948823026221362e-06,5.798339846023737e-05,False,38.75817108154297,12x5x224x224x3,0.0,9.536743306171047e-08,0.0,
00420,train,0,,,1206,30.0,40.2,True,0.0,0,0.0,0.03333333333333333,1.7801920577653618e-06,5.3405761732960855e-05,False,40.16666793823242,12x5x224x224x3,0.0,,,
00056,train,0,,,1233,30.6,40.29411764705882,True,0.0,0,0.0,0.032679738562091505,1.8948823026221362e-06,5.798339846023737e-05,False,40.261436462402344,12x5x224x224x3,0.0,,,
00819,train,1,19.533,19.233,1202,30.0,40.06666666666667,True,0.0,0,0.0,0.03333333333333333,1.7801920577653618e-06,5.3405761732960855e-05,False,40.03333282470703,12x5x224x224x3,0.0,9.536743306171047e-08,0.0,
00912,train,1,20.05,19.333,1223,30.0,40.766666666666666,True,0.0,0,0.0,0.03333333333333333,1.7801920577653618e-06,5.3405761732960855e-05,False,40.733333587646484,12x5x224x224x3,0.0,9.536743306171047e-08,0.0,
00901,train,1,20.533,19.133,1203,30.0,40.1,True,0.0,0,0.0,0.03333333333333333,1.7801920577653618e-06,5.3405761732960855e-05,False,40.06666564941406,12x5x224x224x3,0.0,9.536743306171047e-08,0.0,
01240,train,1,19.067,17.233,1180,30.0,39.333333333333336,True,0.0,0,0.0,0.03333333333333333,1.7801920577653618e-06,5.3405761732960855e-05,False,39.29999923706055,12x5x224x224x3,0.0,9.536743306171047e-08,0.0,
00611,train,0,,,1194,30.0,39.8,True,0.0,0,0.0,0.03333333333333333,1.7801920577653618e-06,5.3405761732960855e-05,False,39.766666412353516,12x5x224x224x3,0.0,,,
00927,train,1,19.0,17.667,1189,30.0,39.63333333333333,True,0.0,0,0.0,0.03333333333333333,1.7801920577653618e-06,5.3405761732960855e-05,False,39.599998474121094,12x5x224x224x3,0.0,9.536743306171047e-08,0.0,
00211,train,0,,,1202,30.0,40.06666666666667,True,0.0,0,0.0,0.03333333333333333,1.7801920577653618e-06,5.3405761732960855e-05,False,40.03333282470703,12x5x224x224x3,0.0,,,
00512,train,0,,,1162,29.0,40.06896551724138,True,0.0,0,0.0,0.034482758620689655,1.8415779905467389e-06,5.340576172585543e-05,False,40.034481048583984,12x5x224x224x3,0.0,,,
00765,train,1,20.706,16.493,1249,30.6,40.81699346405229,True,0.0,0,0.0,0.032679738562091505,1.8948823026221362e-06,5.798339846023737e-05,False,40.7843132019043,12x5x224x224x3,0.0,9.536743306171047e-08,0.0,
00831,train,1,20.733,19.533,1209,30.0,40.3,True,0.0,0,0.0,0.03333333333333333,1.7801920577653618e-06,5.3405761732960855e-05,False,40.266666412353516,12x5x224x224x3,0.0,9.536743306171047e-08,0.0,
00753,train,1,19.267,18.333,1208,30.0,40.266666666666666,True,0.0,0,0.0,0.03333333333333333,1.7801920577653618e-06,5.3405761732960855e-05,False,40.233333587646484,12x5x224x224x3,0.0,9.536743306171047e-08,0.0,
00468,train,0,,,1202,30.0,40.06666666666667,True,0.0,0,0.0,0.03333333333333333,1.7801920577653618e-06,5.3405761732960855e-05,False,40.03333282470703,12x5x224x224x3,0.0,,,
00928,train,1,19.004,17.398,1201,29.8,40.30201342281879,True,0.0,0,0.0,0.03355704697986577,1.8945476369935932e-06,5.645751958240908e-05,False,40.268455505371094,12x5x224x224x3,0.0,9.536743306171047e-08,0.0,
01411,train,1,10.199,8.999,570,30.0,19.0,True,0.0,0,0.0,0.03333333333333333,8.900960288826809e-07,2.6702880866480427e-05,False,18.96666717529297,12x5x224x224x3,0.0,9.536743128535363e-08,0.0,
00627,train,0,,,1231,30.6,40.228758169934636,True,0.0,0,0.0,0.032679738562091505,1.8948823026221362e-06,5.798339846023737e-05,False,40.19607925415039,12x5x224x224x3,0.0,,,
00956,train,1,18.32,16.651,1227,30.5,40.22950819672131,True,0.0,0,0.0,0.03278688524590164,1.8760806241857608e-06,5.7220459037665705e-05,False,40.196720123291016,12x5x224x224x3,0.0,9.536743306171047e-08,0.0,
01381,train,1,20.149,19.692,1228,30.6,40.130718954248366,True,0.0,0,0.0,0.032679738562091505,1.8948823026221362e-06,5.798339846023737e-05,False,40.09803771972656,12x5x224x224x3,0.0,9.536743306171047e-08,0.0,
00050,train,0,,,1165,30.0,38.833333333333336,True,0.0,0,0.0,0.03333333333333333,1.7801920577653618e-06,5.3405761732960855e-05,False,38.79999923706055,12x5x224x224x3,0.0,,,
00711,train,0,,,1195,29.8,40.100671140939596,True,0.0,0,0.0,0.03355704697986577,1.8945476369935932e-06,5.645751958240908e-05,False,40.067115783691406,12x5x224x224x3,0.0,,,
00551,train,0,,,1237,30.6,40.424836601307184,True,0.0,0,0.0,0.032679738562091505,1.8948823026221362e-06,5.798339846023737e-05,False,40.39215850830078,12x5x224x224x3,0.0,,,
00737,train,0,,,1131,30.0,37.7,True,0.0,0,0.0,0.03333333333333333,1.7801920577653618e-06,5.3405761732960855e-05,False,37.66666793823242,12x5x224x224x3,0.0,,,
00496,train,0,,,1180,30.0,39.333333333333336,True,0.0,0,0.0,0.03333333333333333,1.7801920577653618e-06,5.3405761732960855e-05,False,39.29999923706055,12x5x224x224x3,0.0,,,
00742,train,0,,,1224,30.0,40.8,True,0.0,0,0.0,0.03333333333333333,1.7801920577653618e-06,5.3405761732960855e-05,False,40.766666412353516,12x5x224x224x3,0.0,,,
00774,train,1,19.709,18.794,1286,30.5,42.16393442622951,True,0.0,0,0.0,0.03278688524590164,1.8760806241857608e-06,5.7220459037665705e-05,False,42.13114929199219,12x5x224x224x3,0.0,9.536743306171047e-08,0.0,
01106,train,1,20.233,15.767,1265,30.0,42.166666666666664,True,0.0,0,0.0,0.03333333333333333,1.7801920577653618e-06,5.3405761732960855e-05,False,42.13333511352539,12x5x224x224x3,0.0,9.536743306171047e-08,0.0,
00950,train,1,10.159,7.694,540,30.0,18.0,True,0.0,0,0.0,0.03333333333333333,8.900960288826809e-07,2.6702880866480427e-05,False,17.96666717529297,12x5x224x224x3,0.0,9.536743128535363e-08,0.0,
01489,train,1,20.515,19.618,1220,30.0,40.666666666666664,True,0.0,0,0.0,0.03333333333333333,1.7801920577653618e-06,5.3405761732960855e-05,False,40.63333511352539,12x5x224x224x3,0.0,9.536743306171047e-08,0.0,
00811,train,1,19.52,15.449,1191,29.9,39.83277591973244,True,0.0,0,0.0,0.033444816053511704,1.900969543555675e-06,5.683898935231468e-05,False,39.79933166503906,12x5x224x224x3,0.0,9.536743306171047e-08,0.0,
00073,train,0,,,931,23.6,39.44915254237288,True,0.0,0,0.0,0.0423728813559322,1.8750206933759728e-06,4.425048836367296e-05,False,39.40678024291992,12x5x224x224x3,0.0,,,
00219,train,0,,,570,30.0,19.0,True,0.0,0,0.0,0.03333333333333333,8.900960288826809e-07,2.6702880866480427e-05,False,18.96666717529297,12x5x224x224x3,0.0,,,
00072,train,0,,,1202,30.0,40.06666666666667,True,0.0,0,0.0,0.03333333333333333,1.7801920577653618e-06,5.3405761732960855e-05,False,40.03333282470703,12x5x224x224x3,0.0,,,
00739,train,0,,,1180,30.0,39.333333333333336,True,0.0,0,0.0,0.03333333333333333,1.7801920577653618e-06,5.3405761732960855e-05,False,39.29999923706055,12x5x224x224x3,0.0,,,
00751,train,1,19.8,19.233,1297,30.0,43.233333333333334,True,0.0,0,0.0,0.03333333333333333,1.7801920577653618e-06,5.3405761732960855e-05,False,43.20000076293945,12x5x224x224x3,0.0,9.536743306171047e-08,0.0,
01392,train,1,19.967,17.5,1205,30.0,40.166666666666664,True,0.0,0,0.0,0.03333333333333333,1.7801920577653618e-06,5.3405761732960855e-05,False,40.13333511352539,12x5x224x224x3,0.0,9.536743306171047e-08,0.0,
00733,train,0,,,1359,30.0,45.3,True,0.0,0,0.0,0.03333333333333333,1.7801920577653618e-06,5.3405761732960855e-05,False,45.266666412353516,12x5x224x224x3,0.0,,,
00082,train,0,,,1211,30.0,40.36666666666667,True,0.0,0,0.0,0.03333333333333333,1.7801920577653618e-06,5.3405761732960855e-05,False,40.33333206176758,12x5x224x224x3,0.0,,,
00741,train,0,,,1149,30.0,38.3,True,0.0,0,0.0,0.03333333333333333,1.7801920577653618e-06,5.3405761732960855e-05,False,38.266666412353516,12x5x224x224x3,0.0,,,
01328,train,1,10.296,8.897,420,30.0,14.0,True,0.0,0,0.0,0.03333333333333333,4.4504801444134046e-07,1.3351440433240214e-05,False,13.966666221618652,12x5x224x224x3,0.0,9.536743128535363e-08,0.0,
01261,train,1,20.167,18.233,1205,30.0,40.166666666666664,True,0.0,0,0.0,0.03333333333333333,1.7801920577653618e-06,5.3405761732960855e-05,False,40.13333511352539,12x5x224x224x3,0.0,9.536743306171047e-08,0.0,
00705,train,0,,,540,30.0,18.0,True,0.0,0,0.0,0.03333333333333333,8.900960288826809e-07,2.6702880866480427e-05,False,17.96666717529297,12x5x224x224x3,0.0,,,
01379,train,1,19.3,17.767,1209,30.0,40.3,True,0.0,0,0.0,0.03333333333333333,1.7801920577653618e-06,5.3405761732960855e-05,False,40.266666412353516,12x5x224x224x3,0.0,9.536743306171047e-08,0.0,
01216,train,1,18.714,14.533,1236,30.6,40.3921568627451,True,0.0,0,0.0,0.032679738562091505,1.8948823026221362e-06,5.798339846023737e-05,False,40.35947799682617,12x5x224x224x3,0.0,9.536743306171047e-08,0.0,
00442,train,0,,,1203,30.0,40.1,True,0.0,0,0.0,0.03333333333333333,1.7801920577653618e-06,5.3405761732960855e-05,False,40.06666564941406,12x5x224x224x3,0.0,,,
00239,train,0,,,1232,30.0,41.06666666666667,True,0.0,0,0.0,0.03333333333333333,1.7801920577653618e-06,5.3405761732960855e-05,False,41.03333282470703,12x5x224x224x3,0.0,,,
01353,train,1,20.317,18.815,1225,30.6,40.03267973856209,True,0.0,0,0.0,0.032679738562091505,1.8948823026221362e-06,5.798339846023737e-05,False,40.0,12x5x224x224x3,0.0,9.536743306171047e-08,0.0,
01100,train,1,19.933,18.867,1205,30.0,40.166666666666664,True,0.0,0,0.0,0.03333333333333333,1.7801920577653618e-06,5.3405761732960855e-05,False,40.13333511352539,12x5x224x224x3,0.0,9.536743306171047e-08,0.0,
01456,train,1,9.225,7.726,540,30.0,18.0,True,0.0,0,0.0,0.03333333333333333,8.900960288826809e-07,2.6702880866480427e-05,False,17.96666717529297,12x5x224x224x3,0.0,9.536743128535363e-08,0.0,
01323,train,1,19.067,17.867,1184,30.0,39.46666666666667,True,0.0,0,0.0,0.03333333333333333,1.7801920577653618e-06,5.3405761732960855e-05,False,39.43333435058594,12x5x224x224x3,0.0,9.536743306171047e-08,0.0,
01485,train,1,20.033,18.1,1208,30.0,40.266666666666666,True,0.0,0,0.0,0.03333333333333333,1.7801920577653618e-06,5.3405761732960855e-05,False,40.233333587646484,12x5x224x224x3,0.0,9.536743306171047e-08,0.0,
00674,train,0,,,1204,29.9,40.2675585284281,True,0.0,0,0.0,0.033444816053511704,1.900969543555675e-06,5.683898935231468e-05,False,40.23411560058594,12x5x224x224x3,0.0,,,
00651,train,0,,,570,30.0,19.0,True,0.0,0,0.0,0.03333333333333333,8.900960288826809e-07,2.6702880866480427e-05,False,18.96666717529297,12x5x224x224x3,0.0,,,
00745,train,0,,,1197,30.0,39.9,True,0.0,0,0.0,0.03333333333333333,1.7801920577653618e-06,5.3405761732960855e-05,False,39.86666488647461,12x5x224x224x3,0.0,,,
01234,train,1,19.5,18.233,1207,30.0,40.233333333333334,True,0.0,0,0.0,0.03333333333333333,1.7801920577653618e-06,5.3405761732960855e-05,False,40.20000076293945,12x5x224x224x3,0.0,9.536743306171047e-08,0.0,
00825,train,1,17.671,16.364,1152,30.6,37.64705882352941,True,0.0,0,0.0,0.032679738562091505,1.8948823026221362e-06,5.798339846023737e-05,False,37.6143798828125,12x5x224x224x3,0.0,9.536743306171047e-08,0.0,
00763,train,1,20.133,19.067,1207,30.0,40.233333333333334,True,0.0,0,0.0,0.03333333333333333,1.7801920577653618e-06,5.3405761732960855e-05,False,40.20000076293945,12x5x224x224x3,0.0,9.536743306171047e-08,0.0,
01386,train,1,18.733,18.533,1204,30.0,40.13333333333333,True,0.0,0,0.0,0.03333333333333333,1.7801920577653618e-06,5.3405761732960855e-05,False,40.099998474121094,12x5x224x224x3,0.0,9.536743306171047e-08,0.0,
01024,train,1,19.883,18.7,1224,30.0,40.8,True,0.0,0,0.0,0.03333333333333333,1.7801920577653618e-06,5.3405761732960855e-05,False,40.766666412353516,12x5x224x224x3,0.0,9.536743306171047e-08,0.0,
00518,train,0,,,540,30.0,18.0,True,0.0,0,0.0,0.03333333333333333,8.900960288826809e-07,2.6702880866480427e-05,False,17.96666717529297,12x5x224x224x3,0.0,,,
00083,train,0,,,570,30.0,19.0,True,0.0,0,0.0,0.03333333333333333,8.900960288826809e-07,2.6702880866480427e-05,False,18.96666717529297,12x5x224x224x3,0.0,,,
00782,train,1,17.647,15.229,1148,30.6,37.51633986928105,True,0.0,0,0.0,0.032679738562091505,1.8948823026221362e-06,5.798339846023737e-05,False,37.48366165161133,12x5x224x224x3,0.0,9.536743306171047e-08,0.0,
00609,train,0,,,1204,30.6,39.346405228758165,True,0.0,0,0.0,0.032679738562091505,1.8948823026221362e-06,5.798339846023737e-05,False,39.313724517822266,12x5x224x224x3,0.0,,,
00060,train,0,,,1206,29.9,40.33444816053512,True,0.0,0,0.0,0.033444816053511704,1.900969543555675e-06,5.683898935231468e-05,False,40.301002502441406,12x5x224x224x3,0.0,,,
00235,train,0,,,1139,29.0,39.275862068965516,True,0.0,0,0.0,0.034482758620689655,1.8415779905467389e-06,5.340576172585543e-05,False,39.24137878417969,12x5x224x224x3,0.0,,,
00886,train,1,20.047,18.38,1230,30.5,40.32786885245902,True,0.0,0,0.0,0.03278688524590164,1.8760806241857608e-06,5.7220459037665705e-05,False,40.295082092285156,12x5x224x224x3,0.0,9.536743306171047e-08,0.0,
00788,train,1,19.601,17.347,1230,30.6,40.19607843137255,True,0.0,0,0.0,0.032679738562091505,1.8948823026221362e-06,5.798339846023737e-05,False,40.16339874267578,12x5x224x224x3,0.0,9.536743306171047e-08,0.0,
00849,train,1,19.806,18.611,1195,30.1,39.70099667774086,True,0.0,0,0.0,0.03322259136212624,1.9010119274298631e-06,5.7220459015638884e-05,False,39.66777420043945,12x5x224x224x3,0.0,9.536743306171047e-08,0.0,
00011,train,0,,,1068,27.1,39.40959409594096,True,0.0,0,0.0,0.03690036900369004,1.9003104512194113e-06,5.149841322804605e-05,False,39.3726921081543,12x5x224x224x3,0.0,,,
00297,train,0,,,540,30.0,18.0,True,0.0,0,0.0,0.03333333333333333,8.900960288826809e-07,2.6702880866480427e-05,False,17.96666717529297,12x5x224x224x3,0.0,,,
00393,train,0,,,1351,30.0,45.03333333333333,True,0.0,0,0.0,0.03333333333333333,1.7801920577653618e-06,5.3405761732960855e-05,False,45.0,12x5x224x224x3,0.0,,,
00689,train,0,,,1152,29.0,39.724137931034484,True,0.0,0,0.0,0.034482758620689655,1.8415779905467389e-06,5.340576172585543e-05,False,39.68965530395508,12x5x224x224x3,0.0,,,
00177,train,0,,,1211,30.6,39.57516339869281,True,0.0,0,0.0,0.032679738562091505,1.8948823026221362e-06,5.798339846023737e-05,False,39.542484283447266,12x5x224x224x3,0.0,,,
00094,train,0,,,1205,30.0,40.166666666666664,True,0.0,0,0.0,0.03333333333333333,1.7801920577653618e-06,5.3405761732960855e-05,False,40.13333511352539,12x5x224x224x3,0.0,,,
00878,train,1,20.767,17.667,1209,30.0,40.3,True,0.0,0,0.0,0.03333333333333333,1.7801920577653618e-06,5.3405761732960855e-05,False,40.266666412353516,12x5x224x224x3,0.0,9.536743306171047e-08,0.0,
01470,train,1,20.533,19.4,1210,30.0,40.333333333333336,True,0.0,0,0.0,0.03333333333333333,1.7801920577653618e-06,5.3405761732960855e-05,False,40.29999923706055,12x5x224x224x3,0.0,9.536743306171047e-08,0.0,
00041,train,0,,,1206,30.0,40.2,True,0.0,0,0.0,0.03333333333333333,1.7801920577653618e-06,5.3405761732960855e-05,False,40.16666793823242,12x5x224x224x3,0.0,,,
00446,train,0,,,1188,29.9,39.73244147157191,True,0.0,0,0.0,0.033444816053511704,1.900969543555675e-06,5.683898935231468e-05,False,39.698997497558594,12x5x224x224x3,0.0,,,
00721,train,0,,,540,30.0,18.0,True,0.0,0,0.0,0.03333333333333333,8.900960288826809e-07,2.6702880866480427e-05,False,17.96666717529297,12x5x224x224x3,0.0,,,
01276,train,1,20.367,16.533,1227,30.0,40.9,True,0.0,0,0.0,0.03333333333333333,1.7801920577653618e-06,5.3405761732960855e-05,False,40.86666488647461,12x5x224x224x3,0.0,9.536743306171047e-08,0.0,
01433,train,1,21.133,20.0,1219,30.0,40.63333333333333,True,0.0,0,0.0,0.03333333333333333,1.7801920577653618e-06,5.3405761732960855e-05,False,40.599998474121094,12x5x224x224x3,0.0,9.536743306171047e-08,0.0,
01368,train,1,19.903,18.742,1239,31.0,39.96774193548387,True,0.0,0,0.0,0.03225806451612903,1.8458212593941425e-06,5.722045904121842e-05,False,39.935482025146484,12x5x224x224x3,0.0,9.536743306171047e-08,0.0,
01486,train,1,20.567,19.433,1212,30.0,40.4,True,0.0,0,0.0,0.03333333333333333,1.7801920577653618e-06,5.3405761732960855e-05,False,40.36666488647461,12x5x224x224x3,0.0,9.536743306171047e-08,0.0,
00694,train,0,,,1207,30.0,40.233333333333334,True,0.0,0,0.0,0.03333333333333333,1.7801920577653618e-06,5.3405761732960855e-05,False,40.20000076293945,12x5x224x224x3,0.0,,,
01093,train,1,17.3,16.7,1226,30.0,40.86666666666667,True,0.0,0,0.0,0.03333333333333333,1.7801920577653618e-06,5.3405761732960855e-05,False,40.83333206176758,12x5x224x224x3,0.0,9.536743306171047e-08,0.0,
01082,train,1,19.771,17.861,1210,29.8,40.604026845637584,True,0.0,0,0.0,0.03355704697986577,1.8945476369935932e-06,5.645751958240908e-05,False,40.57046890258789,12x5x224x224x3,0.0,9.536743306171047e-08,0.0,
00966,train,1,19.7,17.667,1208,30.0,40.266666666666666,True,0.0,0,0.0,0.03333333333333333,1.7801920577653618e-06,5.3405761732960855e-05,False,40.233333587646484,12x5x224x224x3,0.0,9.536743306171047e-08,0.0,
01023,train,1,19.3,18.367,1222,30.0,40.733333333333334,True,0.0,0,0.0,0.03333333333333333,1.7801920577653618e-06,5.3405761732960855e-05,False,40.70000076293945,12x5x224x224x3,0.0,9.536743306171047e-08,0.0,
00519,train,0,,,1209,30.0,40.3,True,0.0,0,0.0,0.03333333333333333,1.7801920577653618e-06,5.3405761732960855e-05,False,40.266666412353516,12x5x224x224x3,0.0,,,
01467,train,1,18.117,16.419,1227,30.6,40.09803921568627,True,0.0,0,0.0,0.032679738562091505,1.8948823026221362e-06,5.798339846023737e-05,False,40.06536102294922,12x5x224x224x3,0.0,9.536743306171047e-08,0.0,
00597,train,0,,,540,30.0,18.0,True,0.0,0,0.0,0.03333333333333333,8.900960288826809e-07,2.6702880866480427e-05,False,17.96666717529297,12x5x224x224x3,0.0,,,
00921,train,1,21.352,19.85,1231,30.6,40.228758169934636,True,0.0,0,0.0,0.032679738562091505,1.8948823026221362e-06,5.798339846023737e-05,False,40.19607925415039,12x5x224x224x3,0.0,9.536743306171047e-08,0.0,
00331,train,0,,,1215,29.9,40.635451505016725,True,0.0,0,0.0,0.033444816053511704,1.900969543555675e-06,5.683898935231468e-05,False,40.60200500488281,12x5x224x224x3,0.0,,,
00139,train,0,,,1209,30.0,40.3,True,0.0,0,0.0,0.03333333333333333,1.7801920577653618e-06,5.3405761732960855e-05,False,40.266666412353516,12x5x224x224x3,0.0,,,
00975,train,1,20.878,18.591,1227,30.6,40.09803921568627,True,0.0,0,0.0,0.032679738562091505,1.8948823026221362e-06,5.798339846023737e-05,False,40.06536102294922,12x5x224x224x3,0.0,9.536743306171047e-08,0.0,
01423,train,1,18.4,15.433,1155,30.0,38.5,True,0.0,0,0.0,0.03333333333333333,1.7801920577653618e-06,5.3405761732960855e-05,False,38.46666717529297,12x5x224x224x3,0.0,9.536743306171047e-08,0.0,
00848,train,1,19.4,18.9,1211,30.0,40.36666666666667,True,0.0,0,0.0,0.03333333333333333,1.7801920577653618e-06,5.3405761732960855e-05,False,40.33333206176758,12x5x224x224x3,0.0,9.536743306171047e-08,0.0,
00514,train,0,,,1176,30.0,39.2,True,0.0,0,0.0,0.03333333333333333,1.7801920577653618e-06,5.3405761732960855e-05,False,39.16666793823242,12x5x224x224x3,0.0,,,
01094,train,1,20.033,17.295,1203,29.9,40.23411371237459,True,0.0,0,0.0,0.033444816053511704,1.900969543555675e-06,5.683898935231468e-05,False,40.20066833496094,12x5x224x224x3,0.0,9.536743306171047e-08,0.0,
00497,train,0,,,1193,30.0,39.766666666666666,True,0.0,0,0.0,0.03333333333333333,1.7801920577653618e-06,5.3405761732960855e-05,False,39.733333587646484,12x5x224x224x3,0.0,,,
01020,train,1,19.433,18.333,1219,30.0,40.63333333333333,True,0.0,0,0.0,0.03333333333333333,1.7801920577653618e-06,5.3405761732960855e-05,False,40.599998474121094,12x5x224x224x3,0.0,9.536743306171047e-08,0.0,
00576,train,0,,,1204,30.0,40.13333333333333,True,0.0,0,0.0,0.03333333333333333,1.7801920577653618e-06,5.3405761732960855e-05,False,40.099998474121094,12x5x224x224x3,0.0,,,
00973,train,1,21.133,17.033,1210,30.0,40.333333333333336,True,0.0,0,0.0,0.03333333333333333,1.7801920577653618e-06,5.3405761732960855e-05,False,40.29999923706055,12x5x224x224x3,0.0,9.536743306171047e-08,0.0,
00084,train,0,,,1210,30.0,40.333333333333336,True,0.0,0,0.0,0.03333333333333333,1.7801920577653618e-06,5.3405761732960855e-05,False,40.29999923706055,12x5x224x224x3,0.0,,,
00960,train,1,20.533,17.267,1226,30.0,40.86666666666667,True,0.0,0,0.0,0.03333333333333333,1.7801920577653618e-06,5.3405761732960855e-05,False,40.83333206176758,12x5x224x224x3,0.0,9.536743306171047e-08,0.0,
01387,train,1,20.211,17.24,1212,30.6,39.6078431372549,True,0.0,0,0.0,0.032679738562091505,1.8948823026221362e-06,5.798339846023737e-05,False,39.575164794921875,12x5x224x224x3,0.0,9.536743306171047e-08,0.0,
00158,train,0,,,540,30.0,18.0,True,0.0,0,0.0,0.03333333333333333,8.900960288826809e-07,2.6702880866480427e-05,False,17.96666717529297,12x5x224x224x3,0.0,,,
00181,train,0,,,1228,30.6,40.130718954248366,True,0.0,0,0.0,0.032679738562091505,1.8948823026221362e-06,5.798339846023737e-05,False,40.09803771972656,12x5x224x224x3,0.0,,,
00881,train,1,20.333,19.1,1201,30.0,40.03333333333333,True,0.0,0,0.0,0.03333333333333333,1.7801920577653618e-06,5.3405761732960855e-05,False,40.0,12x5x224x224x3,0.0,9.536743306171047e-08,0.0,
01102,train,1,18.933,18.6,1201,30.0,40.03333333333333,True,0.0,0,0.0,0.03333333333333333,1.7801920577653618e-06,5.3405761732960855e-05,False,40.0,12x5x224x224x3,0.0,9.536743306171047e-08,0.0,
01447,train,1,20.433,19.333,1212,30.0,40.4,True,0.0,0,0.0,0.03333333333333333,1.7801920577653618e-06,5.3405761732960855e-05,False,40.36666488647461,12x5x224x224x3,0.0,9.536743306171047e-08,0.0,
00662,train,0,,,1279,30.6,41.79738562091503,True,0.0,0,0.0,0.032679738562091505,1.8948823026221362e-06,5.798339846023737e-05,False,41.764705657958984,12x5x224x224x3,0.0,,,
00176,train,0,,,1213,30.0,40.43333333333333,True,0.0,0,0.0,0.03333333333333333,1.7801920577653618e-06,5.3405761732960855e-05,False,40.400001525878906,12x5x224x224x3,0.0,,,
00407,train,0,,,1225,30.6,40.03267973856209,True,0.0,0,0.0,0.032679738562091505,1.8948823026221362e-06,5.798339846023737e-05,False,40.0,12x5x224x224x3,0.0,,,
00429,train,0,,,1218,30.5,39.9344262295082,True,0.0,0,0.0,0.03278688524590164,1.8760806241857608e-06,5.7220459037665705e-05,False,39.90163803100586,12x5x224x224x3,0.0,,,
01218,train,1,19.067,17.6,1215,30.0,40.5,True,0.0,0,0.0,0.03333333333333333,1.7801920577653618e-06,5.3405761732960855e-05,False,40.46666717529297,12x5x224x224x3,0.0,9.536743306171047e-08,0.0,
00144,train,0,,,1202,30.0,40.06666666666667,True,0.0,0,0.0,0.03333333333333333,1.7801920577653618e-06,5.3405761732960855e-05,False,40.03333282470703,12x5x224x224x3,0.0,,,
00513,train,0,,,1231,30.5,40.36065573770492,True,0.0,0,0.0,0.03278688524590164,1.8760806241857608e-06,5.7220459037665705e-05,False,40.3278694152832,12x5x224x224x3,0.0,,,
00500,train,0,,,1215,29.8,40.77181208053691,True,0.0,0,0.0,0.03355704697986577,1.8945476369935932e-06,5.645751958240908e-05,False,40.73825454711914,12x5x224x224x3,0.0,,,
00342,train,0,,,1227,30.0,40.9,True,0.0,0,0.0,0.03333333333333333,1.7801920577653618e-06,5.3405761732960855e-05,False,40.86666488647461,12x5x224x224x3,0.0,,,
00186,train,0,,,1209,30.0,40.3,True,0.0,0,0.0,0.03333333333333333,1.7801920577653618e-06,5.3405761732960855e-05,False,40.266666412353516,12x5x224x224x3,0.0,,,
01251,train,1,20.8,20.0,1202,30.0,40.06666666666667,True,0.0,0,0.0,0.03333333333333333,1.7801920577653618e-06,5.3405761732960855e-05,False,40.03333282470703,12x5x224x224x3,0.0,9.536743306171047e-08,0.0,
00353,train,0,,,1203,30.6,39.31372549019608,True,0.0,0,0.0,0.032679738562091505,1.8948823026221362e-06,5.798339846023737e-05,False,39.281044006347656,12x5x224x224x3,0.0,,,
01146,train,1,19.367,17.633,1185,30.0,39.5,True,0.0,0,0.0,0.03333333333333333,1.7801920577653618e-06,5.3405761732960855e-05,False,39.46666717529297,12x5x224x224x3,0.0,9.536743306171047e-08,0.0,
00125,train,0,,,1184,29.8,39.73154362416107,True,0.0,0,0.0,0.03355704697986577,1.8945476369935932e-06,5.645751958240908e-05,False,39.6979866027832,12x5x224x224x3,0.0,,,
01080,train,1,20.074,18.929,1213,30.5,39.77049180327869,True,0.0,0,0.0,0.03278688524590164,1.8760806241857608e-06,5.7220459037665705e-05,False,39.73770523071289,12x5x224x224x3,0.0,9.536743306171047e-08,0.0,
00024,train,0,,,1225,30.5,40.16393442622951,True,0.0,0,0.0,0.03278688524590164,1.8760806241857608e-06,5.7220459037665705e-05,False,40.13114929199219,12x5x224x224x3,0.0,,,
00697,train,0,,,540,30.0,18.0,True,0.0,0,0.0,0.03333333333333333,8.900960288826809e-07,2.6702880866480427e-05,False,17.96666717529297,12x5x224x224x3,0.0,,,
00026,train,0,,,1195,30.6,39.052287581699346,True,0.0,0,0.0,0.032679738562091505,1.8948823026221362e-06,5.798339846023737e-05,False,39.01960754394531,12x5x224x224x3,0.0,,,
00386,train,0,,,1206,30.0,40.2,True,0.0,0,0.0,0.03333333333333333,1.7801920577653618e-06,5.3405761732960855e-05,False,40.16666793823242,12x5x224x224x3,0.0,,,
00532,train,0,,,1146,29.3,39.11262798634812,True,0.0,0,0.0,0.034129692832764506,1.9008389102737056e-06,5.569458007101957e-05,False,39.07849884033203,12x5x224x224x3,0.0,,,
01450,train,1,19.863,19.83,1230,30.6,40.19607843137255,True,0.0,0,0.0,0.032679738562091505,1.8948823026221362e-06,5.798339846023737e-05,False,40.16339874267578,12x5x224x224x3,0.0,9.536743306171047e-08,0.0,
00715,train,0,,,1251,30.6,40.88235294117647,True,0.0,0,0.0,0.032679738562091505,1.8948823026221362e-06,5.798339846023737e-05,False,40.849674224853516,12x5x224x224x3,0.0,,,
00621,train,0,,,1216,30.0,40.53333333333333,True,0.0,0,0.0,0.03333333333333333,1.7801920577653618e-06,5.3405761732960855e-05,False,40.5,12x5x224x224x3,0.0,,,
00281,train,0,,,1225,30.6,40.03267973856209,True,0.0,0,0.0,0.032679738562091505,1.8948823026221362e-06,5.798339846023737e-05,False,40.0,12x5x224x224x3,0.0,,,
01279,train,1,20.567,19.733,1203,30.0,40.1,True,0.0,0,0.0,0.03333333333333333,1.7801920577653618e-06,5.3405761732960855e-05,False,40.06666564941406,12x5x224x224x3,0.0,9.536743306171047e-08,0.0,
00329,train,0,,,1158,29.4,39.38775510204082,True,0.0,0,0.0,0.034013605442176874,1.894373475863631e-06,5.569458019039075e-05,False,39.35374069213867,12x5x224x224x3,0.0,,,
00530,train,0,,,1259,30.0,41.96666666666667,True,0.0,0,0.0,0.03333333333333333,1.7801920577653618e-06,5.3405761732960855e-05,False,41.93333435058594,12x5x224x224x3,0.0,,,
00129,train,0,,,1201,30.0,40.03333333333333,True,0.0,0,0.0,0.03333333333333333,1.7801920577653618e-06,5.3405761732960855e-05,False,40.0,12x5x224x224x3,0.0,,,
01347,train,1,10.264,9.164,540,30.0,18.0,True,0.0,0,0.0,0.03333333333333333,8.900960288826809e-07,2.6702880866480427e-05,False,17.96666717529297,12x5x224x224x3,0.0,9.536743128535363e-08,0.0,
01249,train,1,15.602,14.544,1197,29.2,40.99315068493151,True,0.0,0,0.0,0.03424657534246575,1.8812205695439843e-06,5.493164063068434e-05,False,40.95890426635742,12x5x224x224x3,0.0,9.536743128535363e-08,0.0,
00292,train,0,,,1207,30.0,40.233333333333334,True,0.0,0,0.0,0.03333333333333333,1.7801920577653618e-06,5.3405761732960855e-05,False,40.20000076293945,12x5x224x224x3,0.0,,,
00521,train,0,,,540,30.0,18.0,True,0.0,0,0.0,0.03333333333333333,8.900960288826809e-07,2.6702880866480427e-05,False,17.96666717529297,12x5x224x224x3,0.0,,,
00192,train,0,,,1206,30.0,40.2,True,0.0,0,0.0,0.03333333333333333,1.7801920577653618e-06,5.3405761732960855e-05,False,40.16666793823242,12x5x224x224x3,0.0,,,
00842,train,1,18.386,18.021,1186,30.0,39.53333333333333,True,0.0,0,0.0,0.03333333333333333,1.7801920577653618e-06,5.3405761732960855e-05,False,39.5,12x5x224x224x3,0.0,9.536743306171047e-08,0.0,
01362,train,1,20.433,18.267,1202,30.0,40.06666666666667,True,0.0,0,0.0,0.03333333333333333,1.7801920577653618e-06,5.3405761732960855e-05,False,40.03333282470703,12x5x224x224x3,0.0,9.536743306171047e-08,0.0,
00846,train,1,18.933,17.667,1203,30.0,40.1,True,0.0,0,0.0,0.03333333333333333,1.7801920577653618e-06,5.3405761732960855e-05,False,40.06666564941406,12x5x224x224x3,0.0,9.536743306171047e-08,0.0,
00503,train,0,,,1226,30.6,40.06535947712418,True,0.0,0,0.0,0.032679738562091505,1.8948823026221362e-06,5.798339846023737e-05,False,40.03268051147461,12x5x224x224x3,0.0,,,
00917,train,1,20.091,18.621,1248,30.6,40.78431372549019,True,0.0,0,0.0,0.032679738562091505,1.8948823026221362e-06,5.798339846023737e-05,False,40.75163269042969,12x5x224x224x3,0.0,9.536743306171047e-08,0.0,
00672,train,0,,,1200,30.0,40.0,True,0.0,0,0.0,0.03333333333333333,1.7801920577653618e-06,5.3405761732960855e-05,False,39.96666717529297,12x5x224x224x3,0.0,,,
00534,train,0,,,1243,30.5,40.75409836065574,True,0.0,0,0.0,0.03278688524590164,1.8760806241857608e-06,5.7220459037665705e-05,False,40.721309661865234,12x5x224x224x3,0.0,,,
00038,train,0,,,1161,30.0,38.7,True,0.0,0,0.0,0.03333333333333333,1.7801920577653618e-06,5.3405761732960855e-05,False,38.66666793823242,12x5x224x224x3,0.0,,,
01340,train,1,20.533,18.2,1210,30.0,40.333333333333336,True,0.0,0,0.0,0.03333333333333333,1.7801920577653618e-06,5.3405761732960855e-05,False,40.29999923706055,12x5x224x224x3,0.0,9.536743306171047e-08,0.0,
01164,train,1,19.825,16.526,1232,30.6,40.26143790849673,True,0.0,0,0.0,0.032679738562091505,1.8948823026221362e-06,5.798339846023737e-05,False,40.228759765625,12x5x224x224x3,0.0,9.536743306171047e-08,0.0,
00193,train,0,,,1206,30.0,40.2,True,0.0,0,0.0,0.03333333333333333,1.7801920577653618e-06,5.3405761732960855e-05,False,40.16666793823242,12x5x224x224x3,0.0,,,
00716,train,0,,,1199,30.0,39.96666666666667,True,0.0,0,0.0,0.03333333333333333,1.7801920577653618e-06,5.3405761732960855e-05,False,39.93333435058594,12x5x224x224x3,0.0,,,
00993,train,1,19.887,18.352,1206,29.9,40.33444816053512,True,0.0,0,0.0,0.033444816053511704,1.900969543555675e-06,5.683898935231468e-05,False,40.301002502441406,12x5x224x224x3,0.0,9.536743306171047e-08,0.0,
00690,train,0,,,1231,30.6,40.228758169934636,True,0.0,0,0.0,0.032679738562091505,1.8948823026221362e-06,5.798339846023737e-05,False,40.19607925415039,12x5x224x224x3,0.0,,,
01321,train,1,9.863,9.496,570,30.0,19.0,True,0.0,0,0.0,0.03333333333333333,8.900960288826809e-07,2.6702880866480427e-05,False,18.96666717529297,12x5x224x224x3,0.0,9.536743128535363e-08,0.0,
00874,train,1,20.1,18.967,1202,30.0,40.06666666666667,True,0.0,0,0.0,0.03333333333333333,1.7801920577653618e-06,5.3405761732960855e-05,False,40.03333282470703,12x5x224x224x3,0.0,9.536743306171047e-08,0.0,
01393,train,1,19.312,18.936,1174,29.2,40.205479452054796,True,0.0,0,0.0,0.03424657534246575,1.8812205695439843e-06,5.493164063068434e-05,False,40.171234130859375,12x5x224x224x3,0.0,9.536743306171047e-08,0.0,
00852,train,1,20.9,20.067,1249,30.0,41.63333333333333,True,0.0,0,0.0,0.03333333333333333,1.7801920577653618e-06,5.3405761732960855e-05,False,41.599998474121094,12x5x224x224x3,0.0,9.536743306171047e-08,0.0,
00255,train,0,,,1204,30.0,40.13333333333333,True,0.0,0,0.0,0.03333333333333333,1.7801920577653618e-06,5.3405761732960855e-05,False,40.099998474121094,12x5x224x224x3,0.0,,,
00820,train,1,20.9,19.367,1205,30.0,40.166666666666664,True,0.0,0,0.0,0.03333333333333333,1.7801920577653618e-06,5.3405761732960855e-05,False,40.13333511352539,12x5x224x224x3,0.0,9.536743306171047e-08,0.0,
01018,train,1,17.573,14.601,1230,30.6,40.19607843137255,True,0.0,0,0.0,0.032679738562091505,1.8948823026221362e-06,5.798339846023737e-05,False,40.16339874267578,12x5x224x224x3,0.0,9.536743306171047e-08,0.0,
01186,train,1,20.888,19.019,1202,29.9,40.20066889632107,True,0.0,0,0.0,0.033444816053511704,1.900969543555675e-06,5.683898935231468e-05,False,40.1672248840332,12x5x224x224x3,0.0,9.536743306171047e-08,0.0,
00994,train,1,20.641,19.073,1230,30.6,40.19607843137255,True,0.0,0,0.0,0.032679738562091505,1.8948823026221362e-06,5.798339846023737e-05,False,40.16339874267578,12x5x224x224x3,0.0,9.536743306171047e-08,0.0,
00591,train,0,,,540,30.0,18.0,True,0.0,0,0.0,0.03333333333333333,8.900960288826809e-07,2.6702880866480427e-05,False,17.96666717529297,12x5x224x224x3,0.0,,,
00493,train,0,,,540,30.0,18.0,True,0.0,0,0.0,0.03333333333333333,8.900960288826809e-07,2.6702880866480427e-05,False,17.96666717529297,12x5x224x224x3,0.0,,,
00482,train,0,,,1160,30.0,38.666666666666664,True,0.0,0,0.0,0.03333333333333333,1.7801920577653618e-06,5.3405761732960855e-05,False,38.63333511352539,12x5x224x224x3,0.0,,,
00371,train,0,,,1211,30.0,40.36666666666667,True,0.0,0,0.0,0.03333333333333333,1.7801920577653618e-06,5.3405761732960855e-05,False,40.33333206176758,12x5x224x224x3,0.0,,,
01278,train,1,20.467,19.4,1198,30.0,39.93333333333333,True,0.0,0,0.0,0.03333333333333333,1.7801920577653618e-06,5.3405761732960855e-05,False,39.900001525878906,12x5x224x224x3,0.0,9.536743306171047e-08,0.0,
00552,train,0,,,1205,30.6,39.37908496732026,True,0.0,0,0.0,0.032679738562091505,1.8948823026221362e-06,5.798339846023737e-05,False,39.346405029296875,12x5x224x224x3,0.0,,,
00738,train,0,,,1208,30.0,40.266666666666666,True,0.0,0,0.0,0.03333333333333333,1.7801920577653618e-06,5.3405761732960855e-05,False,40.233333587646484,12x5x224x224x3,0.0,,,
01078,train,1,19.902,17.026,1223,30.5,40.09836065573771,True,0.0,0,0.0,0.03278688524590164,1.8760806241857608e-06,5.7220459037665705e-05,False,40.065574645996094,12x5x224x224x3,0.0,9.536743306171047e-08,0.0,
00096,train,0,,,1205,30.0,40.166666666666664,True,0.0,0,0.0,0.03333333333333333,1.7801920577653618e-06,5.3405761732960855e-05,False,40.13333511352539,12x5x224x224x3,0.0,,,
00118,train,0,,,1203,30.0,40.1,True,0.0,0,0.0,0.03333333333333333,1.7801920577653618e-06,5.3405761732960855e-05,False,40.06666564941406,12x5x224x224x3,0.0,,,
00641,train,0,,,570,30.0,19.0,True,0.0,0,0.0,0.03333333333333333,8.900960288826809e-07,2.6702880866480427e-05,False,18.96666717529297,12x5x224x224x3,0.0,,,
00109,train,0,,,1052,30.0,35.06666666666667,True,0.0,0,0.0,0.03333333333333333,1.7801920577653618e-06,5.3405761732960855e-05,False,35.03333282470703,12x5x224x224x3,0.0,,,
00354,train,0,,,1205,30.0,40.166666666666664,True,0.0,0,0.0,0.03333333333333333,1.7801920577653618e-06,5.3405761732960855e-05,False,40.13333511352539,12x5x224x224x3,0.0,,,
00932,train,1,20.067,19.533,1201,30.0,40.03333333333333,True,0.0,0,0.0,0.03333333333333333,1.7801920577653618e-06,5.3405761732960855e-05,False,40.0,12x5x224x224x3,0.0,9.536743306171047e-08,0.0,
00930,train,1,19.367,19.167,1202,30.0,40.06666666666667,True,0.0,0,0.0,0.03333333333333333,1.7801920577653618e-06,5.3405761732960855e-05,False,40.03333282470703,12x5x224x224x3,0.0,9.536743306171047e-08,0.0,
00263,train,0,,,1184,29.8,39.73154362416107,True,0.0,0,0.0,0.03355704697986577,1.8945476369935932e-06,5.645751958240908e-05,False,39.6979866027832,12x5x224x224x3,0.0,,,
01004,train,1,19.3,18.233,1208,30.0,40.266666666666666,True,0.0,0,0.0,0.03333333333333333,1.7801920577653618e-06,5.3405761732960855e-05,False,40.233333587646484,12x5x224x224x3,0.0,9.536743306171047e-08,0.0,
01498,train,1,19.867,19.267,1224,30.0,40.8,True,0.0,0,0.0,0.03333333333333333,1.7801920577653618e-06,5.3405761732960855e-05,False,40.766666412353516,12x5x224x224x3,0.0,9.536743306171047e-08,0.0,
00437,train,0,,,1202,30.0,40.06666666666667,True,0.0,0,0.0,0.03333333333333333,1.7801920577653618e-06,5.3405761732960855e-05,False,40.03333282470703,12x5x224x224x3,0.0,,,
01468,train,1,9.664,9.098,570,30.0,19.0,True,0.0,0,0.0,0.03333333333333333,8.900960288826809e-07,2.6702880866480427e-05,False,18.96666717529297,12x5x224x224x3,0.0,9.536743128535363e-08,0.0,
01351,train,1,19.667,18.833,1184,30.0,39.46666666666667,True,0.0,0,0.0,0.03333333333333333,1.7801920577653618e-06,5.3405761732960855e-05,False,39.43333435058594,12x5x224x224x3,0.0,9.536743306171047e-08,0.0,
01339,train,1,20.324,18.462,1243,30.6,40.62091503267974,True,0.0,0,0.0,0.032679738562091505,1.8948823026221362e-06,5.798339846023737e-05,False,40.588233947753906,12x5x224x224x3,0.0,9.536743306171047e-08,0.0,
00965,train,1,19.833,18.267,1202,30.0,40.06666666666667,True,0.0,0,0.0,0.03333333333333333,1.7801920577653618e-06,5.3405761732960855e-05,False,40.03333282470703,12x5x224x224x3,0.0,9.536743306171047e-08,0.0,
01227,train,1,20.0,19.0,1229,30.0,40.96666666666667,True,0.0,0,0.0,0.03333333333333333,1.7801920577653618e-06,5.3405761732960855e-05,False,40.93333435058594,12x5x224x224x3,0.0,9.536743306171047e-08,0.0,
01207,train,1,19.949,19.916,1205,29.8,40.43624161073826,True,0.0,0,0.0,0.03355704697986577,1.8945476369935932e-06,5.645751958240908e-05,False,40.40268325805664,12x5x224x224x3,0.0,9.536743306171047e-08,0.0,
01329,train,1,18.388,16.624,1230,30.6,40.19607843137255,True,0.0,0,0.0,0.032679738562091505,1.8948823026221362e-06,5.798339846023737e-05,False,40.16339874267578,12x5x224x224x3,0.0,9.536743306171047e-08,0.0,
00403,train,0,,,1228,30.6,40.130718954248366,True,0.0,0,0.0,0.032679738562091505,1.8948823026221362e-06,5.798339846023737e-05,False,40.09803771972656,12x5x224x224x3,0.0,,,
01271,train,1,19.517,18.367,1322,30.0,44.06666666666667,True,0.0,0,0.0,0.03333333333333333,1.7801920577653618e-06,5.3405761732960855e-05,False,44.03333282470703,12x5x224x224x3,0.0,9.536743306171047e-08,0.0,
01035,train,1,19.7,18.533,1179,30.0,39.3,True,0.0,0,0.0,0.03333333333333333,1.7801920577653618e-06,5.3405761732960855e-05,False,39.266666412353516,12x5x224x224x3,0.0,9.536743306171047e-08,0.0,
01030,train,1,20.619,19.835,1234,30.6,40.326797385620914,True,0.0,0,0.0,0.032679738562091505,1.8948823026221362e-06,5.798339846023737e-05,False,40.29411697387695,12x5x224x224x3,0.0,9.536743306171047e-08,0.0,
00856,train,1,19.802,18.658,1227,30.6,40.09803921568627,True,0.0,0,0.0,0.032679738562091505,1.8948823026221362e-06,5.798339846023737e-05,False,40.06536102294922,12x5x224x224x3,0.0,9.536743306171047e-08,0.0,
00352,train,0,,,1230,30.6,40.19607843137255,True,0.0,0,0.0,0.032679738562091505,1.8948823026221362e-06,5.798339846023737e-05,False,40.16339874267578,12x5x224x224x3,0.0,,,
01149,train,1,19.387,18.258,1228,31.0,39.61290322580645,True,0.0,0,0.0,0.03225806451612903,1.8458212593941425e-06,5.722045904121842e-05,False,39.58064651489258,12x5x224x224x3,0.0,9.536743306171047e-08,0.0,
01253,train,1,21.367,17.867,1245,30.0,41.5,True,0.0,0,0.0,0.03333333333333333,1.7801920577653618e-06,5.3405761732960855e-05,False,41.46666717529297,12x5x224x224x3,0.0,9.536743306171047e-08,0.0,
00333,train,0,,,1199,30.6,39.18300653594771,True,0.0,0,0.0,0.032679738562091505,1.8948823026221362e-06,5.798339846023737e-05,False,39.150325775146484,12x5x224x224x3,0.0,,,
00582,train,0,,,1207,30.0,40.233333333333334,True,0.0,0,0.0,0.03333333333333333,1.7801920577653618e-06,5.3405761732960855e-05,False,40.20000076293945,12x5x224x224x3,0.0,,,
00483,train,0,,,1310,30.6,42.810457516339866,True,0.0,0,0.0,0.032679738562091505,1.8948823026221362e-06,5.798339846023737e-05,False,42.77777862548828,12x5x224x224x3,0.0,,,
00479,train,0,,,1205,30.0,40.166666666666664,True,0.0,0,0.0,0.03333333333333333,1.7801920577653618e-06,5.3405761732960855e-05,False,40.13333511352539,12x5x224x224x3,0.0,,,
00323,train,0,,,1208,30.0,40.266666666666666,True,0.0,0,0.0,0.03333333333333333,1.7801920577653618e-06,5.3405761732960855e-05,False,40.233333587646484,12x5x224x224x3,0.0,,,
00065,train,0,,,1217,30.0,40.56666666666667,True,0.0,0,0.0,0.03333333333333333,1.7801920577653618e-06,5.3405761732960855e-05,False,40.53333282470703,12x5x224x224x3,0.0,,,
01380,train,1,19.233,16.9,1203,30.0,40.1,True,0.0,0,0.0,0.03333333333333333,1.7801920577653618e-06,5.3405761732960855e-05,False,40.06666564941406,12x5x224x224x3,0.0,9.536743306171047e-08,0.0,
01487,train,1,20.1,19.067,1210,30.0,40.333333333333336,True,0.0,0,0.0,0.03333333333333333,1.7801920577653618e-06,5.3405761732960855e-05,False,40.29999923706055,12x5x224x224x3,0.0,9.536743306171047e-08,0.0,
01451,train,1,5.833,5.333,772,30.0,25.733333333333334,True,0.0,0,0.0,0.03333333333333333,8.900960288826809e-07,2.6702880866480427e-05,False,25.700000762939453,12x5x224x224x3,0.0,9.536743128535363e-08,1.0,
01203,train,1,20.15,18.419,1277,30.6,41.73202614379085,True,0.0,0,0.0,0.032679738562091505,1.8948823026221362e-06,5.798339846023737e-05,False,41.699344635009766,12x5x224x224x3,0.0,9.536743306171047e-08,0.0,
00067,train,0,,,1220,30.0,40.666666666666664,True,0.0,0,0.0,0.03333333333333333,1.7801920577653618e-06,5.3405761732960855e-05,False,40.63333511352539,12x5x224x224x3,0.0,,,
00419,train,0,,,1230,30.5,40.32786885245902,True,0.0,0,0.0,0.03278688524590164,1.8760806241857608e-06,5.7220459037665705e-05,False,40.295082092285156,12x5x224x224x3,0.0,,,
00360,train,0,,,1234,30.6,40.326797385620914,True,0.0,0,0.0,0.032679738562091505,1.8948823026221362e-06,5.798339846023737e-05,False,40.29411697387695,12x5x224x224x3,0.0,,,
00305,train,0,,,1193,29.7,40.168350168350166,True,0.0,0,0.0,0.03367003367003367,1.900926584141871e-06,5.6457519549013564e-05,False,40.134681701660156,12x5x224x224x3,0.0,,,
00341,train,0,,,1225,30.6,40.03267973856209,True,0.0,0,0.0,0.032679738562091505,1.8948823026221362e-06,5.798339846023737e-05,False,40.0,12x5x224x224x3,0.0,,,
00164,train,0,,,1234,30.6,40.326797385620914,True,0.0,0,0.0,0.032679738562091505,1.8948823026221362e-06,5.798339846023737e-05,False,40.29411697387695,12x5x224x224x3,0.0,,,
00225,train,0,,,1226,30.0,40.86666666666667,True,0.0,0,0.0,0.03333333333333333,1.7801920577653618e-06,5.3405761732960855e-05,False,40.83333206176758,12x5x224x224x3,0.0,,,
00854,train,1,18.867,15.867,1216,30.0,40.53333333333333,True,0.0,0,0.0,0.03333333333333333,1.7801920577653618e-06,5.3405761732960855e-05,False,40.5,12x5x224x224x3,0.0,9.536743306171047e-08,0.0,
00101,train,0,,,1143,29.3,39.01023890784983,True,0.0,0,0.0,0.034129692832764506,1.9008389102737056e-06,5.569458007101957e-05,False,38.97610855102539,12x5x224x224x3,0.0,,,
00629,train,0,,,570,30.0,19.0,True,0.0,0,0.0,0.03333333333333333,8.900960288826809e-07,2.6702880866480427e-05,False,18.96666717529297,12x5x224x224x3,0.0,,,
00296,train,0,,,1235,30.6,40.359477124183,True,0.0,0,0.0,0.032679738562091505,1.8948823026221362e-06,5.798339846023737e-05,False,40.32679748535156,12x5x224x224x3,0.0,,,
00821,train,1,20.267,18.733,1201,30.0,40.03333333333333,True,0.0,0,0.0,0.03333333333333333,1.7801920577653618e-06,5.3405761732960855e-05,False,40.0,12x5x224x224x3,0.0,9.536743306171047e-08,0.0,
00104,train,0,,,1213,30.0,40.43333333333333,True,0.0,0,0.0,0.03333333333333333,1.7801920577653618e-06,5.3405761732960855e-05,False,40.400001525878906,12x5x224x224x3,0.0,,,
00015,train,0,,,1182,30.0,39.4,True,0.0,0,0.0,0.03333333333333333,1.7801920577653618e-06,5.3405761732960855e-05,False,39.36666488647461,12x5x224x224x3,0.0,,,
00066,train,0,,,1211,30.0,40.36666666666667,True,0.0,0,0.0,0.03333333333333333,1.7801920577653618e-06,5.3405761732960855e-05,False,40.33333206176758,12x5x224x224x3,0.0,,,
00043,train,0,,,1207,30.0,40.233333333333334,True,0.0,0,0.0,0.03333333333333333,1.7801920577653618e-06,5.3405761732960855e-05,False,40.20000076293945,12x5x224x224x3,0.0,,,
00294,train,0,,,1200,30.0,40.0,True,0.0,0,0.0,0.03333333333333333,1.7801920577653618e-06,5.3405761732960855e-05,False,39.96666717529297,12x5x224x224x3,0.0,,,
01028,train,1,19.866,17.961,1212,30.4,39.86842105263158,True,0.0,0,0.0,0.03289473684210526,1.806961861916534e-06,5.493164060226263e-05,False,39.83552551269531,12x5x224x224x3,0.0,9.536743306171047e-08,0.0,
00939,train,1,19.576,18.303,1152,29.0,39.724137931034484,True,0.0,0,0.0,0.034482758620689655,1.8415779905467389e-06,5.340576172585543e-05,False,39.68965530395508,12x5x224x224x3,0.0,9.536743306171047e-08,0.0,
00550,train,0,,,1195,29.8,40.100671140939596,True,0.0,0,0.0,0.03355704697986577,1.8945476369935932e-06,5.645751958240908e-05,False,40.067115783691406,12x5x224x224x3,0.0,,,
00307,train,0,,,1183,30.0,39.43333333333333,True,0.0,0,0.0,0.03333333333333333,1.7801920577653618e-06,5.3405761732960855e-05,False,39.400001525878906,12x5x224x224x3,0.0,,,
00473,train,0,,,1204,30.0,40.13333333333333,True,0.0,0,0.0,0.03333333333333333,1.7801920577653618e-06,5.3405761732960855e-05,False,40.099998474121094,12x5x224x224x3,0.0,,,
01359,train,1,18.567,17.233,1178,30.0,39.266666666666666,True,0.0,0,0.0,0.03333333333333333,1.7801920577653618e-06,5.3405761732960855e-05,False,39.233333587646484,12x5x224x224x3,0.0,9.536743306171047e-08,0.0,
01417,train,1,18.74,17.857,1136,29.4,38.63945578231293,True,0.0,0,0.0,0.034013605442176874,1.894373475863631e-06,5.569458019039075e-05,False,38.60544204711914,12x5x224x224x3,0.0,9.536743306171047e-08,0.0,
01138,train,1,19.768,18.755,972,30.6,31.76470588235294,True,0.0,0,0.0,0.032679738562091505,9.474411513110681e-07,2.8991699230118685e-05,False,31.732027053833008,12x5x224x224x3,0.0,9.536743306171047e-08,0.0,
00916,train,1,21.783,20.4,1216,30.0,40.53333333333333,True,0.0,0,0.0,0.03333333333333333,1.7801920577653618e-06,5.3405761732960855e-05,False,40.5,12x5x224x224x3,0.0,9.536743306171047e-08,0.0,
01346,train,1,18.981,17.053,1176,30.6,38.431372549019606,True,0.0,0,0.0,0.032679738562091505,1.8948823026221362e-06,5.798339846023737e-05,False,38.3986930847168,12x5x224x224x3,0.0,9.536743306171047e-08,0.0,
01407,train,1,19.983,19.95,1279,30.0,42.63333333333333,True,0.0,0,0.0,0.03333333333333333,1.7801920577653618e-06,5.3405761732960855e-05,False,42.599998474121094,12x5x224x224x3,0.0,9.536743306171047e-08,0.0,
01431,train,1,21.455,20.354,1206,29.9,40.33444816053512,True,0.0,0,0.0,0.033444816053511704,1.900969543555675e-06,5.683898935231468e-05,False,40.301002502441406,12x5x224x224x3,0.0,9.536743306171047e-08,0.0,
00335,train,0,,,957,28.7,33.34494773519164,True,0.0,0,0.0,0.03484320557491289,1.8475363106063014e-06,5.302429211440085e-05,False,33.31010437011719,12x5x224x224x3,0.0,,,
00850,train,1,10.226,9.093,540,30.0,18.0,True,0.0,0,0.0,0.03333333333333333,8.900960288826809e-07,2.6702880866480427e-05,False,17.96666717529297,12x5x224x224x3,0.0,9.536743128535363e-08,0.0,
01112,train,1,20.733,19.033,1200,30.0,40.0,True,0.0,0,0.0,0.03333333333333333,1.7801920577653618e-06,5.3405761732960855e-05,False,39.96666717529297,12x5x224x224x3,0.0,9.536743306171047e-08,0.0,
01070,train,1,19.164,16.087,1201,29.9,40.16722408026756,True,0.0,0,0.0,0.033444816053511704,1.900969543555675e-06,5.683898935231468e-05,False,40.1337776184082,12x5x224x224x3,0.0,9.536743306171047e-08,0.0,
00676,train,0,,,1230,30.6,40.19607843137255,True,0.0,0,0.0,0.032679738562091505,1.8948823026221362e-06,5.798339846023737e-05,False,40.16339874267578,12x5x224x224x3,0.0,,,
01300,train,1,19.608,15.795,1177,29.3,40.17064846416382,True,0.0,0,0.0,0.034129692832764506,1.9008389102737056e-06,5.569458007101957e-05,False,40.13652038574219,12x5x224x224x3,0.0,9.536743306171047e-08,0.0,
00844,train,1,10.064,8.464,540,30.0,18.0,True,0.0,0,0.0,0.03333333333333333,8.900960288826809e-07,2.6702880866480427e-05,False,17.96666717529297,12x5x224x224x3,0.0,9.536743128535363e-08,0.0,
00677,train,0,,,540,30.0,18.0,True,0.0,0,0.0,0.03333333333333333,8.900960288826809e-07,2.6702880866480427e-05,False,17.96666717529297,12x5x224x224x3,0.0,,,
00415,train,0,,,1211,30.0,40.36666666666667,True,0.0,0,0.0,0.03333333333333333,1.7801920577653618e-06,5.3405761732960855e-05,False,40.33333206176758,12x5x224x224x3,0.0,,,
00137,train,0,,,1203,30.0,40.1,True,0.0,0,0.0,0.03333333333333333,1.7801920577653618e-06,5.3405761732960855e-05,False,40.06666564941406,12x5x224x224x3,0.0,,,
00127,train,0,,,1200,30.0,40.0,True,0.0,0,0.0,0.03333333333333333,1.7801920577653618e-06,5.3405761732960855e-05,False,39.96666717529297,12x5x224x224x3,0.0,,,
00338,train,0,,,1238,30.6,40.45751633986928,True,0.0,0,0.0,0.032679738562091505,1.8948823026221362e-06,5.798339846023737e-05,False,40.424835205078125,12x5x224x224x3,0.0,,,
00086,train,0,,,1208,30.0,40.266666666666666,True,0.0,0,0.0,0.03333333333333333,1.7801920577653618e-06,5.3405761732960855e-05,False,40.233333587646484,12x5x224x224x3,0.0,,,
00188,train,0,,,1220,30.6,39.869281045751634,True,0.0,0,0.0,0.032679738562091505,1.8948823026221362e-06,5.798339846023737e-05,False,39.83660125732422,12x5x224x224x3,0.0,,,
00997,train,1,19.581,18.645,1278,31.0,41.225806451612904,True,0.0,0,0.0,0.03225806451612903,1.8458212593941425e-06,5.722045904121842e-05,False,41.19355010986328,12x5x224x224x3,0.0,9.536743306171047e-08,0.0,
01296,train,1,20.123,18.425,1237,30.6,40.424836601307184,True,0.0,0,0.0,0.032679738562091505,1.8948823026221362e-06,5.798339846023737e-05,False,40.39215850830078,12x5x224x224x3,0.0,9.536743306171047e-08,0.0,
00851,train,1,19.1,19.067,1212,30.0,40.4,True,0.0,0,0.0,0.03333333333333333,1.7801920577653618e-06,5.3405761732960855e-05,False,40.36666488647461,12x5x224x224x3,0.0,9.536743306171047e-08,0.0,
00463,train,0,,,1154,29.6,38.986486486486484,True,0.0,0,0.0,0.03378378378378378,1.8557986720679764e-06,5.493164069321211e-05,False,38.952701568603516,12x5x224x224x3,0.0,,,
00325,train,0,,,1182,29.5,40.067796610169495,True,0.0,0,0.0,0.03389830508474576,1.8750206933759728e-06,5.53131104545912e-05,False,40.033897399902344,12x5x224x224x3,0.0,,,
00695,train,0,,,1129,29.9,37.759197324414714,True,0.0,0,0.0,0.033444816053511704,1.900969543555675e-06,5.683898935231468e-05,False,37.72575378417969,12x5x224x224x3,0.0,,,
00724,train,0,,,1204,30.0,40.13333333333333,True,0.0,0,0.0,0.03333333333333333,1.7801920577653618e-06,5.3405761732960855e-05,False,40.099998474121094,12x5x224x224x3,0.0,,,
00051,train,0,,,1218,30.5,39.9344262295082,True,0.0,0,0.0,0.03278688524590164,1.8760806241857608e-06,5.7220459037665705e-05,False,39.90163803100586,12x5x224x224x3,0.0,,,
00246,train,0,,,540,30.0,18.0,True,0.0,0,0.0,0.03333333333333333,8.900960288826809e-07,2.6702880866480427e-05,False,17.96666717529297,12x5x224x224x3,0.0,,,
01191,train,1,19.2,18.5,1217,30.0,40.56666666666667,True,0.0,0,0.0,0.03333333333333333,1.7801920577653618e-06,5.3405761732960855e-05,False,40.53333282470703,12x5x224x224x3,0.0,9.536743306171047e-08,0.0,
00480,train,0,,,1157,28.9,40.03460207612457,True,0.0,0,0.0,0.03460207612456748,1.9007488134548112e-06,5.493164070884404e-05,False,40.0,12x5x224x224x3,0.0,,,
00108,train,0,,,570,30.0,19.0,True,0.0,0,0.0,0.03333333333333333,8.900960288826809e-07,2.6702880866480427e-05,False,18.96666717529297,12x5x224x224x3,0.0,,,
00616,train,0,,,1208,30.0,40.266666666666666,True,0.0,0,0.0,0.03333333333333333,1.7801920577653618e-06,5.3405761732960855e-05,False,40.233333587646484,12x5x224x224x3,0.0,,,
01404,train,1,19.1,18.4,1204,30.0,40.13333333333333,True,0.0,0,0.0,0.03333333333333333,1.7801920577653618e-06,5.3405761732960855e-05,False,40.099998474121094,12x5x224x224x3,0.0,9.536743306171047e-08,0.0,
00244,train,0,,,1231,30.6,40.228758169934636,True,0.0,0,0.0,0.032679738562091505,1.8948823026221362e-06,5.798339846023737e-05,False,40.19607925415039,12x5x224x224x3,0.0,,,
01273,train,1,19.067,16.633,1210,30.0,40.333333333333336,True,0.0,0,0.0,0.03333333333333333,1.7801920577653618e-06,5.3405761732960855e-05,False,40.29999923706055,12x5x224x224x3,0.0,9.536743306171047e-08,0.0,
01055,train,1,21.433,19.033,1198,30.0,39.93333333333333,True,0.0,0,0.0,0.03333333333333333,1.7801920577653618e-06,5.3405761732960855e-05,False,39.900001525878906,12x5x224x224x3,0.0,9.536743306171047e-08,0.0,
01462,train,1,18.867,17.8,1202,30.0,40.06666666666667,True,0.0,0,0.0,0.03333333333333333,1.7801920577653618e-06,5.3405761732960855e-05,False,40.03333282470703,12x5x224x224x3,0.0,9.536743306171047e-08,0.0,
01352,train,1,19.433,18.167,1200,30.0,40.0,True,0.0,0,0.0,0.03333333333333333,1.7801920577653618e-06,5.3405761732960855e-05,False,39.96666717529297,12x5x224x224x3,0.0,9.536743306171047e-08,0.0,
01064,train,1,20.233,18.3,1203,30.0,40.1,True,0.0,0,0.0,0.03333333333333333,1.7801920577653618e-06,5.3405761732960855e-05,False,40.06666564941406,12x5x224x224x3,0.0,9.536743306171047e-08,0.0,
00761,train,1,19.667,17.0,1220,30.0,40.666666666666664,True,0.0,0,0.0,0.03333333333333333,1.7801920577653618e-06,5.3405761732960855e-05,False,40.63333511352539,12x5x224x224x3,0.0,9.536743306171047e-08,0.0,
01213,train,1,19.836,19.019,1232,30.6,40.26143790849673,True,0.0,0,0.0,0.032679738562091505,1.8948823026221362e-06,5.798339846023737e-05,False,40.228759765625,12x5x224x224x3,0.0,9.536743306171047e-08,0.0,
00249,train,0,,,570,30.0,19.0,True,0.0,0,0.0,0.03333333333333333,8.900960288826809e-07,2.6702880866480427e-05,False,18.96666717529297,12x5x224x224x3,0.0,,,
00165,train,0,,,1206,30.0,40.2,True,0.0,0,0.0,0.03333333333333333,1.7801920577653618e-06,5.3405761732960855e-05,False,40.16666793823242,12x5x224x224x3,0.0,,,
00123,train,0,,,1135,28.9,39.273356401384085,True,0.0,0,0.0,0.03460207612456748,1.9007488134548112e-06,5.493164070884404e-05,False,39.23875427246094,12x5x224x224x3,0.0,,,
01252,train,1,19.471,17.344,1231,30.5,40.36065573770492,True,0.0,0,0.0,0.03278688524590164,1.8760806241857608e-06,5.7220459037665705e-05,False,40.3278694152832,12x5x224x224x3,0.0,9.536743306171047e-08,0.0,
00178,train,0,,,1185,30.0,39.5,True,0.0,0,0.0,0.03333333333333333,1.7801920577653618e-06,5.3405761732960855e-05,False,39.46666717529297,12x5x224x224x3,0.0,,,
00807,train,1,19.667,18.667,1200,30.0,40.0,True,0.0,0,0.0,0.03333333333333333,1.7801920577653618e-06,5.3405761732960855e-05,False,39.96666717529297,12x5x224x224x3,0.0,9.536743306171047e-08,0.0,
00303,train,0,,,1228,30.0,40.93333333333333,True,0.0,0,0.0,0.03333333333333333,1.7801920577653618e-06,5.3405761732960855e-05,False,40.900001525878906,12x5x224x224x3,0.0,,,
01053,train,1,19.433,17.433,1206,30.0,40.2,True,0.0,0,0.0,0.03333333333333333,1.7801920577653618e-06,5.3405761732960855e-05,False,40.16666793823242,12x5x224x224x3,0.0,9.536743306171047e-08,0.0,
00154,train,0,,,1208,29.9,40.401337792642146,True,0.0,0,0.0,0.033444816053511704,1.900969543555675e-06,5.683898935231468e-05,False,40.36789321899414,12x5x224x224x3,0.0,,,
01455,train,1,19.532,18.097,1209,31.0,39.0,True,0.0,0,0.0,0.03225806451612903,1.8458212593941425e-06,5.722045904121842e-05,False,38.967742919921875,12x5x224x224x3,0.0,9.536743306171047e-08,0.0,
00617,train,0,,,1216,30.0,40.53333333333333,True,0.0,0,0.0,0.03333333333333333,1.7801920577653618e-06,5.3405761732960855e-05,False,40.5,12x5x224x224x3,0.0,,,
01243,train,1,19.892,18.422,1235,30.6,40.359477124183,True,0.0,0,0.0,0.032679738562091505,1.8948823026221362e-06,5.798339846023737e-05,False,40.32679748535156,12x5x224x224x3,0.0,9.536743306171047e-08,0.0,
00536,train,0,,,540,30.0,18.0,True,0.0,0,0.0,0.03333333333333333,8.900960288826809e-07,2.6702880866480427e-05,False,17.96666717529297,12x5x224x224x3,0.0,,,
00143,train,0,,,540,30.0,18.0,True,0.0,0,0.0,0.03333333333333333,8.900960288826809e-07,2.6702880866480427e-05,False,17.96666717529297,12x5x224x224x3,0.0,,,
00117,train,0,,,1203,30.0,40.1,True,0.0,0,0.0,0.03333333333333333,1.7801920577653618e-06,5.3405761732960855e-05,False,40.06666564941406,12x5x224x224x3,0.0,,,
01391,train,1,19.479,18.128,1235,30.3,40.759075907590756,True,0.0,0,0.0,0.033003300330033,1.9010537570807173e-06,5.7601928839545737e-05,False,40.72607421875,12x5x224x224x3,0.0,9.536743306171047e-08,0.0,
00586,train,0,,,540,30.0,18.0,True,0.0,0,0.0,0.03333333333333333,8.900960288826809e-07,2.6702880866480427e-05,False,17.96666717529297,12x5x224x224x3,0.0,,,
00875,train,1,20.44,18.22,1247,30.6,40.751633986928105,True,0.0,0,0.0,0.032679738562091505,1.8948823026221362e-06,5.798339846023737e-05,False,40.718955993652344,12x5x224x224x3,0.0,9.536743306171047e-08,0.0,
00299,train,0,,,1213,30.0,40.43333333333333,True,0.0,0,0.0,0.03333333333333333,1.7801920577653618e-06,5.3405761732960855e-05,False,40.400001525878906,12x5x224x224x3,0.0,,,
00714,train,0,,,1220,29.9,40.802675585284284,True,0.0,0,0.0,0.033444816053511704,1.900969543555675e-06,5.683898935231468e-05,False,40.769229888916016,12x5x224x224x3,0.0,,,
00727,train,0,,,1311,29.8,43.993288590604024,True,0.0,0,0.0,0.03355704697986577,1.8945476369935932e-06,5.645751958240908e-05,False,43.95973205566406,12x5x224x224x3,0.0,,,
01435,train,1,19.917,17.566,1232,30.6,40.26143790849673,True,0.0,0,0.0,0.032679738562091505,1.8948823026221362e-06,5.798339846023737e-05,False,40.228759765625,12x5x224x224x3,0.0,9.536743306171047e-08,0.0,
00310,train,0,,,1162,30.0,38.733333333333334,True,0.0,0,0.0,0.03333333333333333,1.7801920577653618e-06,5.3405761732960855e-05,False,38.70000076293945,12x5x224x224x3,0.0,,,
01293,train,1,19.5,18.567,1206,30.0,40.2,True,0.0,0,0.0,0.03333333333333333,1.7801920577653618e-06,5.3405761732960855e-05,False,40.16666793823242,12x5x224x224x3,0.0,9.536743306171047e-08,0.0,
01499,train,1,19.767,17.267,1201,30.0,40.03333333333333,True,0.0,0,0.0,0.03333333333333333,1.7801920577653618e-06,5.3405761732960855e-05,False,40.0,12x5x224x224x3,0.0,9.536743306171047e-08,0.0,
00220,train,0,,,1205,30.0,40.166666666666664,True,0.0,0,0.0,0.03333333333333333,1.7801920577653618e-06,5.3405761732960855e-05,False,40.13333511352539,12x5x224x224x3,0.0,,,
00347,train,0,,,540,30.0,18.0,True,0.0,0,0.0,0.03333333333333333,8.900960288826809e-07,2.6702880866480427e-05,False,17.96666717529297,12x5x224x224x3,0.0,,,
01341,train,1,17.49,17.065,1207,30.6,39.44444444444444,True,0.0,0,0.0,0.032679738562091505,1.8948823026221362e-06,5.798339846023737e-05,False,39.411766052246094,12x5x224x224x3,0.0,9.536743306171047e-08,0.0,
00229,train,0,,,1175,30.6,38.39869281045751,True,0.0,0,0.0,0.032679738562091505,1.8948823026221362e-06,5.798339846023737e-05,False,38.36601257324219,12x5x224x224x3,0.0,,,
00361,train,0,,,1209,30.0,40.3,True,0.0,0,0.0,0.03333333333333333,1.7801920577653618e-06,5.3405761732960855e-05,False,40.266666412353516,12x5x224x224x3,0.0,,,
00559,train,0,,,1128,29.3,38.49829351535836,True,0.0,0,0.0,0.034129692832764506,1.9008389102737056e-06,5.569458007101957e-05,False,38.46416473388672,12x5x224x224x3,0.0,,,
00554,train,0,,,540,30.0,18.0,True,0.0,0,0.0,0.03333333333333333,8.900960288826809e-07,2.6702880866480427e-05,False,17.96666717529297,12x5x224x224x3,0.0,,,
00998,train,1,18.489,17.471,1124,28.5,39.43859649122807,True,0.0,0,0.0,0.03508771929824561,1.873886375847178e-06,5.340576171164457e-05,False,39.403507232666016,12x5x224x224x3,0.0,9.536743306171047e-08,0.0,
01117,train,1,20.028,19.601,1227,30.4,40.36184210526316,True,0.0,0,0.0,0.03289473684210526,1.806961861916534e-06,5.493164060226263e-05,False,40.328948974609375,12x5x224x224x3,0.0,9.536743306171047e-08,0.0,
00245,train,0,,,1219,30.0,40.63333333333333,True,0.0,0,0.0,0.03333333333333333,1.7801920577653618e-06,5.3405761732960855e-05,False,40.599998474121094,12x5x224x224x3,0.0,,,
00467,train,0,,,1227,30.5,40.22950819672131,True,0.0,0,0.0,0.03278688524590164,1.8760806241857608e-06,5.7220459037665705e-05,False,40.196720123291016,12x5x224x224x3,0.0,,,
01165,train,1,19.081,17.611,1199,29.9,40.10033444816054,True,0.0,0,0.0,0.033444816053511704,1.900969543555675e-06,5.683898935231468e-05,False,40.066890716552734,12x5x224x224x3,0.0,9.536743306171047e-08,0.0,
00623,train,0,,,1203,29.9,40.23411371237459,True,0.0,0,0.0,0.033444816053511704,1.900969543555675e-06,5.683898935231468e-05,False,40.20066833496094,12x5x224x224x3,0.0,,,
00016,train,0,,,1212,30.0,40.4,True,0.0,0,0.0,0.03333333333333333,1.7801920577653618e-06,5.3405761732960855e-05,False,40.36666488647461,12x5x224x224x3,0.0,,,
00472,train,0,,,540,30.0,18.0,True,0.0,0,0.0,0.03333333333333333,8.900960288826809e-07,2.6702880866480427e-05,False,17.96666717529297,12x5x224x224x3,0.0,,,
01317,train,1,19.0,17.567,1204,30.0,40.13333333333333,True,0.0,0,0.0,0.03333333333333333,1.7801920577653618e-06,5.3405761732960855e-05,False,40.099998474121094,12x5x224x224x3,0.0,9.536743306171047e-08,0.0,
01183,train,1,19.133,17.867,1192,30.0,39.733333333333334,True,0.0,0,0.0,0.03333333333333333,1.7801920577653618e-06,5.3405761732960855e-05,False,39.70000076293945,12x5x224x224x3,0.0,9.536743306171047e-08,0.0,
01144,train,1,19.914,16.892,1133,29.1,38.934707903780065,True,0.0,0,0.0,0.034364261168384876,1.900794174503062e-06,5.531311047803911e-05,False,38.90034484863281,12x5x224x224x3,0.0,9.536743306171047e-08,0.0,
01403,train,1,19.033,18.067,1203,30.0,40.1,True,0.0,0,0.0,0.03333333333333333,1.7801920577653618e-06,5.3405761732960855e-05,False,40.06666564941406,12x5x224x224x3,0.0,9.536743306171047e-08,0.0,
00722,train,0,,,1231,30.5,40.36065573770492,True,0.0,0,0.0,0.03278688524590164,1.8760806241857608e-06,5.7220459037665705e-05,False,40.3278694152832,12x5x224x224x3,0.0,,,
00116,train,0,,,1213,30.0,40.43333333333333,True,0.0,0,0.0,0.03333333333333333,1.7801920577653618e-06,5.3405761732960855e-05,False,40.400001525878906,12x5x224x224x3,0.0,,,
00316,train,0,,,1214,29.9,40.602006688963215,True,0.0,0,0.0,0.033444816053511704,1.900969543555675e-06,5.683898935231468e-05,False,40.56856155395508,12x5x224x224x3,0.0,,,
00941,train,1,19.6,18.533,1214,30.0,40.46666666666667,True,0.0,0,0.0,0.03333333333333333,1.7801920577653618e-06,5.3405761732960855e-05,False,40.43333435058594,12x5x224x224x3,0.0,9.536743306171047e-08,0.0,
00045,train,0,,,1236,30.5,40.52459016393443,True,0.0,0,0.0,0.03278688524590164,1.8760806241857608e-06,5.7220459037665705e-05,False,40.49180221557617,12x5x224x224x3,0.0,,,
01095,train,1,19.816,18.407,1226,30.5,40.19672131147541,True,0.0,0,0.0,0.03278688524590164,1.8760806241857608e-06,5.7220459037665705e-05,False,40.16393280029297,12x5x224x224x3,0.0,9.536743306171047e-08,0.0,
00069,train,0,,,1161,29.2,39.76027397260274,True,0.0,0,0.0,0.03424657534246575,1.8812205695439843e-06,5.493164063068434e-05,False,39.72602844238281,12x5x224x224x3,0.0,,,
01465,train,1,9.16,7.661,540,30.0,18.0,True,0.0,0,0.0,0.03333333333333333,8.900960288826809e-07,2.6702880866480427e-05,False,17.96666717529297,12x5x224x224x3,0.0,9.536743128535363e-08,0.0,
00911,train,1,21.6,19.3,1203,30.0,40.1,True,0.0,0,0.0,0.03333333333333333,1.7801920577653618e-06,5.3405761732960855e-05,False,40.06666564941406,12x5x224x224x3,0.0,9.536743306171047e-08,0.0,
00291,train,0,,,1224,30.0,40.8,True,0.0,0,0.0,0.03333333333333333,1.7801920577653618e-06,5.3405761732960855e-05,False,40.766666412353516,12x5x224x224x3,0.0,,,
00237,train,0,,,1213,30.0,40.43333333333333,True,0.0,0,0.0,0.03333333333333333,1.7801920577653618e-06,5.3405761732960855e-05,False,40.400001525878906,12x5x224x224x3,0.0,,,
00628,train,0,,,1226,30.5,40.19672131147541,True,0.0,0,0.0,0.03278688524590164,1.8760806241857608e-06,5.7220459037665705e-05,False,40.16393280029297,12x5x224x224x3,0.0,,,
01453,train,1,19.9,17.8,1189,30.0,39.63333333333333,True,0.0,0,0.0,0.03333333333333333,1.7801920577653618e-06,5.3405761732960855e-05,False,39.599998474121094,12x5x224x224x3,0.0,9.536743306171047e-08,0.0,
00346,train,0,,,1215,30.0,40.5,True,0.0,0,0.0,0.03333333333333333,1.7801920577653618e-06,5.3405761732960855e-05,False,40.46666717529297,12x5x224x224x3,0.0,,,
00568,train,0,,,540,30.0,18.0,True,0.0,0,0.0,0.03333333333333333,8.900960288826809e-07,2.6702880866480427e-05,False,17.96666717529297,12x5x224x224x3,0.0,,,
00092,train,0,,,1201,30.0,40.03333333333333,True,0.0,0,0.0,0.03333333333333333,1.7801920577653618e-06,5.3405761732960855e-05,False,40.0,12x5x224x224x3,0.0,,,
00726,train,0,,,1234,30.6,40.326797385620914,True,0.0,0,0.0,0.032679738562091505,1.8948823026221362e-06,5.798339846023737e-05,False,40.29411697387695,12x5x224x224x3,0.0,,,
00029,train,0,,,1226,30.6,40.06535947712418,True,0.0,0,0.0,0.032679738562091505,1.8948823026221362e-06,5.798339846023737e-05,False,40.03268051147461,12x5x224x224x3,0.0,,,
01358,train,1,20.9,19.4,1212,30.0,40.4,True,0.0,0,0.0,0.03333333333333333,1.7801920577653618e-06,5.3405761732960855e-05,False,40.36666488647461,12x5x224x224x3,0.0,9.536743306171047e-08,0.0,
01448,train,1,19.65,19.267,1212,30.0,40.4,True,0.0,0,0.0,0.03333333333333333,1.7801920577653618e-06,5.3405761732960855e-05,False,40.36666488647461,12x5x224x224x3,0.0,9.536743306171047e-08,0.0,
00713,train,0,,,1176,30.0,39.2,True,0.0,0,0.0,0.03333333333333333,1.7801920577653618e-06,5.3405761732960855e-05,False,39.16666793823242,12x5x224x224x3,0.0,,,
01017,train,1,18.8,16.6,1180,30.0,39.333333333333336,True,0.0,0,0.0,0.03333333333333333,1.7801920577653618e-06,5.3405761732960855e-05,False,39.29999923706055,12x5x224x224x3,0.0,9.536743306171047e-08,0.0,
00076,train,0,,,1224,30.0,40.8,True,0.0,0,0.0,0.03333333333333333,1.7801920577653618e-06,5.3405761732960855e-05,False,40.766666412353516,12x5x224x224x3,0.0,,,
01002,train,1,20.733,20.0,1239,30.0,41.3,True,0.0,0,0.0,0.03333333333333333,1.7801920577653618e-06,5.3405761732960855e-05,False,41.266666412353516,12x5x224x224x3,0.0,9.536743306171047e-08,0.0,
00290,train,0,,,1076,24.1,44.64730290456431,True,0.0,0,0.0,0.04149377593360996,1.8994343236045097e-06,4.5776367198868686e-05,False,44.60580825805664,12x5x224x224x3,0.0,,,
00209,train,0,,,1194,29.9,39.93311036789298,True,0.0,0,0.0,0.033444816053511704,1.900969543555675e-06,5.683898935231468e-05,False,39.89966583251953,12x5x224x224x3,0.0,,,
00685,train,0,,,1220,29.9,40.802675585284284,True,0.0,0,0.0,0.033444816053511704,1.900969543555675e-06,5.683898935231468e-05,False,40.769229888916016,12x5x224x224x3,0.0,,,
01058,train,1,19.267,15.167,1205,30.0,40.166666666666664,True,0.0,0,0.0,0.03333333333333333,1.7801920577653618e-06,5.3405761732960855e-05,False,40.13333511352539,12x5x224x224x3,0.0,9.536743306171047e-08,0.0,
00793,train,1,20.8,19.533,1215,30.0,40.5,True,0.0,0,0.0,0.03333333333333333,1.7801920577653618e-06,5.3405761732960855e-05,False,40.46666717529297,12x5x224x224x3,0.0,9.536743306171047e-08,0.0,
00910,train,1,20.033,18.767,1199,30.0,39.96666666666667,True,0.0,0,0.0,0.03333333333333333,1.7801920577653618e-06,5.3405761732960855e-05,False,39.93333435058594,12x5x224x224x3,0.0,9.536743306171047e-08,0.0,
01398,train,1,21.1,19.333,1219,30.0,40.63333333333333,True,0.0,0,0.0,0.03333333333333333,1.7801920577653618e-06,5.3405761732960855e-05,False,40.599998474121094,12x5x224x224x3,0.0,9.536743306171047e-08,0.0,
00649,train,0,,,1136,29.9,37.9933110367893,True,0.0,0,0.0,0.033444816053511704,1.900969543555675e-06,5.683898935231468e-05,False,37.95986557006836,12x5x224x224x3,0.0,,,
00036,train,0,,,570,30.0,19.0,True,0.0,0,0.0,0.03333333333333333,8.900960288826809e-07,2.6702880866480427e-05,False,18.96666717529297,12x5x224x224x3,0.0,,,
00787,train,1,19.465,17.766,1230,30.6,40.19607843137255,True,0.0,0,0.0,0.032679738562091505,1.8948823026221362e-06,5.798339846023737e-05,False,40.16339874267578,12x5x224x224x3,0.0,9.536743306171047e-08,0.0,
01457,train,1,20.033,18.467,1204,30.0,40.13333333333333,True,0.0,0,0.0,0.03333333333333333,1.7801920577653618e-06,5.3405761732960855e-05,False,40.099998474121094,12x5x224x224x3,0.0,9.536743306171047e-08,0.0,
01088,train,1,18.067,16.833,1174,30.0,39.13333333333333,True,0.0,0,0.0,0.03333333333333333,1.7801920577653618e-06,5.3405761732960855e-05,False,39.099998474121094,12x5x224x224x3,0.0,9.536743306171047e-08,0.0,
01181,train,1,20.521,18.082,1197,29.9,40.03344481605351,True,0.0,0,0.0,0.033444816053511704,1.900969543555675e-06,5.683898935231468e-05,False,40.0,12x5x224x224x3,0.0,9.536743306171047e-08,0.0,
01222,train,1,18.757,17.091,1233,30.6,40.29411764705882,True,0.0,0,0.0,0.032679738562091505,1.8948823026221362e-06,5.798339846023737e-05,False,40.261436462402344,12x5x224x224x3,0.0,9.536743306171047e-08,0.0,
01290,train,1,19.567,18.4,1213,30.0,40.43333333333333,True,0.0,0,0.0,0.03333333333333333,1.7801920577653618e-06,5.3405761732960855e-05,False,40.400001525878906,12x5x224x224x3,0.0,9.536743306171047e-08,0.0,
01301,train,1,20.209,19.262,1275,30.6,41.666666666666664,True,0.0,0,0.0,0.032679738562091505,1.8948823026221362e-06,5.798339846023737e-05,False,41.63398742675781,12x5x224x224x3,0.0,9.536743306171047e-08,0.0,
01295,train,1,19.442,15.357,1231,30.6,40.228758169934636,True,0.0,0,0.0,0.032679738562091505,1.8948823026221362e-06,5.798339846023737e-05,False,40.19607925415039,12x5x224x224x3,0.0,9.536743306171047e-08,0.0,
00093,train,0,,,1213,30.0,40.43333333333333,True,0.0,0,0.0,0.03333333333333333,1.7801920577653618e-06,5.3405761732960855e-05,False,40.400001525878906,12x5x224x224x3,0.0,,,
00411,train,0,,,1190,30.0,39.666666666666664,True,0.0,0,0.0,0.03333333333333333,1.7801920577653618e-06,5.3405761732960855e-05,False,39.63333511352539,12x5x224x224x3,0.0,,,
00258,train,0,,,1192,30.0,39.733333333333334,True,0.0,0,0.0,0.03333333333333333,1.7801920577653618e-06,5.3405761732960855e-05,False,39.70000076293945,12x5x224x224x3,0.0,,,
00400,train,0,,,1202,30.0,40.06666666666667,True,0.0,0,0.0,0.03333333333333333,1.7801920577653618e-06,5.3405761732960855e-05,False,40.03333282470703,12x5x224x224x3,0.0,,,
00706,train,0,,,1193,30.6,38.98692810457516,True,0.0,0,0.0,0.032679738562091505,1.8948823026221362e-06,5.798339846023737e-05,False,38.954246520996094,12x5x224x224x3,0.0,,,
01307,train,1,20.237,19.636,1194,29.9,39.93311036789298,True,0.0,0,0.0,0.033444816053511704,1.900969543555675e-06,5.683898935231468e-05,False,39.89966583251953,12x5x224x224x3,0.0,9.536743306171047e-08,0.0,
01019,train,1,19.233,17.7,1208,30.0,40.266666666666666,True,0.0,0,0.0,0.03333333333333333,1.7801920577653618e-06,5.3405761732960855e-05,False,40.233333587646484,12x5x224x224x3,0.0,9.536743306171047e-08,0.0,
00114,train,0,,,1200,29.9,40.13377926421405,True,0.0,0,0.0,0.033444816053511704,1.900969543555675e-06,5.683898935231468e-05,False,40.10033416748047,12x5x224x224x3,0.0,,,
00735,train,0,,,1207,30.0,40.233333333333334,True,0.0,0,0.0,0.03333333333333333,1.7801920577653618e-06,5.3405761732960855e-05,False,40.20000076293945,12x5x224x224x3,0.0,,,
00226,train,0,,,1203,30.0,40.1,True,0.0,0,0.0,0.03333333333333333,1.7801920577653618e-06,5.3405761732960855e-05,False,40.06666564941406,12x5x224x224x3,0.0,,,
00485,train,0,,,1172,29.7,39.46127946127946,True,0.0,0,0.0,0.03367003367003367,1.900926584141871e-06,5.6457519549013564e-05,False,39.427608489990234,12x5x224x224x3,0.0,,,
00008,train,0,,,540,30.0,18.0,True,0.0,0,0.0,0.03333333333333333,8.900960288826809e-07,2.6702880866480427e-05,False,17.96666717529297,12x5x224x224x3,0.0,,,
01141,train,1,9.192,5.762,540,30.0,18.0,True,0.0,0,0.0,0.03333333333333333,8.900960288826809e-07,2.6702880866480427e-05,False,17.96666717529297,12x5x224x224x3,0.0,9.536743128535363e-08,0.0,
00988,train,1,10.828,9.562,570,30.0,19.0,True,0.0,0,0.0,0.03333333333333333,8.900960288826809e-07,2.6702880866480427e-05,False,18.96666717529297,12x5x224x224x3,0.0,9.536743128535363e-08,0.0,
01109,train,1,13.778,10.075,1199,29.9,40.10033444816054,True,0.0,0,0.0,0.033444816053511704,1.900969543555675e-06,5.683898935231468e-05,False,40.066890716552734,12x5x224x224x3,0.0,9.536743128535363e-08,0.0,
00180,train,0,,,1189,30.0,39.63333333333333,True,0.0,0,0.0,0.03333333333333333,1.7801920577653618e-06,5.3405761732960855e-05,False,39.599998474121094,12x5x224x224x3,0.0,,,
00909,train,1,20.033,15.933,1208,30.0,40.266666666666666,True,0.0,0,0.0,0.03333333333333333,1.7801920577653618e-06,5.3405761732960855e-05,False,40.233333587646484,12x5x224x224x3,0.0,9.536743306171047e-08,0.0,
00410,train,0,,,1233,30.6,40.29411764705882,True,0.0,0,0.0,0.032679738562091505,1.8948823026221362e-06,5.798339846023737e-05,False,40.261436462402344,12x5x224x224x3,0.0,,,
00639,train,0,,,1201,30.0,40.03333333333333,True,0.0,0,0.0,0.03333333333333333,1.7801920577653618e-06,5.3405761732960855e-05,False,40.0,12x5x224x224x3,0.0,,,
01267,train,1,18.867,14.6,1140,30.0,38.0,True,0.0,0,0.0,0.03333333333333333,1.7801920577653618e-06,5.3405761732960855e-05,False,37.96666717529297,12x5x224x224x3,0.0,9.536743306171047e-08,0.0,
00598,train,0,,,1206,30.0,40.2,True,0.0,0,0.0,0.03333333333333333,1.7801920577653618e-06,5.3405761732960855e-05,False,40.16666793823242,12x5x224x224x3,0.0,,,
00462,train,0,,,1202,30.0,40.06666666666667,True,0.0,0,0.0,0.03333333333333333,1.7801920577653618e-06,5.3405761732960855e-05,False,40.03333282470703,12x5x224x224x3,0.0,,,
00390,train,0,,,1205,30.0,40.166666666666664,True,0.0,0,0.0,0.03333333333333333,1.7801920577653618e-06,5.3405761732960855e-05,False,40.13333511352539,12x5x224x224x3,0.0,,,
00006,train,0,,,1225,30.6,40.03267973856209,True,0.0,0,0.0,0.032679738562091505,1.8948823026221362e-06,5.798339846023737e-05,False,40.0,12x5x224x224x3,0.0,,,
00054,train,0,,,1246,30.5,40.85245901639344,True,0.0,0,0.0,0.03278688524590164,1.8760806241857608e-06,5.7220459037665705e-05,False,40.819671630859375,12x5x224x224x3,0.0,,,
00549,train,0,,,570,30.0,19.0,True,0.0,0,0.0,0.03333333333333333,8.900960288826809e-07,2.6702880866480427e-05,False,18.96666717529297,12x5x224x224x3,0.0,,,
00440,train,0,,,1195,30.0,39.833333333333336,True,0.0,0,0.0,0.03333333333333333,1.7801920577653618e-06,5.3405761732960855e-05,False,39.79999923706055,12x5x224x224x3,0.0,,,
01032,train,1,19.926,16.104,1199,30.6,39.18300653594771,True,0.0,0,0.0,0.032679738562091505,1.8948823026221362e-06,5.798339846023737e-05,False,39.150325775146484,12x5x224x224x3,0.0,9.536743306171047e-08,0.0,
01076,train,1,18.682,18.306,1179,29.2,40.37671232876713,True,0.0,0,0.0,0.03424657534246575,1.8812205695439843e-06,5.493164063068434e-05,False,40.342464447021484,12x5x224x224x3,0.0,9.536743306171047e-08,0.0,
00394,train,0,,,1186,29.9,39.66555183946488,True,0.0,0,0.0,0.033444816053511704,1.900969543555675e-06,5.683898935231468e-05,False,39.63210678100586,12x5x224x224x3,0.0,,,
01419,train,1,9.861,8.729,570,30.0,19.0,True,0.0,0,0.0,0.03333333333333333,8.900960288826809e-07,2.6702880866480427e-05,False,18.96666717529297,12x5x224x224x3,0.0,9.536743128535363e-08,0.0,
00991,train,1,20.567,18.6,1199,30.0,39.96666666666667,True,0.0,0,0.0,0.03333333333333333,1.7801920577653618e-06,5.3405761732960855e-05,False,39.93333435058594,12x5x224x224x3,0.0,9.536743306171047e-08,0.0,
01067,train,1,20.5,19.167,1207,30.0,40.233333333333334,True,0.0,0,0.0,0.03333333333333333,1.7801920577653618e-06,5.3405761732960855e-05,False,40.20000076293945,12x5x224x224x3,0.0,9.536743306171047e-08,0.0,
01033,train,1,20.333,18.8,1201,30.0,40.03333333333333,True,0.0,0,0.0,0.03333333333333333,1.7801920577653618e-06,5.3405761732960855e-05,False,40.0,12x5x224x224x3,0.0,9.536743306171047e-08,0.0,
00708,train,0,,,570,30.0,19.0,True,0.0,0,0.0,0.03333333333333333,8.900960288826809e-07,2.6702880866480427e-05,False,18.96666717529297,12x5x224x224x3,0.0,,,
00908,train,1,19.033,18.233,1190,30.0,39.666666666666664,True,0.0,0,0.0,0.03333333333333333,1.7801920577653618e-06,5.3405761732960855e-05,False,39.63333511352539,12x5x224x224x3,0.0,9.536743306171047e-08,0.0,
00523,train,0,,,1236,30.6,40.3921568627451,True,0.0,0,0.0,0.032679738562091505,1.8948823026221362e-06,5.798339846023737e-05,False,40.35947799682617,12x5x224x224x3,0.0,,,
00300,train,0,,,540,30.0,18.0,True,0.0,0,0.0,0.03333333333333333,8.900960288826809e-07,2.6702880866480427e-05,False,17.96666717529297,12x5x224x224x3,0.0,,,
01042,train,1,18.967,17.067,1205,30.0,40.166666666666664,True,0.0,0,0.0,0.03333333333333333,1.7801920577653618e-06,5.3405761732960855e-05,False,40.13333511352539,12x5x224x224x3,0.0,9.536743306171047e-08,0.0,
00438,train,0,,,1201,30.0,40.03333333333333,True,0.0,0,0.0,0.03333333333333333,1.7801920577653618e-06,5.3405761732960855e-05,False,40.0,12x5x224x224x3,0.0,,,
00545,train,0,,,540,30.0,18.0,True,0.0,0,0.0,0.03333333333333333,8.900960288826809e-07,2.6702880866480427e-05,False,17.96666717529297,12x5x224x224x3,0.0,,,
00408,train,0,,,1230,30.0,41.0,True,0.0,0,0.0,0.03333333333333333,1.7801920577653618e-06,5.3405761732960855e-05,False,40.96666717529297,12x5x224x224x3,0.0,,,
00145,train,0,,,1205,30.0,40.166666666666664,True,0.0,0,0.0,0.03333333333333333,1.7801920577653618e-06,5.3405761732960855e-05,False,40.13333511352539,12x5x224x224x3,0.0,,,
00544,train,0,,,1200,30.0,40.0,True,0.0,0,0.0,0.03333333333333333,1.7801920577653618e-06,5.3405761732960855e-05,False,39.96666717529297,12x5x224x224x3,0.0,,,
00486,train,0,,,1214,30.0,40.46666666666667,True,0.0,0,0.0,0.03333333333333333,1.7801920577653618e-06,5.3405761732960855e-05,False,40.43333435058594,12x5x224x224x3,0.0,,,
01086,train,1,19.933,17.7,1203,30.0,40.1,True,0.0,0,0.0,0.03333333333333333,1.7801920577653618e-06,5.3405761732960855e-05,False,40.06666564941406,12x5x224x224x3,0.0,9.536743306171047e-08,0.0,
00078,train,0,,,540,30.0,18.0,True,0.0,0,0.0,0.03333333333333333,8.900960288826809e-07,2.6702880866480427e-05,False,17.96666717529297,12x5x224x224x3,0.0,,,
01157,train,1,19.033,17.6,1210,30.0,40.333333333333336,True,0.0,0,0.0,0.03333333333333333,1.7801920577653618e-06,5.3405761732960855e-05,False,40.29999923706055,12x5x224x224x3,0.0,9.536743306171047e-08,0.0,
01495,train,1,19.933,18.633,1217,30.0,40.56666666666667,True,0.0,0,0.0,0.03333333333333333,1.7801920577653618e-06,5.3405761732960855e-05,False,40.53333282470703,12x5x224x224x3,0.0,9.536743306171047e-08,0.0,
00702,train,0,,,1226,30.6,40.06535947712418,True,0.0,0,0.0,0.032679738562091505,1.8948823026221362e-06,5.798339846023737e-05,False,40.03268051147461,12x5x224x224x3,0.0,,,
01494,train,1,10.195,8.929,570,30.0,19.0,True,0.0,0,0.0,0.03333333333333333,8.900960288826809e-07,2.6702880866480427e-05,False,18.96666717529297,12x5x224x224x3,0.0,9.536743128535363e-08,0.0,
00373,train,0,,,1216,30.0,40.53333333333333,True,0.0,0,0.0,0.03333333333333333,1.7801920577653618e-06,5.3405761732960855e-05,False,40.5,12x5x224x224x3,0.0,,,
00803,train,1,20.967,20.067,1188,30.0,39.6,True,0.0,0,0.0,0.03333333333333333,1.7801920577653618e-06,5.3405761732960855e-05,False,39.56666564941406,12x5x224x224x3,0.0,9.536743306171047e-08,0.0,
01223,train,1,20.34,19.459,1234,30.6,40.326797385620914,True,0.0,0,0.0,0.032679738562091505,1.8948823026221362e-06,5.798339846023737e-05,False,40.29411697387695,12x5x224x224x3,0.0,9.536743306171047e-08,0.0,
01154,train,1,19.0,16.968,1228,31.0,39.61290322580645,True,0.0,0,0.0,0.03225806451612903,1.8458212593941425e-06,5.722045904121842e-05,False,39.58064651489258,12x5x224x224x3,0.0,9.536743306171047e-08,0.0,
00696,train,0,,,540,30.0,18.0,True,0.0,0,0.0,0.03333333333333333,8.900960288826809e-07,2.6702880866480427e-05,False,17.96666717529297,12x5x224x224x3,0.0,,,
00261,train,0,,,1230,30.6,40.19607843137255,True,0.0,0,0.0,0.032679738562091505,1.8948823026221362e-06,5.798339846023737e-05,False,40.16339874267578,12x5x224x224x3,0.0,,,
00425,train,0,,,1202,30.0,40.06666666666667,True,0.0,0,0.0,0.03333333333333333,1.7801920577653618e-06,5.3405761732960855e-05,False,40.03333282470703,12x5x224x224x3,0.0,,,
01402,train,1,20.333,18.967,1204,30.0,40.13333333333333,True,0.0,0,0.0,0.03333333333333333,1.7801920577653618e-06,5.3405761732960855e-05,False,40.099998474121094,12x5x224x224x3,0.0,9.536743306171047e-08,0.0,
00349,train,0,,,1205,29.7,40.572390572390574,True,0.0,0,0.0,0.03367003367003367,1.900926584141871e-06,5.6457519549013564e-05,False,40.538719177246094,12x5x224x224x3,0.0,,,
00915,train,1,21.722,20.787,1263,29.9,42.240802675585286,True,0.0,0,0.0,0.033444816053511704,1.900969543555675e-06,5.683898935231468e-05,False,42.207359313964844,12x5x224x224x3,0.0,9.536743306171047e-08,0.0,
01043,train,1,19.5,17.667,1217,30.0,40.56666666666667,True,0.0,0,0.0,0.03333333333333333,1.7801920577653618e-06,5.3405761732960855e-05,False,40.53333282470703,12x5x224x224x3,0.0,9.536743306171047e-08,0.0,
01145,train,1,19.9,18.967,1217,30.0,40.56666666666667,True,0.0,0,0.0,0.03333333333333333,1.7801920577653618e-06,5.3405761732960855e-05,False,40.53333282470703,12x5x224x224x3,0.0,9.536743306171047e-08,0.0,
01256,train,1,22.752,21.549,1308,29.9,43.745819397993316,True,0.0,0,0.0,0.033444816053511704,1.900969543555675e-06,5.683898935231468e-05,False,43.71237564086914,12x5x224x224x3,0.0,9.536743306171047e-08,0.0,
00872,train,1,19.398,17.928,1215,30.6,39.705882352941174,True,0.0,0,0.0,0.032679738562091505,1.8948823026221362e-06,5.798339846023737e-05,False,39.67320251464844,12x5x224x224x3,0.0,9.536743306171047e-08,0.0,
01026,train,1,19.3,17.633,1206,30.0,40.2,True,0.0,0,0.0,0.03333333333333333,1.7801920577653618e-06,5.3405761732960855e-05,False,40.16666793823242,12x5x224x224x3,0.0,9.536743306171047e-08,0.0,
00431,train,0,,,1195,30.0,39.833333333333336,True,0.0,0,0.0,0.03333333333333333,1.7801920577653618e-06,5.3405761732960855e-05,False,39.79999923706055,12x5x224x224x3,0.0,,,
00800,train,1,19.9,17.867,1200,30.0,40.0,True,0.0,0,0.0,0.03333333333333333,1.7801920577653618e-06,5.3405761732960855e-05,False,39.96666717529297,12x5x224x224x3,0.0,9.536743306171047e-08,0.0,
01000,train,1,18.25,17.367,1226,30.5,40.19672131147541,True,0.0,0,0.0,0.03278688524590164,1.8760806241857608e-06,5.7220459037665705e-05,False,40.16393280029297,12x5x224x224x3,0.0,9.536743306171047e-08,0.0,
00147,train,0,,,540,30.0,18.0,True,0.0,0,0.0,0.03333333333333333,8.900960288826809e-07,2.6702880866480427e-05,False,17.96666717529297,12x5x224x224x3,0.0,,,
01136,train,1,18.933,18.0,1182,30.0,39.4,True,0.0,0,0.0,0.03333333333333333,1.7801920577653618e-06,5.3405761732960855e-05,False,39.36666488647461,12x5x224x224x3,0.0,9.536743306171047e-08,0.0,
01140,train,1,21.432,17.684,1221,30.4,40.16447368421053,True,0.0,0,0.0,0.03289473684210526,1.806961861916534e-06,5.493164060226263e-05,False,40.1315803527832,12x5x224x224x3,0.0,9.536743306171047e-08,0.0,
00185,train,0,,,1156,30.0,38.53333333333333,True,0.0,0,0.0,0.03333333333333333,1.7801920577653618e-06,5.3405761732960855e-05,False,38.5,12x5x224x224x3,0.0,,,
01118,train,1,20.8,19.833,1283,30.0,42.766666666666666,True,0.0,0,0.0,0.03333333333333333,1.7801920577653618e-06,5.3405761732960855e-05,False,42.733333587646484,12x5x224x224x3,0.0,9.536743306171047e-08,0.0,
00157,train,0,,,1201,30.0,40.03333333333333,True,0.0,0,0.0,0.03333333333333333,1.7801920577653618e-06,5.3405761732960855e-05,False,40.0,12x5x224x224x3,0.0,,,
00381,train,0,,,1217,29.9,40.702341137123746,True,0.0,0,0.0,0.033444816053511704,1.900969543555675e-06,5.683898935231468e-05,False,40.66889572143555,12x5x224x224x3,0.0,,,
01056,train,1,20.05,19.167,1202,30.0,40.06666666666667,True,0.0,0,0.0,0.03333333333333333,1.7801920577653618e-06,5.3405761732960855e-05,False,40.03333282470703,12x5x224x224x3,0.0,9.536743306171047e-08,0.0,
00010,train,0,,,1240,30.6,40.52287581699346,True,0.0,0,0.0,0.032679738562091505,1.8948823026221362e-06,5.798339846023737e-05,False,40.490196228027344,12x5x224x224x3,0.0,,,
00971,train,1,20.232,18.14,1232,30.5,40.39344262295082,True,0.0,0,0.0,0.03278688524590164,1.8760806241857608e-06,5.7220459037665705e-05,False,40.36065673828125,12x5x224x224x3,0.0,9.536743306171047e-08,0.0,
00302,train,0,,,1231,30.0,41.03333333333333,True,0.0,0,0.0,0.03333333333333333,1.7801920577653618e-06,5.3405761732960855e-05,False,41.0,12x5x224x224x3,0.0,,,
00934,train,1,18.533,17.2,1178,30.0,39.266666666666666,True,0.0,0,0.0,0.03333333333333333,1.7801920577653618e-06,5.3405761732960855e-05,False,39.233333587646484,12x5x224x224x3,0.0,9.536743306171047e-08,0.0,
00963,train,1,19.067,18.4,1210,30.0,40.333333333333336,True,0.0,0,0.0,0.03333333333333333,1.7801920577653618e-06,5.3405761732960855e-05,False,40.29999923706055,12x5x224x224x3,0.0,9.536743306171047e-08,0.0,
00126,train,0,,,1206,29.9,40.33444816053512,True,0.0,0,0.0,0.033444816053511704,1.900969543555675e-06,5.683898935231468e-05,False,40.301002502441406,12x5x224x224x3,0.0,,,
01483,train,1,19.133,17.8,1219,30.0,40.63333333333333,True,0.0,0,0.0,0.03333333333333333,1.7801920577653618e-06,5.3405761732960855e-05,False,40.599998474121094,12x5x224x224x3,0.0,9.536743306171047e-08,0.0,
01327,train,1,18.66,17.908,1242,30.6,40.588235294117645,True,0.0,0,0.0,0.032679738562091505,1.8948823026221362e-06,5.798339846023737e-05,False,40.55555725097656,12x5x224x224x3,0.0,9.536743306171047e-08,0.0,
01108,train,1,36.4,34.9,1218,30.0,40.6,True,0.0,0,0.0,0.03333333333333333,1.7801920577653618e-06,5.3405761732960855e-05,False,40.56666564941406,12x5x224x224x3,0.0,9.536743306171047e-08,0.0,
00309,train,0,,,1192,30.0,39.733333333333334,True,0.0,0,0.0,0.03333333333333333,1.7801920577653618e-06,5.3405761732960855e-05,False,39.70000076293945,12x5x224x224x3,0.0,,,
00000,train,0,,,1200,30.0,40.0,True,0.0,0,0.0,0.03333333333333333,1.7801920577653618e-06,5.3405761732960855e-05,False,39.96666717529297,12x5x224x224x3,0.0,,,
00678,train,0,,,540,30.0,18.0,True,0.0,0,0.0,0.03333333333333333,8.900960288826809e-07,2.6702880866480427e-05,False,17.96666717529297,12x5x224x224x3,0.0,,,
00033,train,0,,,1223,30.0,40.766666666666666,True,0.0,0,0.0,0.03333333333333333,1.7801920577653618e-06,5.3405761732960855e-05,False,40.733333587646484,12x5x224x224x3,0.0,,,
00203,train,0,,,1238,30.6,40.45751633986928,True,0.0,0,0.0,0.032679738562091505,1.8948823026221362e-06,5.798339846023737e-05,False,40.424835205078125,12x5x224x224x3,0.0,,,
01185,train,1,19.53,18.387,1212,30.6,39.6078431372549,True,0.0,0,0.0,0.032679738562091505,1.8948823026221362e-06,5.798339846023737e-05,False,39.575164794921875,12x5x224x224x3,0.0,9.536743306171047e-08,0.0,
00804,train,1,20.15,18.515,1199,29.9,40.10033444816054,True,0.0,0,0.0,0.033444816053511704,1.900969543555675e-06,5.683898935231468e-05,False,40.066890716552734,12x5x224x224x3,0.0,9.536743306171047e-08,0.0,
00947,train,1,19.2,18.167,1188,30.0,39.6,True,0.0,0,0.0,0.03333333333333333,1.7801920577653618e-06,5.3405761732960855e-05,False,39.56666564941406,12x5x224x224x3,0.0,9.536743306171047e-08,0.0,
00755,train,1,19.953,17.551,967,29.9,32.341137123745824,True,0.0,0,0.0,0.033444816053511704,1.7989040657084843e-06,5.378723156468368e-05,False,32.30769348144531,12x5x224x224x3,0.0,9.536743306171047e-08,0.0,
00070,train,0,,,1200,29.9,40.13377926421405,True,0.0,0,0.0,0.033444816053511704,1.900969543555675e-06,5.683898935231468e-05,False,40.10033416748047,12x5x224x224x3,0.0,,,
00182,train,0,,,1205,30.0,40.166666666666664,True,0.0,0,0.0,0.03333333333333333,1.7801920577653618e-06,5.3405761732960855e-05,False,40.13333511352539,12x5x224x224x3,0.0,,,
01068,train,1,18.933,18.7,1210,30.0,40.333333333333336,True,0.0,0,0.0,0.03333333333333333,1.7801920577653618e-06,5.3405761732960855e-05,False,40.29999923706055,12x5x224x224x3,0.0,9.536743306171047e-08,0.0,
01027,train,1,20.1,19.267,1217,30.0,40.56666666666667,True,0.0,0,0.0,0.03333333333333333,1.7801920577653618e-06,5.3405761732960855e-05,False,40.53333282470703,12x5x224x224x3,0.0,9.536743306171047e-08,0.0,
00003,train,0,,,1147,30.2,37.980132450331126,True,0.0,0,0.0,0.033112582781456956,1.8947171867012003e-06,5.7220459038376244e-05,False,37.947021484375,12x5x224x224x3,0.0,,,
01125,train,1,19.767,17.567,1191,30.0,39.7,True,0.0,0,0.0,0.03333333333333333,1.7801920577653618e-06,5.3405761732960855e-05,False,39.66666793823242,12x5x224x224x3,0.0,9.536743306171047e-08,0.0,
00049,train,0,,,1253,30.6,40.947712418300654,True,0.0,0,0.0,0.032679738562091505,1.8948823026221362e-06,5.798339846023737e-05,False,40.91503143310547,12x5x224x224x3,0.0,,,
01119,train,1,21.302,18.998,1217,29.9,40.702341137123746,True,0.0,0,0.0,0.033444816053511704,1.900969543555675e-06,5.683898935231468e-05,False,40.66889572143555,12x5x224x224x3,0.0,9.536743306171047e-08,0.0,
00929,train,1,20.874,20.809,1227,30.6,40.09803921568627,True,0.0,0,0.0,0.032679738562091505,1.8948823026221362e-06,5.798339846023737e-05,False,40.06536102294922,12x5x224x224x3,0.0,9.536743306171047e-08,0.0,
00042,train,0,,,1160,30.0,38.666666666666664,True,0.0,0,0.0,0.03333333333333333,1.7801920577653618e-06,5.3405761732960855e-05,False,38.63333511352539,12x5x224x224x3,0.0,,,
01230,train,1,20.1,18.867,1206,30.0,40.2,True,0.0,0,0.0,0.03333333333333333,1.7801920577653618e-06,5.3405761732960855e-05,False,40.16666793823242,12x5x224x224x3,0.0,9.536743306171047e-08,0.0,
00009,train,0,,,1131,30.5,37.08196721311475,True,0.0,0,0.0,0.03278688524590164,1.8760806241857608e-06,5.7220459037665705e-05,False,37.04917907714844,12x5x224x224x3,0.0,,,
01226,train,1,19.665,19.109,1228,30.6,40.130718954248366,True,0.0,0,0.0,0.032679738562091505,1.8948823026221362e-06,5.798339846023737e-05,False,40.09803771972656,12x5x224x224x3,0.0,9.536743306171047e-08,0.0,
01052,train,1,20.167,18.867,1211,30.0,40.36666666666667,True,0.0,0,0.0,0.03333333333333333,1.7801920577653618e-06,5.3405761732960855e-05,False,40.33333206176758,12x5x224x224x3,0.0,9.536743306171047e-08,0.0,
00515,train,0,,,1421,30.0,47.36666666666667,True,0.0,0,0.0,0.03333333333333333,1.7801920577653618e-06,5.3405761732960855e-05,False,47.33333206176758,12x5x224x224x3,0.0,,,
00374,train,0,,,1206,30.0,40.2,True,0.0,0,0.0,0.03333333333333333,1.7801920577653618e-06,5.3405761732960855e-05,False,40.16666793823242,12x5x224x224x3,0.0,,,
00937,train,1,19.343,17.97,1231,30.6,40.228758169934636,True,0.0,0,0.0,0.032679738562091505,1.8948823026221362e-06,5.798339846023737e-05,False,40.19607925415039,12x5x224x224x3,0.0,9.536743306171047e-08,0.0,
01458,train,1,20.048,18.546,1229,30.6,40.16339869281045,True,0.0,0,0.0,0.032679738562091505,1.8948823026221362e-06,5.798339846023737e-05,False,40.13071823120117,12x5x224x224x3,0.0,9.536743306171047e-08,0.0,
00423,train,0,,,540,30.0,18.0,True,0.0,0,0.0,0.03333333333333333,8.900960288826809e-07,2.6702880866480427e-05,False,17.96666717529297,12x5x224x224x3,0.0,,,
00259,train,0,,,1800,30.0,60.0,True,0.0,0,0.0,0.03333333333333333,1.7801920577653618e-06,5.3405761732960855e-05,False,59.96666717529297,12x5x224x224x3,0.0,,,
01482,train,1,9.263,8.863,540,30.0,18.0,True,0.0,0,0.0,0.03333333333333333,8.900960288826809e-07,2.6702880866480427e-05,False,17.96666717529297,12x5x224x224x3,0.0,9.536743128535363e-08,0.0,
01284,train,1,19.567,17.8,1200,30.0,40.0,True,0.0,0,0.0,0.03333333333333333,1.7801920577653618e-06,5.3405761732960855e-05,False,39.96666717529297,12x5x224x224x3,0.0,9.536743306171047e-08,0.0,
01373,train,1,19.795,17.803,1233,30.6,40.29411764705882,True,0.0,0,0.0,0.032679738562091505,1.8948823026221362e-06,5.798339846023737e-05,False,40.261436462402344,12x5x224x224x3,0.0,9.536743306171047e-08,0.0,
01090,train,1,20.217,19.448,1207,29.9,40.36789297658863,True,0.0,0,0.0,0.033444816053511704,1.900969543555675e-06,5.683898935231468e-05,False,40.334449768066406,12x5x224x224x3,0.0,9.536743306171047e-08,0.0,
00278,train,0,,,1206,29.9,40.33444816053512,True,0.0,0,0.0,0.033444816053511704,1.900969543555675e-06,5.683898935231468e-05,False,40.301002502441406,12x5x224x224x3,0.0,,,
01212,train,1,19.947,17.462,1225,30.5,40.16393442622951,True,0.0,0,0.0,0.03278688524590164,1.8760806241857608e-06,5.7220459037665705e-05,False,40.13114929199219,12x5x224x224x3,0.0,9.536743306171047e-08,0.0,
00311,train,0,,,1202,30.0,40.06666666666667,True,0.0,0,0.0,0.03333333333333333,1.7801920577653618e-06,5.3405761732960855e-05,False,40.03333282470703,12x5x224x224x3,0.0,,,
01264,train,1,20.804,17.052,1196,29.8,40.13422818791946,True,0.0,0,0.0,0.03355704697986577,1.8945476369935932e-06,5.645751958240908e-05,False,40.100669860839844,12x5x224x224x3,0.0,9.536743306171047e-08,0.0,
01421,train,1,11.699,9.132,570,30.0,19.0,True,0.0,0,0.0,0.03333333333333333,8.900960288826809e-07,2.6702880866480427e-05,False,18.96666717529297,12x5x224x224x3,0.0,9.536743128535363e-08,0.0,
00194,train,0,,,1213,30.0,40.43333333333333,True,0.0,0,0.0,0.03333333333333333,1.7801920577653618e-06,5.3405761732960855e-05,False,40.400001525878906,12x5x224x224x3,0.0,,,
00967,train,1,25.7,22.133,1363,30.0,45.43333333333333,True,0.0,0,0.0,0.03333333333333333,1.7801920577653618e-06,5.3405761732960855e-05,False,45.400001525878906,12x5x224x224x3,0.0,9.536743306171047e-08,0.0,
00362,train,0,,,1219,30.0,40.63333333333333,True,0.0,0,0.0,0.03333333333333333,1.7801920577653618e-06,5.3405761732960855e-05,False,40.599998474121094,12x5x224x224x3,0.0,,,
01275,train,1,18.336,18.303,1177,30.0,39.233333333333334,True,0.0,0,0.0,0.03333333333333333,1.7801920577653618e-06,5.3405761732960855e-05,False,39.20000076293945,12x5x224x224x3,0.0,9.536743306171047e-08,0.0,
01371,train,1,19.5,18.533,1202,30.0,40.06666666666667,True,0.0,0,0.0,0.03333333333333333,1.7801920577653618e-06,5.3405761732960855e-05,False,40.03333282470703,12x5x224x224x3,0.0,9.536743306171047e-08,0.0,
00168,train,0,,,1341,30.0,44.7,True,0.0,0,0.0,0.03333333333333333,1.7801920577653618e-06,5.3405761732960855e-05,False,44.66666793823242,12x5x224x224x3,0.0,,,
01474,train,1,19.9,18.233,1172,30.0,39.06666666666667,True,0.0,0,0.0,0.03333333333333333,1.7801920577653618e-06,5.3405761732960855e-05,False,39.03333282470703,12x5x224x224x3,0.0,9.536743306171047e-08,0.0,
00978,train,1,20.167,17.7,1200,30.0,40.0,True,0.0,0,0.0,0.03333333333333333,1.7801920577653618e-06,5.3405761732960855e-05,False,39.96666717529297,12x5x224x224x3,0.0,9.536743306171047e-08,0.0,
01036,train,1,21.633,21.5,1256,30.0,41.86666666666667,True,0.0,0,0.0,0.03333333333333333,1.7801920577653618e-06,5.3405761732960855e-05,False,41.83333206176758,12x5x224x224x3,0.0,9.536743306171047e-08,0.0,
00289,train,0,,,1176,30.0,39.2,True,0.0,0,0.0,0.03333333333333333,1.7801920577653618e-06,5.3405761732960855e-05,False,39.16666793823242,12x5x224x224x3,0.0,,,
00625,train,0,,,1358,30.0,45.266666666666666,True,0.0,0,0.0,0.03333333333333333,1.7801920577653618e-06,5.3405761732960855e-05,False,45.233333587646484,12x5x224x224x3,0.0,,,
00891,train,1,19.405,17.968,1225,30.6,40.03267973856209,True,0.0,0,0.0,0.032679738562091505,1.8948823026221362e-06,5.798339846023737e-05,False,40.0,12x5x224x224x3,0.0,9.536743306171047e-08,0.0,
01258,train,1,20.744,18.816,1242,30.6,40.588235294117645,True,0.0,0,0.0,0.032679738562091505,1.8948823026221362e-06,5.798339846023737e-05,False,40.55555725097656,12x5x224x224x3,0.0,9.536743306171047e-08,0.0,
01299,train,1,19.2,17.2,1210,30.0,40.333333333333336,True,0.0,0,0.0,0.03333333333333333,1.7801920577653618e-06,5.3405761732960855e-05,False,40.29999923706055,12x5x224x224x3,0.0,9.536743306171047e-08,0.0,
00668,train,0,,,1226,30.6,40.06535947712418,True,0.0,0,0.0,0.032679738562091505,1.8948823026221362e-06,5.798339846023737e-05,False,40.03268051147461,12x5x224x224x3,0.0,,,
01049,train,1,20.167,18.3,1228,30.0,40.93333333333333,True,0.0,0,0.0,0.03333333333333333,1.7801920577653618e-06,5.3405761732960855e-05,False,40.900001525878906,12x5x224x224x3,0.0,9.536743306171047e-08,0.0,
00876,train,1,20.049,17.934,932,29.7,31.38047138047138,True,0.0,0,0.0,0.03367003367003367,9.504632920709355e-07,2.8228759774506782e-05,False,31.3468017578125,12x5x224x224x3,0.0,9.536743306171047e-08,0.0,
00509,train,0,,,1243,30.0,41.43333333333333,True,0.0,0,0.0,0.03333333333333333,1.7801920577653618e-06,5.3405761732960855e-05,False,41.400001525878906,12x5x224x224x3,0.0,,,
00731,train,0,,,1203,30.0,40.1,True,0.0,0,0.0,0.03333333333333333,1.7801920577653618e-06,5.3405761732960855e-05,False,40.06666564941406,12x5x224x224x3,0.0,,,
01349,train,1,19.933,19.833,1203,30.0,40.1,True,0.0,0,0.0,0.03333333333333333,1.7801920577653618e-06,5.3405761732960855e-05,False,40.06666564941406,12x5x224x224x3,0.0,9.536743306171047e-08,0.0,
01130,train,1,19.22,17.817,1205,30.6,39.37908496732026,True,0.0,0,0.0,0.032679738562091505,1.8948823026221362e-06,5.798339846023737e-05,False,39.346405029296875,12x5x224x224x3,0.0,9.536743306171047e-08,0.0,
00428,train,0,,,1219,30.0,40.63333333333333,True,0.0,0,0.0,0.03333333333333333,1.7801920577653618e-06,5.3405761732960855e-05,False,40.599998474121094,12x5x224x224x3,0.0,,,
00367,train,0,,,1242,30.0,41.4,True,0.0,0,0.0,0.03333333333333333,1.7801920577653618e-06,5.3405761732960855e-05,False,41.36666488647461,12x5x224x224x3,0.0,,,
00368,train,0,,,1230,30.6,40.19607843137255,True,0.0,0,0.0,0.032679738562091505,1.8948823026221362e-06,5.798339846023737e-05,False,40.16339874267578,12x5x224x224x3,0.0,,,
00824,train,1,18.6,17.8,1185,30.0,39.5,True,0.0,0,0.0,0.03333333333333333,1.7801920577653618e-06,5.3405761732960855e-05,False,39.46666717529297,12x5x224x224x3,0.0,9.536743306171047e-08,0.0,
01492,train,1,20.067,18.767,1208,30.0,40.266666666666666,True,0.0,0,0.0,0.03333333333333333,1.7801920577653618e-06,5.3405761732960855e-05,False,40.233333587646484,12x5x224x224x3,0.0,9.536743306171047e-08,0.0,
01114,train,1,19.367,17.9,1217,30.0,40.56666666666667,True,0.0,0,0.0,0.03333333333333333,1.7801920577653618e-06,5.3405761732960855e-05,False,40.53333282470703,12x5x224x224x3,0.0,9.536743306171047e-08,0.0,
01121,train,1,19.282,18.269,1239,30.5,40.622950819672134,True,0.0,0,0.0,0.03278688524590164,1.8760806241857608e-06,5.7220459037665705e-05,False,40.59016418457031,12x5x224x224x3,0.0,9.536743306171047e-08,0.0,
00268,train,0,,,1217,30.0,40.56666666666667,True,0.0,0,0.0,0.03333333333333333,1.7801920577653618e-06,5.3405761732960855e-05,False,40.53333282470703,12x5x224x224x3,0.0,,,
01156,train,1,20.152,18.159,1202,30.6,39.28104575163398,True,0.0,0,0.0,0.032679738562091505,1.8948823026221362e-06,5.798339846023737e-05,False,39.24836730957031,12x5x224x224x3,0.0,9.536743306171047e-08,0.0,
01441,train,1,20.233,18.967,1206,30.0,40.2,True,0.0,0,0.0,0.03333333333333333,1.7801920577653618e-06,5.3405761732960855e-05,False,40.16666793823242,12x5x224x224x3,0.0,9.536743306171047e-08,0.0,
00895,train,1,19.133,18.167,1206,30.0,40.2,True,0.0,0,0.0,0.03333333333333333,1.7801920577653618e-06,5.3405761732960855e-05,False,40.16666793823242,12x5x224x224x3,0.0,9.536743306171047e-08,0.0,
00488,train,0,,,1229,30.6,40.16339869281045,True,0.0,0,0.0,0.032679738562091505,1.8948823026221362e-06,5.798339846023737e-05,False,40.13071823120117,12x5x224x224x3,0.0,,,
01188,train,1,7.333,5.533,570,30.0,19.0,True,0.0,0,0.0,0.03333333333333333,8.900960288826809e-07,2.6702880866480427e-05,False,18.96666717529297,12x5x224x224x3,0.0,9.536743128535363e-08,0.0,
00572,train,0,,,1184,29.5,40.13559322033898,True,0.0,0,0.0,0.03389830508474576,1.8750206933759728e-06,5.53131104545912e-05,False,40.1016960144043,12x5x224x224x3,0.0,,,
01246,train,1,20.567,17.367,1207,30.0,40.233333333333334,True,0.0,0,0.0,0.03333333333333333,1.7801920577653618e-06,5.3405761732960855e-05,False,40.20000076293945,12x5x224x224x3,0.0,9.536743306171047e-08,0.0,
00884,train,1,19.962,18.492,1241,30.6,40.55555555555556,True,0.0,0,0.0,0.032679738562091505,1.8948823026221362e-06,5.798339846023737e-05,False,40.52287673950195,12x5x224x224x3,0.0,9.536743306171047e-08,0.0,
00983,train,1,19.7,16.667,1206,30.0,40.2,True,0.0,0,0.0,0.03333333333333333,1.7801920577653618e-06,5.3405761732960855e-05,False,40.16666793823242,12x5x224x224x3,0.0,9.536743306171047e-08,0.0,
00999,train,1,21.157,20.341,1228,30.6,40.130718954248366,True,0.0,0,0.0,0.032679738562091505,1.8948823026221362e-06,5.798339846023737e-05,False,40.09803771972656,12x5x224x224x3,0.0,9.536743306171047e-08,0.0,
00075,train,0,,,1201,30.0,40.03333333333333,True,0.0,0,0.0,0.03333333333333333,1.7801920577653618e-06,5.3405761732960855e-05,False,40.0,12x5x224x224x3,0.0,,,
00730,train,0,,,1201,29.9,40.16722408026756,True,0.0,0,0.0,0.033444816053511704,1.900969543555675e-06,5.683898935231468e-05,False,40.1337776184082,12x5x224x224x3,0.0,,,
00132,train,0,,,1236,30.6,40.3921568627451,True,0.0,0,0.0,0.032679738562091505,1.8948823026221362e-06,5.798339846023737e-05,False,40.35947799682617,12x5x224x224x3,0.0,,,
01063,train,1,11.299,9.332,540,30.0,18.0,True,0.0,0,0.0,0.03333333333333333,8.900960288826809e-07,2.6702880866480427e-05,False,17.96666717529297,12x5x224x224x3,0.0,9.536743128535363e-08,0.0,
01413,train,1,20.425,18.693,1237,30.5,40.557377049180324,True,0.0,0,0.0,0.03278688524590164,1.8760806241857608e-06,5.7220459037665705e-05,False,40.52458953857422,12x5x224x224x3,0.0,9.536743306171047e-08,0.0,
00151,train,0,,,1191,30.0,39.7,True,0.0,0,0.0,0.03333333333333333,1.7801920577653618e-06,5.3405761732960855e-05,False,39.66666793823242,12x5x224x224x3,0.0,,,
00693,train,0,,,1239,30.6,40.49019607843137,True,0.0,0,0.0,0.032679738562091505,1.8948823026221362e-06,5.798339846023737e-05,False,40.457515716552734,12x5x224x224x3,0.0,,,
01174,train,1,18.323,17.174,1171,30.4,38.51973684210527,True,0.0,0,0.0,0.03289473684210526,1.806961861916534e-06,5.493164060226263e-05,False,38.48684310913086,12x5x224x224x3,0.0,9.536743306171047e-08,0.0,
00880,train,1,19.083,18.4,1216,30.0,40.53333333333333,True,0.0,0,0.0,0.03333333333333333,1.7801920577653618e-06,5.3405761732960855e-05,False,40.5,12x5x224x224x3,0.0,9.536743306171047e-08,0.0,
00265,train,0,,,1190,29.1,40.893470790378004,True,0.0,0,0.0,0.034364261168384876,1.900794174503062e-06,5.531311047803911e-05,False,40.859107971191406,12x5x224x224x3,0.0,,,
00450,train,0,,,1201,30.0,40.03333333333333,True,0.0,0,0.0,0.03333333333333333,1.7801920577653618e-06,5.3405761732960855e-05,False,40.0,12x5x224x224x3,0.0,,,
00155,train,0,,,1207,30.6,39.44444444444444,True,0.0,0,0.0,0.032679738562091505,1.8948823026221362e-06,5.798339846023737e-05,False,39.411766052246094,12x5x224x224x3,0.0,,,
00813,train,1,19.805,18.629,1246,30.5,40.85245901639344,True,0.0,0,0.0,0.03278688524590164,1.8760806241857608e-06,5.7220459037665705e-05,False,40.819671630859375,12x5x224x224x3,0.0,9.536743306171047e-08,0.0,
00776,train,1,19.11,16.823,1227,30.6,40.09803921568627,True,0.0,0,0.0,0.032679738562091505,1.8948823026221362e-06,5.798339846023737e-05,False,40.06536102294922,12x5x224x224x3,0.0,9.536743306171047e-08,0.0,
00606,train,0,,,1200,30.0,40.0,True,0.0,0,0.0,0.03333333333333333,1.7801920577653618e-06,5.3405761732960855e-05,False,39.96666717529297,12x5x224x224x3,0.0,,,
00996,train,1,17.235,16.876,1231,30.6,40.228758169934636,True,0.0,0,0.0,0.032679738562091505,1.8948823026221362e-06,5.798339846023737e-05,False,40.19607925415039,12x5x224x224x3,0.0,9.536743306171047e-08,0.0,
00141,train,0,,,1202,30.6,39.28104575163398,True,0.0,0,0.0,0.032679738562091505,1.8948823026221362e-06,5.798339846023737e-05,False,39.24836730957031,12x5x224x224x3,0.0,,,
00595,train,0,,,1204,30.0,40.13333333333333,True,0.0,0,0.0,0.03333333333333333,1.7801920577653618e-06,5.3405761732960855e-05,False,40.099998474121094,12x5x224x224x3,0.0,,,
00221,train,0,,,540,30.0,18.0,True,0.0,0,0.0,0.03333333333333333,8.900960288826809e-07,2.6702880866480427e-05,False,17.96666717529297,12x5x224x224x3,0.0,,,
00931,train,1,20.167,18.6,1217,30.0,40.56666666666667,True,0.0,0,0.0,0.03333333333333333,1.7801920577653618e-06,5.3405761732960855e-05,False,40.53333282470703,12x5x224x224x3,0.0,9.536743306171047e-08,0.0,
00701,train,0,,,1161,30.0,38.7,True,0.0,0,0.0,0.03333333333333333,1.7801920577653618e-06,5.3405761732960855e-05,False,38.66666793823242,12x5x224x224x3,0.0,,,
00190,train,0,,,570,30.0,19.0,True,0.0,0,0.0,0.03333333333333333,8.900960288826809e-07,2.6702880866480427e-05,False,18.96666717529297,12x5x224x224x3,0.0,,,
01428,train,1,10.133,8.5,540,30.0,18.0,True,0.0,0,0.0,0.03333333333333333,8.900960288826809e-07,2.6702880866480427e-05,False,17.96666717529297,12x5x224x224x3,0.0,9.536743128535363e-08,0.0,
00583,train,0,,,1178,29.4,40.06802721088435,True,0.0,0,0.0,0.034013605442176874,1.894373475863631e-06,5.569458019039075e-05,False,40.03401184082031,12x5x224x224x3,0.0,,,
01406,train,1,20.1,17.867,1212,30.0,40.4,True,0.0,0,0.0,0.03333333333333333,1.7801920577653618e-06,5.3405761732960855e-05,False,40.36666488647461,12x5x224x224x3,0.0,9.536743306171047e-08,0.0,
00762,train,1,20.24,17.417,1170,29.0,40.3448275862069,True,0.0,0,0.0,0.034482758620689655,1.8415779905467389e-06,5.340576172585543e-05,False,40.31034469604492,12x5x224x224x3,0.0,9.536743306171047e-08,0.0,
00356,train,0,,,1220,30.0,40.666666666666664,True,0.0,0,0.0,0.03333333333333333,1.7801920577653618e-06,5.3405761732960855e-05,False,40.63333511352539,12x5x224x224x3,0.0,,,
01363,train,1,21.358,19.311,1146,29.3,39.11262798634812,True,0.0,0,0.0,0.034129692832764506,1.9008389102737056e-06,5.569458007101957e-05,False,39.07849884033203,12x5x224x224x3,0.0,9.536743306171047e-08,0.0,
00231,train,0,,,1152,28.4,40.563380281690144,True,0.0,0,0.0,0.035211267605633804,1.880484568062002e-06,5.3405761732960855e-05,False,40.528167724609375,12x5x224x224x3,0.0,,,
00196,train,0,,,1209,30.0,40.3,True,0.0,0,0.0,0.03333333333333333,1.7801920577653618e-06,5.3405761732960855e-05,False,40.266666412353516,12x5x224x224x3,0.0,,,
00887,train,1,19.267,18.333,1206,30.0,40.2,True,0.0,0,0.0,0.03333333333333333,1.7801920577653618e-06,5.3405761732960855e-05,False,40.16666793823242,12x5x224x224x3,0.0,9.536743306171047e-08,0.0,
01497,train,1,17.9,13.933,1144,30.0,38.13333333333333,True,0.0,0,0.0,0.03333333333333333,1.7801920577653618e-06,5.3405761732960855e-05,False,38.099998474121094,12x5x224x224x3,0.0,9.536743306171047e-08,0.0,
01143,train,1,19.6,17.7,1195,30.0,39.833333333333336,True,0.0,0,0.0,0.03333333333333333,1.7801920577653618e-06,5.3405761732960855e-05,False,39.79999923706055,12x5x224x224x3,0.0,9.536743306171047e-08,0.0,
01110,train,1,20.2,18.3,1203,30.0,40.1,True,0.0,0,0.0,0.03333333333333333,1.7801920577653618e-06,5.3405761732960855e-05,False,40.06666564941406,12x5x224x224x3,0.0,9.536743306171047e-08,0.0,
00944,train,1,19.1,17.733,1202,30.0,40.06666666666667,True,0.0,0,0.0,0.03333333333333333,1.7801920577653618e-06,5.3405761732960855e-05,False,40.03333282470703,12x5x224x224x3,0.0,9.536743306171047e-08,0.0,
00645,train,0,,,1195,30.0,39.833333333333336,True,0.0,0,0.0,0.03333333333333333,1.7801920577653618e-06,5.3405761732960855e-05,False,39.79999923706055,12x5x224x224x3,0.0,,,
01309,train,1,19.667,16.0,1201,30.0,40.03333333333333,True,0.0,0,0.0,0.03333333333333333,1.7801920577653618e-06,5.3405761732960855e-05,False,40.0,12x5x224x224x3,0.0,9.536743306171047e-08,0.0,
00778,train,1,19.493,17.73,1232,30.6,40.26143790849673,True,0.0,0,0.0,0.032679738562091505,1.8948823026221362e-06,5.798339846023737e-05,False,40.228759765625,12x5x224x224x3,0.0,9.536743306171047e-08,0.0,
00905,train,1,20.153,17.474,1231,30.6,40.228758169934636,True,0.0,0,0.0,0.032679738562091505,1.8948823026221362e-06,5.798339846023737e-05,False,40.19607925415039,12x5x224x224x3,0.0,9.536743306171047e-08,0.0,
00028,train,0,,,1225,30.6,40.03267973856209,True,0.0,0,0.0,0.032679738562091505,1.8948823026221362e-06,5.798339846023737e-05,False,40.0,12x5x224x224x3,0.0,,,
01304,train,1,19.9,18.567,1173,30.0,39.1,True,0.0,0,0.0,0.03333333333333333,1.7801920577653618e-06,5.3405761732960855e-05,False,39.06666564941406,12x5x224x224x3,0.0,9.536743306171047e-08,0.0,
00501,train,0,,,1208,30.0,40.266666666666666,True,0.0,0,0.0,0.03333333333333333,1.7801920577653618e-06,5.3405761732960855e-05,False,40.233333587646484,12x5x224x224x3,0.0,,,
00602,train,0,,,1201,30.0,40.03333333333333,True,0.0,0,0.0,0.03333333333333333,1.7801920577653618e-06,5.3405761732960855e-05,False,40.0,12x5x224x224x3,0.0,,,
00864,train,1,20.733,17.467,1225,30.0,40.833333333333336,True,0.0,0,0.0,0.03333333333333333,1.7801920577653618e-06,5.3405761732960855e-05,False,40.79999923706055,12x5x224x224x3,0.0,9.536743306171047e-08,0.0,
00682,train,0,,,1229,30.5,40.295081967213115,True,0.0,0,0.0,0.03278688524590164,1.8760806241857608e-06,5.7220459037665705e-05,False,40.26229476928711,12x5x224x224x3,0.0,,,
00506,train,0,,,1216,30.0,40.53333333333333,True,0.0,0,0.0,0.03333333333333333,1.7801920577653618e-06,5.3405761732960855e-05,False,40.5,12x5x224x224x3,0.0,,,
00449,train,0,,,1215,30.0,40.5,True,0.0,0,0.0,0.03333333333333333,1.7801920577653618e-06,5.3405761732960855e-05,False,40.46666717529297,12x5x224x224x3,0.0,,,
00538,train,0,,,1234,30.6,40.326797385620914,True,0.0,0,0.0,0.032679738562091505,1.8948823026221362e-06,5.798339846023737e-05,False,40.29411697387695,12x5x224x224x3,0.0,,,
01250,train,1,19.92,18.252,1173,29.9,39.23076923076923,True,0.0,0,0.0,0.033444816053511704,1.900969543555675e-06,5.683898935231468e-05,False,39.197322845458984,12x5x224x224x3,0.0,9.536743306171047e-08,0.0,
00698,train,0,,,1205,30.0,40.166666666666664,True,0.0,0,0.0,0.03333333333333333,1.7801920577653618e-06,5.3405761732960855e-05,False,40.13333511352539,12x5x224x224x3,0.0,,,
01103,train,1,19.9,18.967,1206,30.0,40.2,True,0.0,0,0.0,0.03333333333333333,1.7801920577653618e-06,5.3405761732960855e-05,False,40.16666793823242,12x5x224x224x3,0.0,9.536743306171047e-08,0.0,
00918,train,1,22.064,20.789,1229,30.5,40.295081967213115,True,0.0,0,0.0,0.03278688524590164,1.8760806241857608e-06,5.7220459037665705e-05,False,40.26229476928711,12x5x224x224x3,0.0,9.536743306171047e-08,0.0,
00806,train,1,19.237,17.898,1201,30.6,39.248366013071895,True,0.0,0,0.0,0.032679738562091505,1.8948823026221362e-06,5.798339846023737e-05,False,39.2156867980957,12x5x224x224x3,0.0,9.536743306171047e-08,0.0,
01415,train,1,7.833,7.367,540,30.0,18.0,True,0.0,0,0.0,0.03333333333333333,8.900960288826809e-07,2.6702880866480427e-05,False,17.96666717529297,12x5x224x224x3,0.0,9.536743128535363e-08,0.0,
00783,train,1,19.667,18.833,1202,30.0,40.06666666666667,True,0.0,0,0.0,0.03333333333333333,1.7801920577653618e-06,5.3405761732960855e-05,False,40.03333282470703,12x5x224x224x3,0.0,9.536743306171047e-08,0.0,
00424,train,0,,,1279,30.0,42.63333333333333,True,0.0,0,0.0,0.03333333333333333,1.7801920577653618e-06,5.3405761732960855e-05,False,42.599998474121094,12x5x224x224x3,0.0,,,
00208,train,0,,,1202,30.0,40.06666666666667,True,0.0,0,0.0,0.03333333333333333,1.7801920577653618e-06,5.3405761732960855e-05,False,40.03333282470703,12x5x224x224x3,0.0,,,
00122,train,0,,,540,30.0,18.0,True,0.0,0,0.0,0.03333333333333333,8.900960288826809e-07,2.6702880866480427e-05,False,17.96666717529297,12x5x224x224x3,0.0,,,
01449,train,1,17.7,17.4,1179,30.0,39.3,True,0.0,0,0.0,0.03333333333333333,1.7801920577653618e-06,5.3405761732960855e-05,False,39.266666412353516,12x5x224x224x3,0.0,9.536743306171047e-08,0.0,
00162,train,0,,,1193,30.0,39.766666666666666,True,0.0,0,0.0,0.03333333333333333,1.7801920577653618e-06,5.3405761732960855e-05,False,39.733333587646484,12x5x224x224x3,0.0,,,
01410,train,1,19.132,17.206,1233,30.6,40.29411764705882,True,0.0,0,0.0,0.032679738562091505,1.8948823026221362e-06,5.798339846023737e-05,False,40.261436462402344,12x5x224x224x3,0.0,9.536743306171047e-08,0.0,
00136,train,0,,,540,30.0,18.0,True,0.0,0,0.0,0.03333333333333333,8.900960288826809e-07,2.6702880866480427e-05,False,17.96666717529297,12x5x224x224x3,0.0,,,
00667,train,0,,,1213,30.0,40.43333333333333,True,0.0,0,0.0,0.03333333333333333,1.7801920577653618e-06,5.3405761732960855e-05,False,40.400001525878906,12x5x224x224x3,0.0,,,
00789,train,1,20.033,16.633,1208,30.0,40.266666666666666,True,0.0,0,0.0,0.03333333333333333,1.7801920577653618e-06,5.3405761732960855e-05,False,40.233333587646484,12x5x224x224x3,0.0,9.536743306171047e-08,0.0,
00622,train,0,,,1209,30.0,40.3,True,0.0,0,0.0,0.03333333333333333,1.7801920577653618e-06,5.3405761732960855e-05,False,40.266666412353516,12x5x224x224x3,0.0,,,
00404,train,0,,,540,30.0,18.0,True,0.0,0,0.0,0.03333333333333333,8.900960288826809e-07,2.6702880866480427e-05,False,17.96666717529297,12x5x224x224x3,0.0,,,
00533,train,0,,,1203,30.0,40.1,True,0.0,0,0.0,0.03333333333333333,1.7801920577653618e-06,5.3405761732960855e-05,False,40.06666564941406,12x5x224x224x3,0.0,,,
00267,train,0,,,1217,30.0,40.56666666666667,True,0.0,0,0.0,0.03333333333333333,1.7801920577653618e-06,5.3405761732960855e-05,False,40.53333282470703,12x5x224x224x3,0.0,,,
00277,train,0,,,1210,30.0,40.333333333333336,True,0.0,0,0.0,0.03333333333333333,1.7801920577653618e-06,5.3405761732960855e-05,False,40.29999923706055,12x5x224x224x3,0.0,,,
00421,train,0,,,1169,30.0,38.96666666666667,True,0.0,0,0.0,0.03333333333333333,1.7801920577653618e-06,5.3405761732960855e-05,False,38.93333435058594,12x5x224x224x3,0.0,,,
00780,train,1,19.4,18.5,1206,30.0,40.2,True,0.0,0,0.0,0.03333333333333333,1.7801920577653618e-06,5.3405761732960855e-05,False,40.16666793823242,12x5x224x224x3,0.0,9.536743306171047e-08,0.0,
00516,train,0,,,1157,28.9,40.03460207612457,True,0.0,0,0.0,0.03460207612456748,1.9007488134548112e-06,5.493164070884404e-05,False,40.0,12x5x224x224x3,0.0,,,
00773,train,1,20.35,17.5,1191,30.0,39.7,True,0.0,0,0.0,0.03333333333333333,1.7801920577653618e-06,5.3405761732960855e-05,False,39.66666793823242,12x5x224x224x3,0.0,9.536743306171047e-08,0.0,
00589,train,0,,,1194,27.1,44.0590405904059,True,0.0,0,0.0,0.03690036900369004,1.9003104512194113e-06,5.149841322804605e-05,False,44.02214050292969,12x5x224x224x3,0.0,,,
00671,train,0,,,1203,30.0,40.1,True,0.0,0,0.0,0.03333333333333333,1.7801920577653618e-06,5.3405761732960855e-05,False,40.06666564941406,12x5x224x224x3,0.0,,,
01382,train,1,19.267,19.233,1204,30.0,40.13333333333333,True,0.0,0,0.0,0.03333333333333333,1.7801920577653618e-06,5.3405761732960855e-05,False,40.099998474121094,12x5x224x224x3,0.0,9.536743306171047e-08,0.0,
01208,train,1,18.912,16.495,1241,30.6,40.55555555555556,True,0.0,0,0.0,0.032679738562091505,1.8948823026221362e-06,5.798339846023737e-05,False,40.52287673950195,12x5x224x224x3,0.0,9.536743306171047e-08,0.0,
00575,train,0,,,540,30.0,18.0,True,0.0,0,0.0,0.03333333333333333,8.900960288826809e-07,2.6702880866480427e-05,False,17.96666717529297,12x5x224x224x3,0.0,,,
01142,train,1,19.247,18.846,1214,29.9,40.602006688963215,True,0.0,0,0.0,0.033444816053511704,1.900969543555675e-06,5.683898935231468e-05,False,40.56856155395508,12x5x224x224x3,0.0,9.536743306171047e-08,0.0,
01459,train,1,19.233,18.433,1204,30.0,40.13333333333333,True,0.0,0,0.0,0.03333333333333333,1.7801920577653618e-06,5.3405761732960855e-05,False,40.099998474121094,12x5x224x224x3,0.0,9.536743306171047e-08,0.0,
00736,train,0,,,1210,30.0,40.333333333333336,True,0.0,0,0.0,0.03333333333333333,1.7801920577653618e-06,5.3405761732960855e-05,False,40.29999923706055,12x5x224x224x3,0.0,,,
01160,train,1,12.849,11.177,973,30.5,31.901639344262296,True,0.0,0,0.0,0.03278688524590164,9.380403120928804e-07,2.8610229518832853e-05,False,31.868852615356445,12x5x224x224x3,0.0,9.536743128535363e-08,0.0,
00417,train,0,,,540,30.0,18.0,True,0.0,0,0.0,0.03333333333333333,8.900960288826809e-07,2.6702880866480427e-05,False,17.96666717529297,12x5x224x224x3,0.0,,,
00758,train,1,19.833,18.267,1262,30.0,42.06666666666667,True,0.0,0,0.0,0.03333333333333333,1.7801920577653618e-06,5.3405761732960855e-05,False,42.03333282470703,12x5x224x224x3,0.0,9.536743306171047e-08,0.0,
00873,train,1,18.653,17.281,1181,30.6,38.59477124183007,True,0.0,0,0.0,0.032679738562091505,1.8948823026221362e-06,5.798339846023737e-05,False,38.56209182739258,12x5x224x224x3,0.0,9.536743306171047e-08,0.0,
01378,train,1,19.448,18.63,1229,30.5,40.295081967213115,True,0.0,0,0.0,0.03278688524590164,1.8760806241857608e-06,5.7220459037665705e-05,False,40.26229476928711,12x5x224x224x3,0.0,9.536743306171047e-08,0.0,
01131,train,1,21.567,19.133,1208,30.0,40.266666666666666,True,0.0,0,0.0,0.03333333333333333,1.7801920577653618e-06,5.3405761732960855e-05,False,40.233333587646484,12x5x224x224x3,0.0,9.536743306171047e-08,0.0,
00728,train,0,,,1201,29.2,41.13013698630137,True,0.0,0,0.0,0.03424657534246575,1.8812205695439843e-06,5.493164063068434e-05,False,41.095890045166016,12x5x224x224x3,0.0,,,
00710,train,0,,,1176,29.1,40.41237113402062,True,0.0,0,0.0,0.034364261168384876,1.900794174503062e-06,5.531311047803911e-05,False,40.37800598144531,12x5x224x224x3,0.0,,,
00448,train,0,,,1216,30.0,40.53333333333333,True,0.0,0,0.0,0.03333333333333333,1.7801920577653618e-06,5.3405761732960855e-05,False,40.5,12x5x224x224x3,0.0,,,
00456,train,0,,,1202,30.0,40.06666666666667,True,0.0,0,0.0,0.03333333333333333,1.7801920577653618e-06,5.3405761732960855e-05,False,40.03333282470703,12x5x224x224x3,0.0,,,
00398,train,0,,,1198,29.9,40.06688963210703,True,0.0,0,0.0,0.033444816053511704,1.900969543555675e-06,5.683898935231468e-05,False,40.033443450927734,12x5x224x224x3,0.0,,,
00227,train,0,,,1225,29.9,40.96989966555184,True,0.0,0,0.0,0.033444816053511704,1.900969543555675e-06,5.683898935231468e-05,False,40.93645477294922,12x5x224x224x3,0.0,,,
00328,train,0,,,1165,29.2,39.897260273972606,True,0.0,0,0.0,0.03424657534246575,1.8812205695439843e-06,5.493164063068434e-05,False,39.863014221191406,12x5x224x224x3,0.0,,,
00148,train,0,,,540,30.0,18.0,True,0.0,0,0.0,0.03333333333333333,8.900960288826809e-07,2.6702880866480427e-05,False,17.96666717529297,12x5x224x224x3,0.0,,,
01201,train,1,18.933,18.033,1222,30.0,40.733333333333334,True,0.0,0,0.0,0.03333333333333333,1.7801920577653618e-06,5.3405761732960855e-05,False,40.70000076293945,12x5x224x224x3,0.0,9.536743306171047e-08,0.0,
00673,train,0,,,540,30.0,18.0,True,0.0,0,0.0,0.03333333333333333,8.900960288826809e-07,2.6702880866480427e-05,False,17.96666717529297,12x5x224x224x3,0.0,,,
00871,train,1,19.467,18.133,1216,30.0,40.53333333333333,True,0.0,0,0.0,0.03333333333333333,1.7801920577653618e-06,5.3405761732960855e-05,False,40.5,12x5x224x224x3,0.0,9.536743306171047e-08,0.0,
00388,train,0,,,1208,30.0,40.266666666666666,True,0.0,0,0.0,0.03333333333333333,1.7801920577653618e-06,5.3405761732960855e-05,False,40.233333587646484,12x5x224x224x3,0.0,,,
00543,train,0,,,1211,30.0,40.36666666666667,True,0.0,0,0.0,0.03333333333333333,1.7801920577653618e-06,5.3405761732960855e-05,False,40.33333206176758,12x5x224x224x3,0.0,,,
01111,train,1,20.1,17.9,1201,30.0,40.03333333333333,True,0.0,0,0.0,0.03333333333333333,1.7801920577653618e-06,5.3405761732960855e-05,False,40.0,12x5x224x224x3,0.0,9.536743306171047e-08,0.0,
01219,train,1,19.167,18.667,1200,30.0,40.0,True,0.0,0,0.0,0.03333333333333333,1.7801920577653618e-06,5.3405761732960855e-05,False,39.96666717529297,12x5x224x224x3,0.0,9.536743306171047e-08,0.0,
00969,train,1,20.509,17.962,1217,30.6,39.77124183006536,True,0.0,0,0.0,0.032679738562091505,1.8948823026221362e-06,5.798339846023737e-05,False,39.738563537597656,12x5x224x224x3,0.0,9.536743306171047e-08,0.0,
00383,train,0,,,1154,30.0,38.46666666666667,True,0.0,0,0.0,0.03333333333333333,1.7801920577653618e-06,5.3405761732960855e-05,False,38.43333435058594,12x5x224x224x3,0.0,,,
01089,train,1,18.533,17.2,1206,30.0,40.2,True,0.0,0,0.0,0.03333333333333333,1.7801920577653618e-06,5.3405761732960855e-05,False,40.16666793823242,12x5x224x224x3,0.0,9.536743306171047e-08,0.0,
01259,train,1,18.733,17.6,1179,30.0,39.3,True,0.0,0,0.0,0.03333333333333333,1.7801920577653618e-06,5.3405761732960855e-05,False,39.266666412353516,12x5x224x224x3,0.0,9.536743306171047e-08,0.0,
00022,train,0,,,1143,30.0,38.1,True,0.0,0,0.0,0.03333333333333333,1.7801920577653618e-06,5.3405761732960855e-05,False,38.06666564941406,12x5x224x224x3,0.0,,,
00465,train,0,,,1184,30.0,39.46666666666667,True,0.0,0,0.0,0.03333333333333333,1.7801920577653618e-06,5.3405761732960855e-05,False,39.43333435058594,12x5x224x224x3,0.0,,,
01356,train,1,10.657,8.859,540,30.0,18.0,True,0.0,0,0.0,0.03333333333333333,8.900960288826809e-07,2.6702880866480427e-05,False,17.96666717529297,12x5x224x224x3,0.0,9.536743128535363e-08,0.0,
00228,train,0,,,1176,30.0,39.2,True,0.0,0,0.0,0.03333333333333333,1.7801920577653618e-06,5.3405761732960855e-05,False,39.16666793823242,12x5x224x224x3,0.0,,,
00452,train,0,,,1154,30.0,38.46666666666667,True,0.0,0,0.0,0.03333333333333333,1.7801920577653618e-06,5.3405761732960855e-05,False,38.43333435058594,12x5x224x224x3,0.0,,,
00537,train,0,,,1227,30.6,40.09803921568627,True,0.0,0,0.0,0.032679738562091505,1.8948823026221362e-06,5.798339846023737e-05,False,40.06536102294922,12x5x224x224x3,0.0,,,
00505,train,0,,,1214,30.0,40.46666666666667,True,0.0,0,0.0,0.03333333333333333,1.7801920577653618e-06,5.3405761732960855e-05,False,40.43333435058594,12x5x224x224x3,0.0,,,
00175,train,0,,,1200,30.6,39.2156862745098,True,0.0,0,0.0,0.032679738562091505,1.8948823026221362e-06,5.798339846023737e-05,False,39.183006286621094,12x5x224x224x3,0.0,,,
00907,train,1,20.194,19.212,1191,29.5,40.3728813559322,True,0.0,0,0.0,0.03389830508474576,1.8750206933759728e-06,5.53131104545912e-05,False,40.33898162841797,12x5x224x224x3,0.0,9.536743306171047e-08,0.0,
00174,train,0,,,570,30.0,19.0,True,0.0,0,0.0,0.03333333333333333,8.900960288826809e-07,2.6702880866480427e-05,False,18.96666717529297,12x5x224x224x3,0.0,,,
01369,train,1,20.553,19.05,1247,30.6,40.751633986928105,True,0.0,0,0.0,0.032679738562091505,1.8948823026221362e-06,5.798339846023737e-05,False,40.718955993652344,12x5x224x224x3,0.0,9.536743306171047e-08,0.0,
01128,train,1,19.867,18.8,1203,30.0,40.1,True,0.0,0,0.0,0.03333333333333333,1.7801920577653618e-06,5.3405761732960855e-05,False,40.06666564941406,12x5x224x224x3,0.0,9.536743306171047e-08,0.0,
01169,train,1,19.667,19.067,1206,30.0,40.2,True,0.0,0,0.0,0.03333333333333333,1.7801920577653618e-06,5.3405761732960855e-05,False,40.16666793823242,12x5x224x224x3,0.0,9.536743306171047e-08,0.0,
01134,train,1,19.55,17.8,1201,30.0,40.03333333333333,True,0.0,0,0.0,0.03333333333333333,1.7801920577653618e-06,5.3405761732960855e-05,False,40.0,12x5x224x224x3,0.0,9.536743306171047e-08,0.0,
00197,train,0,,,1179,29.9,39.4314381270903,True,0.0,0,0.0,0.033444816053511704,1.900969543555675e-06,5.683898935231468e-05,False,39.39799499511719,12x5x224x224x3,0.0,,,
00541,train,0,,,1453,30.0,48.43333333333333,True,0.0,0,0.0,0.03333333333333333,1.7801920577653618e-06,5.3405761732960855e-05,False,48.400001525878906,12x5x224x224x3,0.0,,,
00548,train,0,,,1242,30.6,40.588235294117645,True,0.0,0,0.0,0.032679738562091505,1.8948823026221362e-06,5.798339846023737e-05,False,40.55555725097656,12x5x224x224x3,0.0,,,
00976,train,1,20.967,19.5,1205,30.0,40.166666666666664,True,0.0,0,0.0,0.03333333333333333,1.7801920577653618e-06,5.3405761732960855e-05,False,40.13333511352539,12x5x224x224x3,0.0,9.536743306171047e-08,0.0,
00167,train,0,,,932,30.6,30.45751633986928,True,0.0,0,0.0,0.032679738562091505,9.474411513110681e-07,2.8991699230118685e-05,False,30.424837112426758,12x5x224x224x3,0.0,,,
00757,train,1,19.6,19.367,1204,30.0,40.13333333333333,True,0.0,0,0.0,0.03333333333333333,1.7801920577653618e-06,5.3405761732960855e-05,False,40.099998474121094,12x5x224x224x3,0.0,9.536743306171047e-08,0.0,
00074,train,0,,,1229,30.6,40.16339869281045,True,0.0,0,0.0,0.032679738562091505,1.8948823026221362e-06,5.798339846023737e-05,False,40.13071823120117,12x5x224x224x3,0.0,,,
00601,train,0,,,540,30.0,18.0,True,0.0,0,0.0,0.03333333333333333,8.900960288826809e-07,2.6702880866480427e-05,False,17.96666717529297,12x5x224x224x3,0.0,,,
00594,train,0,,,1235,30.5,40.49180327868852,True,0.0,0,0.0,0.03278688524590164,1.8760806241857608e-06,5.7220459037665705e-05,False,40.459014892578125,12x5x224x224x3,0.0,,,
01158,train,1,9.896,8.763,540,30.0,18.0,True,0.0,0,0.0,0.03333333333333333,8.900960288826809e-07,2.6702880866480427e-05,False,17.96666717529297,12x5x224x224x3,0.0,9.536743128535363e-08,0.0,
01180,train,1,10.167,7.6,540,30.0,18.0,True,0.0,0,0.0,0.03333333333333333,8.900960288826809e-07,2.6702880866480427e-05,False,17.96666717529297,12x5x224x224x3,0.0,9.536743128535363e-08,0.0,
00982,train,1,19.132,17.859,1223,30.6,39.967320261437905,True,0.0,0,0.0,0.032679738562091505,1.8948823026221362e-06,5.798339846023737e-05,False,39.93463897705078,12x5x224x224x3,0.0,9.536743306171047e-08,0.0,
00222,train,0,,,1184,30.0,39.46666666666667,True,0.0,0,0.0,0.03333333333333333,1.7801920577653618e-06,5.3405761732960855e-05,False,39.43333435058594,12x5x224x224x3,0.0,,,
00770,train,1,20.9,18.533,1214,30.0,40.46666666666667,True,0.0,0,0.0,0.03333333333333333,1.7801920577653618e-06,5.3405761732960855e-05,False,40.43333435058594,12x5x224x224x3,0.0,9.536743306171047e-08,0.0,
00441,train,0,,,1176,29.9,39.331103678929765,True,0.0,0,0.0,0.033444816053511704,1.900969543555675e-06,5.683898935231468e-05,False,39.29765701293945,12x5x224x224x3,0.0,,,
01170,train,1,19.852,18.312,1226,30.5,40.19672131147541,True,0.0,0,0.0,0.03278688524590164,1.8760806241857608e-06,5.7220459037665705e-05,False,40.16393280029297,12x5x224x224x3,0.0,9.536743306171047e-08,0.0,
00103,train,0,,,1233,30.6,40.29411764705882,True,0.0,0,0.0,0.032679738562091505,1.8948823026221362e-06,5.798339846023737e-05,False,40.261436462402344,12x5x224x224x3,0.0,,,
01045,train,1,19.861,17.983,1234,30.3,40.726072607260726,True,0.0,0,0.0,0.033003300330033,1.9010537570807173e-06,5.7601928839545737e-05,False,40.69306945800781,12x5x224x224x3,0.0,9.536743306171047e-08,0.0,
00327,train,0,,,1209,30.6,39.509803921568626,True,0.0,0,0.0,0.032679738562091505,1.8948823026221362e-06,5.798339846023737e-05,False,39.47712326049805,12x5x224x224x3,0.0,,,
00017,train,0,,,1218,30.6,39.80392156862745,True,0.0,0,0.0,0.032679738562091505,1.8948823026221362e-06,5.798339846023737e-05,False,39.771240234375,12x5x224x224x3,0.0,,,
01099,train,1,19.3,19.067,1213,30.0,40.43333333333333,True,0.0,0,0.0,0.03333333333333333,1.7801920577653618e-06,5.3405761732960855e-05,False,40.400001525878906,12x5x224x224x3,0.0,9.536743306171047e-08,0.0,
01150,train,1,20.058,19.568,1233,30.6,40.29411764705882,True,0.0,0,0.0,0.032679738562091505,1.8948823026221362e-06,5.798339846023737e-05,False,40.261436462402344,12x5x224x224x3,0.0,9.536743306171047e-08,0.0,
01418,train,1,18.719,16.016,1028,29.9,34.381270903010034,True,0.0,0,0.0,0.033444816053511704,1.9009695364502477e-06,5.6838989139862405e-05,False,34.34782791137695,12x5x224x224x3,0.0,9.536743306171047e-08,0.0,
00865,train,1,19.86,18.125,1229,30.5,40.295081967213115,True,0.0,0,0.0,0.03278688524590164,1.8760806241857608e-06,5.7220459037665705e-05,False,40.26229476928711,12x5x224x224x3,0.0,9.536743306171047e-08,0.0,
00131,train,0,,,1152,30.0,38.4,True,0.0,0,0.0,0.03333333333333333,1.7801920577653618e-06,5.3405761732960855e-05,False,38.36666488647461,12x5x224x224x3,0.0,,,
00262,train,0,,,1153,28.9,39.8961937716263,True,0.0,0,0.0,0.03460207612456748,1.9007488134548112e-06,5.493164070884404e-05,False,39.86159133911133,12x5x224x224x3,0.0,,,
00142,train,0,,,1201,30.0,40.03333333333333,True,0.0,0,0.0,0.03333333333333333,1.7801920577653618e-06,5.3405761732960855e-05,False,40.0,12x5x224x224x3,0.0,,,
00179,train,0,,,1182,30.0,39.4,True,0.0,0,0.0,0.03333333333333333,1.7801920577653618e-06,5.3405761732960855e-05,False,39.36666488647461,12x5x224x224x3,0.0,,,
01022,train,1,18.033,17.067,1202,30.0,40.06666666666667,True,0.0,0,0.0,0.03333333333333333,1.7801920577653618e-06,5.3405761732960855e-05,False,40.03333282470703,12x5x224x224x3,0.0,9.536743306171047e-08,0.0,
01014,train,1,20.179,17.699,1150,29.0,39.6551724137931,True,0.0,0,0.0,0.034482758620689655,1.8415779905467389e-06,5.340576172585543e-05,False,39.620689392089844,12x5x224x224x3,0.0,9.536743306171047e-08,0.0,
01220,train,1,18.56,17.241,1185,30.3,39.10891089108911,True,0.0,0,0.0,0.033003300330033,1.9010537570807173e-06,5.7601928839545737e-05,False,39.07590866088867,12x5x224x224x3,0.0,9.536743306171047e-08,0.0,
00272,train,0,,,1179,29.8,39.56375838926174,True,0.0,0,0.0,0.03355704697986577,1.8945476369935932e-06,5.645751958240908e-05,False,39.53020095825195,12x5x224x224x3,0.0,,,
00319,train,0,,,1204,30.0,40.13333333333333,True,0.0,0,0.0,0.03333333333333333,1.7801920577653618e-06,5.3405761732960855e-05,False,40.099998474121094,12x5x224x224x3,0.0,,,
00135,train,0,,,1154,30.0,38.46666666666667,True,0.0,0,0.0,0.03333333333333333,1.7801920577653618e-06,5.3405761732960855e-05,False,38.43333435058594,12x5x224x224x3,0.0,,,
01324,train,1,19.989,19.401,1229,30.6,40.16339869281045,True,0.0,0,0.0,0.032679738562091505,1.8948823026221362e-06,5.798339846023737e-05,False,40.13071823120117,12x5x224x224x3,0.0,9.536743306171047e-08,0.0,
01197,train,1,18.915,16.912,1220,30.4,40.131578947368425,True,0.0,0,0.0,0.03289473684210526,1.806961861916534e-06,5.493164060226263e-05,False,40.09868240356445,12x5x224x224x3,0.0,9.536743306171047e-08,0.0,
00585,train,0,,,1199,29.9,40.10033444816054,True,0.0,0,0.0,0.033444816053511704,1.900969543555675e-06,5.683898935231468e-05,False,40.066890716552734,12x5x224x224x3,0.0,,,
01281,train,1,21.667,18.133,1207,30.0,40.233333333333334,True,0.0,0,0.0,0.03333333333333333,1.7801920577653618e-06,5.3405761732960855e-05,False,40.20000076293945,12x5x224x224x3,0.0,9.536743306171047e-08,0.0,
00631,train,0,,,1229,30.5,40.295081967213115,True,0.0,0,0.0,0.03278688524590164,1.8760806241857608e-06,5.7220459037665705e-05,False,40.26229476928711,12x5x224x224x3,0.0,,,
00630,train,0,,,540,30.0,18.0,True,0.0,0,0.0,0.03333333333333333,8.900960288826809e-07,2.6702880866480427e-05,False,17.96666717529297,12x5x224x224x3,0.0,,,
00171,train,0,,,1206,30.0,40.2,True,0.0,0,0.0,0.03333333333333333,1.7801920577653618e-06,5.3405761732960855e-05,False,40.16666793823242,12x5x224x224x3,0.0,,,
00369,train,0,,,1208,30.0,40.266666666666666,True,0.0,0,0.0,0.03333333333333333,1.7801920577653618e-06,5.3405761732960855e-05,False,40.233333587646484,12x5x224x224x3,0.0,,,
00809,train,1,20.02,19.119,1200,29.9,40.13377926421405,True,0.0,0,0.0,0.033444816053511704,1.900969543555675e-06,5.683898935231468e-05,False,40.10033416748047,12x5x224x224x3,0.0,9.536743306171047e-08,0.0,
00933,train,1,19.767,18.233,1202,30.0,40.06666666666667,True,0.0,0,0.0,0.03333333333333333,1.7801920577653618e-06,5.3405761732960855e-05,False,40.03333282470703,12x5x224x224x3,0.0,9.536743306171047e-08,0.0,
01083,train,1,22.174,21.412,1198,30.1,39.80066445182724,True,0.0,0,0.0,0.03322259136212624,1.9010119274298631e-06,5.7220459015638884e-05,False,39.76744079589844,12x5x224x224x3,0.0,9.536743306171047e-08,0.0,
00490,train,0,,,1204,29.9,40.2675585284281,True,0.0,0,0.0,0.033444816053511704,1.900969543555675e-06,5.683898935231468e-05,False,40.23411560058594,12x5x224x224x3,0.0,,,
00395,train,0,,,1270,30.6,41.503267973856204,True,0.0,0,0.0,0.032679738562091505,1.8948823026221362e-06,5.798339846023737e-05,False,41.47058868408203,12x5x224x224x3,0.0,,,
00195,train,0,,,1233,30.6,40.29411764705882,True,0.0,0,0.0,0.032679738562091505,1.8948823026221362e-06,5.798339846023737e-05,False,40.261436462402344,12x5x224x224x3,0.0,,,
00638,train,0,,,1211,30.0,40.36666666666667,True,0.0,0,0.0,0.03333333333333333,1.7801920577653618e-06,5.3405761732960855e-05,False,40.33333206176758,12x5x224x224x3,0.0,,,
01357,train,1,19.733,18.8,1202,30.0,40.06666666666667,True,0.0,0,0.0,0.03333333333333333,1.7801920577653618e-06,5.3405761732960855e-05,False,40.03333282470703,12x5x224x224x3,0.0,9.536743306171047e-08,0.0,
01442,train,1,9.597,8.898,570,30.0,19.0,True,0.0,0,0.0,0.03333333333333333,8.900960288826809e-07,2.6702880866480427e-05,False,18.96666717529297,12x5x224x224x3,0.0,9.536743128535363e-08,0.0,
00224,train,0,,,1191,30.0,39.7,True,0.0,0,0.0,0.03333333333333333,1.7801920577653618e-06,5.3405761732960855e-05,False,39.66666793823242,12x5x224x224x3,0.0,,,
01377,train,1,19.572,18.461,1236,30.6,40.3921568627451,True,0.0,0,0.0,0.032679738562091505,1.8948823026221362e-06,5.798339846023737e-05,False,40.35947799682617,12x5x224x224x3,0.0,9.536743306171047e-08,0.0,
00184,train,0,,,1206,30.0,40.2,True,0.0,0,0.0,0.03333333333333333,1.7801920577653618e-06,5.3405761732960855e-05,False,40.16666793823242,12x5x224x224x3,0.0,,,
00363,train,0,,,1185,30.0,39.5,True,0.0,0,0.0,0.03333333333333333,1.7801920577653618e-06,5.3405761732960855e-05,False,39.46666717529297,12x5x224x224x3,0.0,,,
01481,train,1,20.783,20.133,1201,30.0,40.03333333333333,True,0.0,0,0.0,0.03333333333333333,1.7801920577653618e-06,5.3405761732960855e-05,False,40.0,12x5x224x224x3,0.0,9.536743306171047e-08,0.0,
00529,train,0,,,1234,30.6,40.326797385620914,True,0.0,0,0.0,0.032679738562091505,1.8948823026221362e-06,5.798339846023737e-05,False,40.29411697387695,12x5x224x224x3,0.0,,,
01395,train,1,18.667,18.533,1162,30.0,38.733333333333334,True,0.0,0,0.0,0.03333333333333333,1.7801920577653618e-06,5.3405761732960855e-05,False,38.70000076293945,12x5x224x224x3,0.0,9.536743306171047e-08,0.0,
01476,train,1,9.496,8.53,540,30.0,18.0,True,0.0,0,0.0,0.03333333333333333,8.900960288826809e-07,2.6702880866480427e-05,False,17.96666717529297,12x5x224x224x3,0.0,9.536743128535363e-08,0.0,
01272,train,1,19.015,18.492,1231,30.6,40.228758169934636,True,0.0,0,0.0,0.032679738562091505,1.8948823026221362e-06,5.798339846023737e-05,False,40.19607925415039,12x5x224x224x3,0.0,9.536743306171047e-08,0.0,
01365,train,1,20.333,17.967,1206,30.0,40.2,True,0.0,0,0.0,0.03333333333333333,1.7801920577653618e-06,5.3405761732960855e-05,False,40.16666793823242,12x5x224x224x3,0.0,9.536743306171047e-08,0.0,
01153,train,1,19.467,18.533,1226,30.0,40.86666666666667,True,0.0,0,0.0,0.03333333333333333,1.7801920577653618e-06,5.3405761732960855e-05,False,40.83333206176758,12x5x224x224x3,0.0,9.536743306171047e-08,0.0,
00679,train,0,,,1188,30.0,39.6,True,0.0,0,0.0,0.03333333333333333,1.7801920577653618e-06,5.3405761732960855e-05,False,39.56666564941406,12x5x224x224x3,0.0,,,
00090,train,0,,,1246,30.6,40.71895424836601,True,0.0,0,0.0,0.032679738562091505,1.8948823026221362e-06,5.798339846023737e-05,False,40.686275482177734,12x5x224x224x3,0.0,,,
01315,train,1,21.799,18.651,1163,29.2,39.82876712328767,True,0.0,0,0.0,0.03424657534246575,1.8812205695439843e-06,5.493164063068434e-05,False,39.79452133178711,12x5x224x224x3,0.0,9.536743306171047e-08,0.0,
00163,train,0,,,1189,30.0,39.63333333333333,True,0.0,0,0.0,0.03333333333333333,1.7801920577653618e-06,5.3405761732960855e-05,False,39.599998474121094,12x5x224x224x3,0.0,,,
00946,train,1,19.167,17.633,1201,30.0,40.03333333333333,True,0.0,0,0.0,0.03333333333333333,1.7801920577653618e-06,5.3405761732960855e-05,False,40.0,12x5x224x224x3,0.0,9.536743306171047e-08,0.0,
00666,train,0,,,1130,29.0,38.96551724137931,True,0.0,0,0.0,0.034482758620689655,1.8415779905467389e-06,5.340576172585543e-05,False,38.931034088134766,12x5x224x224x3,0.0,,,
00818,train,1,10.697,8.398,540,30.0,18.0,True,0.0,0,0.0,0.03333333333333333,8.900960288826809e-07,2.6702880866480427e-05,False,17.96666717529297,12x5x224x224x3,0.0,9.536743128535363e-08,0.0,
00709,train,0,,,1207,30.0,40.233333333333334,True,0.0,0,0.0,0.03333333333333333,1.7801920577653618e-06,5.3405761732960855e-05,False,40.20000076293945,12x5x224x224x3,0.0,,,
00306,train,0,,,1170,30.5,38.36065573770492,True,0.0,0,0.0,0.03278688524590164,1.8760806241857608e-06,5.7220459037665705e-05,False,38.3278694152832,12x5x224x224x3,0.0,,,
00746,train,0,,,1226,29.9,41.00334448160535,True,0.0,0,0.0,0.033444816053511704,1.900969543555675e-06,5.683898935231468e-05,False,40.96989822387695,12x5x224x224x3,0.0,,,
01400,train,1,3.032,1.966,570,30.0,19.0,True,0.0,0,0.0,0.03333333333333333,8.900960288826809e-07,2.6702880866480427e-05,False,18.96666717529297,12x5x224x224x3,0.0,9.536743172944284e-08,6.0,
01173,train,1,19.728,16.11,1169,29.2,40.034246575342465,True,0.0,0,0.0,0.03424657534246575,1.8812205695439843e-06,5.493164063068434e-05,False,40.0,12x5x224x224x3,0.0,9.536743306171047e-08,0.0,
01283,train,1,20.358,19.084,1233,30.6,40.29411764705882,True,0.0,0,0.0,0.032679738562091505,1.8948823026221362e-06,5.798339846023737e-05,False,40.261436462402344,12x5x224x224x3,0.0,9.536743306171047e-08,0.0,
00031,train,0,,,1230,30.6,40.19607843137255,True,0.0,0,0.0,0.032679738562091505,1.8948823026221362e-06,5.798339846023737e-05,False,40.16339874267578,12x5x224x224x3,0.0,,,
00119,train,0,,,1239,30.5,40.622950819672134,True,0.0,0,0.0,0.03278688524590164,1.8760806241857608e-06,5.7220459037665705e-05,False,40.59016418457031,12x5x224x224x3,0.0,,,
00287,train,0,,,1205,29.9,40.30100334448161,True,0.0,0,0.0,0.033444816053511704,1.900969543555675e-06,5.683898935231468e-05,False,40.26755905151367,12x5x224x224x3,0.0,,,
01432,train,1,10.629,8.363,570,30.0,19.0,True,0.0,0,0.0,0.03333333333333333,8.900960288826809e-07,2.6702880866480427e-05,False,18.96666717529297,12x5x224x224x3,0.0,9.536743128535363e-08,0.0,
00068,train,0,,,1183,30.0,39.43333333333333,True,0.0,0,0.0,0.03333333333333333,1.7801920577653618e-06,5.3405761732960855e-05,False,39.400001525878906,12x5x224x224x3,0.0,,,
00312,train,0,,,1248,30.6,40.78431372549019,True,0.0,0,0.0,0.032679738562091505,1.8948823026221362e-06,5.798339846023737e-05,False,40.75163269042969,12x5x224x224x3,0.0,,,
00953,train,1,19.604,17.607,1237,30.5,40.557377049180324,True,0.0,0,0.0,0.03278688524590164,1.8760806241857608e-06,5.7220459037665705e-05,False,40.52458953857422,12x5x224x224x3,0.0,9.536743306171047e-08,0.0,
01424,train,1,20.045,18.667,1205,30.4,39.63815789473684,True,0.0,0,0.0,0.03289473684210526,1.806961861916534e-06,5.493164060226263e-05,False,39.605262756347656,12x5x224x224x3,0.0,9.536743306171047e-08,0.0,
00890,train,1,21.769,19.499,1206,29.9,40.33444816053512,True,0.0,0,0.0,0.033444816053511704,1.900969543555675e-06,5.683898935231468e-05,False,40.301002502441406,12x5x224x224x3,0.0,9.536743306171047e-08,0.0,
00764,train,1,10.067,6.833,570,30.0,19.0,True,0.0,0,0.0,0.03333333333333333,8.900960288826809e-07,2.6702880866480427e-05,False,18.96666717529297,12x5x224x224x3,0.0,9.536743128535363e-08,0.0,
00717,train,0,,,540,30.0,18.0,True,0.0,0,0.0,0.03333333333333333,8.900960288826809e-07,2.6702880866480427e-05,False,17.96666717529297,12x5x224x224x3,0.0,,,
00351,train,0,,,450,30.0,15.0,True,0.0,0,0.0,0.03333333333333333,4.4504801444134046e-07,1.3351440433240214e-05,False,14.966666221618652,12x5x224x224x3,0.0,,,
00655,train,0,,,1125,29.9,37.62541806020067,True,0.0,0,0.0,0.033444816053511704,1.900969543555675e-06,5.683898935231468e-05,False,37.59197235107422,12x5x224x224x3,0.0,,,
00945,train,1,20.912,19.474,1238,30.6,40.45751633986928,True,0.0,0,0.0,0.032679738562091505,1.8948823026221362e-06,5.798339846023737e-05,False,40.424835205078125,12x5x224x224x3,0.0,9.536743306171047e-08,0.0,
00836,train,1,19.167,17.333,1176,30.0,39.2,True,0.0,0,0.0,0.03333333333333333,1.7801920577653618e-06,5.3405761732960855e-05,False,39.16666793823242,12x5x224x224x3,0.0,9.536743306171047e-08,0.0,
01390,train,1,21.8,18.967,1199,30.0,39.96666666666667,True,0.0,0,0.0,0.03333333333333333,1.7801920577653618e-06,5.3405761732960855e-05,False,39.93333435058594,12x5x224x224x3,0.0,9.536743306171047e-08,0.0,
00786,train,1,18.0,16.5,1147,30.0,38.233333333333334,True,0.0,0,0.0,0.03333333333333333,1.7801920577653618e-06,5.3405761732960855e-05,False,38.20000076293945,12x5x224x224x3,0.0,9.536743306171047e-08,0.0,
01426,train,1,19.333,17.033,1199,30.0,39.96666666666667,True,0.0,0,0.0,0.03333333333333333,1.7801920577653618e-06,5.3405761732960855e-05,False,39.93333435058594,12x5x224x224x3,0.0,9.536743306171047e-08,0.0,
01192,train,1,19.465,18.194,1200,29.9,40.13377926421405,True,0.0,0,0.0,0.033444816053511704,1.900969543555675e-06,5.683898935231468e-05,False,40.10033416748047,12x5x224x224x3,0.0,9.536743306171047e-08,0.0,
00430,train,0,,,570,30.0,19.0,True,0.0,0,0.0,0.03333333333333333,8.900960288826809e-07,2.6702880866480427e-05,False,18.96666717529297,12x5x224x224x3,0.0,,,
01084,train,1,19.4,16.033,1200,30.0,40.0,True,0.0,0,0.0,0.03333333333333333,1.7801920577653618e-06,5.3405761732960855e-05,False,39.96666717529297,12x5x224x224x3,0.0,9.536743306171047e-08,0.0,
00124,train,0,,,1202,30.0,40.06666666666667,True,0.0,0,0.0,0.03333333333333333,1.7801920577653618e-06,5.3405761732960855e-05,False,40.03333282470703,12x5x224x224x3,0.0,,,
00992,train,1,20.633,18.933,1317,30.0,43.9,True,0.0,0,0.0,0.03333333333333333,1.7801920577653618e-06,5.3405761732960855e-05,False,43.86666488647461,12x5x224x224x3,0.0,9.536743306171047e-08,0.0,
00057,train,0,,,1205,30.0,40.166666666666664,True,0.0,0,0.0,0.03333333333333333,1.7801920577653618e-06,5.3405761732960855e-05,False,40.13333511352539,12x5x224x224x3,0.0,,,
00264,train,0,,,1236,30.6,40.3921568627451,True,0.0,0,0.0,0.032679738562091505,1.8948823026221362e-06,5.798339846023737e-05,False,40.35947799682617,12x5x224x224x3,0.0,,,
00100,train,0,,,1177,30.6,38.464052287581694,True,0.0,0,0.0,0.032679738562091505,1.8948823026221362e-06,5.798339846023737e-05,False,38.431373596191406,12x5x224x224x3,0.0,,,
00260,train,0,,,1228,30.0,40.93333333333333,True,0.0,0,0.0,0.03333333333333333,1.7801920577653618e-06,5.3405761732960855e-05,False,40.900001525878906,12x5x224x224x3,0.0,,,
00841,train,1,20.7,19.5,1219,30.0,40.63333333333333,True,0.0,0,0.0,0.03333333333333333,1.7801920577653618e-06,5.3405761732960855e-05,False,40.599998474121094,12x5x224x224x3,0.0,9.536743306171047e-08,0.0,
00528,train,0,,,1180,30.0,39.333333333333336,True,0.0,0,0.0,0.03333333333333333,1.7801920577653618e-06,5.3405761732960855e-05,False,39.29999923706055,12x5x224x224x3,0.0,,,
00989,train,1,19.432,18.263,1220,29.9,40.802675585284284,True,0.0,0,0.0,0.033444816053511704,1.900969543555675e-06,5.683898935231468e-05,False,40.769229888916016,12x5x224x224x3,0.0,9.536743306171047e-08,0.0,
01422,train,1,19.933,16.9,1201,30.0,40.03333333333333,True,0.0,0,0.0,0.03333333333333333,1.7801920577653618e-06,5.3405761732960855e-05,False,40.0,12x5x224x224x3,0.0,9.536743306171047e-08,0.0,
00271,train,0,,,1083,27.3,39.67032967032967,True,0.0,0,0.0,0.03663003663003663,1.900362008200318e-06,5.1879882823868685e-05,False,39.63370132446289,12x5x224x224x3,0.0,,,
01364,train,1,21.654,20.384,1206,29.9,40.33444816053512,True,0.0,0,0.0,0.033444816053511704,1.900969543555675e-06,5.683898935231468e-05,False,40.301002502441406,12x5x224x224x3,0.0,9.536743306171047e-08,0.0,
00443,train,0,,,540,30.0,18.0,True,0.0,0,0.0,0.03333333333333333,8.900960288826809e-07,2.6702880866480427e-05,False,17.96666717529297,12x5x224x224x3,0.0,,,
00115,train,0,,,1180,29.6,39.86486486486486,True,0.0,0,0.0,0.03378378378378378,1.8557986720679764e-06,5.493164069321211e-05,False,39.83108139038086,12x5x224x224x3,0.0,,,
00845,train,1,19.667,15.812,1233,30.6,40.29411764705882,True,0.0,0,0.0,0.032679738562091505,1.8948823026221362e-06,5.798339846023737e-05,False,40.261436462402344,12x5x224x224x3,0.0,9.536743306171047e-08,0.0,
00030,train,0,,,1206,30.6,39.41176470588235,True,0.0,0,0.0,0.032679738562091505,1.8948823026221362e-06,5.798339846023737e-05,False,39.379085540771484,12x5x224x224x3,0.0,,,
00644,train,0,,,1233,30.4,40.559210526315795,True,0.0,0,0.0,0.03289473684210526,1.806961861916534e-06,5.493164060226263e-05,False,40.52631759643555,12x5x224x224x3,0.0,,,
00079,train,0,,,1199,29.8,40.23489932885906,True,0.0,0,0.0,0.03355704697986577,1.8945476369935932e-06,5.645751958240908e-05,False,40.20134353637695,12x5x224x224x3,0.0,,,
01280,train,1,10.166,8.466,540,30.0,18.0,True,0.0,0,0.0,0.03333333333333333,8.900960288826809e-07,2.6702880866480427e-05,False,17.96666717529297,12x5x224x224x3,0.0,9.536743128535363e-08,0.0,
00007,train,0,,,570,30.0,19.0,True,0.0,0,0.0,0.03333333333333333,8.900960288826809e-07,2.6702880866480427e-05,False,18.96666717529297,12x5x224x224x3,0.0,,,
01215,train,1,19.6,18.367,1195,30.0,39.833333333333336,True,0.0,0,0.0,0.03333333333333333,1.7801920577653618e-06,5.3405761732960855e-05,False,39.79999923706055,12x5x224x224x3,0.0,9.536743306171047e-08,0.0,
01370,train,1,19.929,17.74,1225,30.6,40.03267973856209,True,0.0,0,0.0,0.032679738562091505,1.8948823026221362e-06,5.798339846023737e-05,False,40.0,12x5x224x224x3,0.0,9.536743306171047e-08,0.0,
00110,train,0,,,1188,29.2,40.68493150684932,True,0.0,0,0.0,0.03424657534246575,1.8812205695439843e-06,5.493164063068434e-05,False,40.65068435668945,12x5x224x224x3,0.0,,,
00002,train,0,,,1204,30.0,40.13333333333333,True,0.0,0,0.0,0.03333333333333333,1.7801920577653618e-06,5.3405761732960855e-05,False,40.099998474121094,12x5x224x224x3,0.0,,,
01161,train,1,21.233,18.533,1208,30.0,40.266666666666666,True,0.0,0,0.0,0.03333333333333333,1.7801920577653618e-06,5.3405761732960855e-05,False,40.233333587646484,12x5x224x224x3,0.0,9.536743306171047e-08,0.0,
01116,train,1,19.967,19.267,1179,30.0,39.3,True,0.0,0,0.0,0.03333333333333333,1.7801920577653618e-06,5.3405761732960855e-05,False,39.266666412353516,12x5x224x224x3,0.0,9.536743306171047e-08,0.0,
00620,train,0,,,1218,30.0,40.6,True,0.0,0,0.0,0.03333333333333333,1.7801920577653618e-06,5.3405761732960855e-05,False,40.56666564941406,12x5x224x224x3,0.0,,,
00798,train,1,19.4,15.933,1198,30.0,39.93333333333333,True,0.0,0,0.0,0.03333333333333333,1.7801920577653618e-06,5.3405761732960855e-05,False,39.900001525878906,12x5x224x224x3,0.0,9.536743306171047e-08,0.0,
01113,train,1,19.903,18.276,1212,30.4,39.86842105263158,True,0.0,0,0.0,0.03289473684210526,1.806961861916534e-06,5.493164060226263e-05,False,39.83552551269531,12x5x224x224x3,0.0,9.536743306171047e-08,0.0,
01209,train,1,19.7,17.733,1210,30.0,40.333333333333336,True,0.0,0,0.0,0.03333333333333333,1.7801920577653618e-06,5.3405761732960855e-05,False,40.29999923706055,12x5x224x224x3,0.0,9.536743306171047e-08,0.0,
00885,train,1,18.352,17.384,1179,29.9,39.4314381270903,True,0.0,0,0.0,0.033444816053511704,1.900969543555675e-06,5.683898935231468e-05,False,39.39799499511719,12x5x224x224x3,0.0,9.536743306171047e-08,0.0,
01233,train,1,19.91,18.139,1237,30.4,40.69078947368421,True,0.0,0,0.0,0.03289473684210526,1.806961861916534e-06,5.493164060226263e-05,False,40.657894134521484,12x5x224x224x3,0.0,9.536743306171047e-08,0.0,
00223,train,0,,,540,30.0,18.0,True,0.0,0,0.0,0.03333333333333333,8.900960288826809e-07,2.6702880866480427e-05,False,17.96666717529297,12x5x224x224x3,0.0,,,
00357,train,0,,,1200,30.0,40.0,True,0.0,0,0.0,0.03333333333333333,1.7801920577653618e-06,5.3405761732960855e-05,False,39.96666717529297,12x5x224x224x3,0.0,,,
01198,train,1,19.719,18.67,1158,29.5,39.25423728813559,True,0.0,0,0.0,0.03389830508474576,1.8750206933759728e-06,5.53131104545912e-05,False,39.220340728759766,12x5x224x224x3,0.0,9.536743306171047e-08,0.0,
00664,train,0,,,570,30.0,19.0,True,0.0,0,0.0,0.03333333333333333,8.900960288826809e-07,2.6702880866480427e-05,False,18.96666717529297,12x5x224x224x3,0.0,,,
00920,train,1,19.818,18.089,1111,27.7,40.108303249097474,True,0.0,0,0.0,0.036101083032490974,1.9004628981633687e-06,5.264282227912531e-05,False,40.072200775146484,12x5x224x224x3,0.0,9.536743306171047e-08,0.0,
01152,train,1,20.0,18.0,1255,30.0,41.833333333333336,True,0.0,0,0.0,0.03333333333333333,1.7801920577653618e-06,5.3405761732960855e-05,False,41.79999923706055,12x5x224x224x3,0.0,9.536743306171047e-08,0.0,
00823,train,1,22.267,21.5,1312,30.0,43.733333333333334,True,0.0,0,0.0,0.03333333333333333,1.7801920577653618e-06,5.3405761732960855e-05,False,43.70000076293945,12x5x224x224x3,0.0,9.536743306171047e-08,0.0,
01071,train,1,19.896,19.341,1226,30.6,40.06535947712418,True,0.0,0,0.0,0.032679738562091505,1.8948823026221362e-06,5.798339846023737e-05,False,40.03268051147461,12x5x224x224x3,0.0,9.536743306171047e-08,0.0,
01038,train,1,20.1,19.333,1203,30.0,40.1,True,0.0,0,0.0,0.03333333333333333,1.7801920577653618e-06,5.3405761732960855e-05,False,40.06666564941406,12x5x224x224x3,0.0,9.536743306171047e-08,0.0,
01248,train,1,9.532,7.133,540,30.0,18.0,True,0.0,0,0.0,0.03333333333333333,8.900960288826809e-07,2.6702880866480427e-05,False,17.96666717529297,12x5x224x224x3,0.0,9.536743128535363e-08,0.0,
00355,train,0,,,570,30.0,19.0,True,0.0,0,0.0,0.03333333333333333,8.900960288826809e-07,2.6702880866480427e-05,False,18.96666717529297,12x5x224x224x3,0.0,,,
00153,train,0,,,570,30.0,19.0,True,0.0,0,0.0,0.03333333333333333,8.900960288826809e-07,2.6702880866480427e-05,False,18.96666717529297,12x5x224x224x3,0.0,,,
00376,train,0,,,1208,30.0,40.266666666666666,True,0.0,0,0.0,0.03333333333333333,1.7801920577653618e-06,5.3405761732960855e-05,False,40.233333587646484,12x5x224x224x3,0.0,,,
00590,train,0,,,1202,30.0,40.06666666666667,True,0.0,0,0.0,0.03333333333333333,1.7801920577653618e-06,5.3405761732960855e-05,False,40.03333282470703,12x5x224x224x3,0.0,,,
01060,train,1,23.6,19.833,1214,30.0,40.46666666666667,True,0.0,0,0.0,0.03333333333333333,1.7801920577653618e-06,5.3405761732960855e-05,False,40.43333435058594,12x5x224x224x3,0.0,9.536743306171047e-08,0.0,
00570,train,0,,,1214,30.0,40.46666666666667,True,0.0,0,0.0,0.03333333333333333,1.7801920577653618e-06,5.3405761732960855e-05,False,40.43333435058594,12x5x224x224x3,0.0,,,
01072,train,1,19.433,18.267,1213,30.0,40.43333333333333,True,0.0,0,0.0,0.03333333333333333,1.7801920577653618e-06,5.3405761732960855e-05,False,40.400001525878906,12x5x224x224x3,0.0,9.536743306171047e-08,0.0,
00670,train,0,,,540,30.0,18.0,True,0.0,0,0.0,0.03333333333333333,8.900960288826809e-07,2.6702880866480427e-05,False,17.96666717529297,12x5x224x224x3,0.0,,,
01225,train,1,20.067,17.9,1201,30.0,40.03333333333333,True,0.0,0,0.0,0.03333333333333333,1.7801920577653618e-06,5.3405761732960855e-05,False,40.0,12x5x224x224x3,0.0,9.536743306171047e-08,0.0,
00279,train,0,,,1294,30.0,43.13333333333333,True,0.0,0,0.0,0.03333333333333333,1.7801920577653618e-06,5.3405761732960855e-05,False,43.099998474121094,12x5x224x224x3,0.0,,,
00494,train,0,,,1203,30.0,40.1,True,0.0,0,0.0,0.03333333333333333,1.7801920577653618e-06,5.3405761732960855e-05,False,40.06666564941406,12x5x224x224x3,0.0,,,
01025,train,1,20.433,19.567,1220,30.0,40.666666666666664,True,0.0,0,0.0,0.03333333333333333,1.7801920577653618e-06,5.3405761732960855e-05,False,40.63333511352539,12x5x224x224x3,0.0,9.536743306171047e-08,0.0,
00445,train,0,,,540,30.0,18.0,True,0.0,0,0.0,0.03333333333333333,8.900960288826809e-07,2.6702880866480427e-05,False,17.96666717529297,12x5x224x224x3,0.0,,,
00942,train,1,18.533,17.233,1206,30.0,40.2,True,0.0,0,0.0,0.03333333333333333,1.7801920577653618e-06,5.3405761732960855e-05,False,40.16666793823242,12x5x224x224x3,0.0,9.536743306171047e-08,0.0,
00012,train,0,,,1203,30.0,40.1,True,0.0,0,0.0,0.03333333333333333,1.7801920577653618e-06,5.3405761732960855e-05,False,40.06666564941406,12x5x224x224x3,0.0,,,
00718,train,0,,,540,30.0,18.0,True,0.0,0,0.0,0.03333333333333333,8.900960288826809e-07,2.6702880866480427e-05,False,17.96666717529297,12x5x224x224x3,0.0,,,
00703,train,0,,,540,30.0,18.0,True,0.0,0,0.0,0.03333333333333333,8.900960288826809e-07,2.6702880866480427e-05,False,17.96666717529297,12x5x224x224x3,0.0,,,
00926,train,1,19.8,18.667,1202,30.0,40.06666666666667,True,0.0,0,0.0,0.03333333333333333,1.7801920577653618e-06,5.3405761732960855e-05,False,40.03333282470703,12x5x224x224x3,0.0,9.536743306171047e-08,0.0,
01294,train,1,20.487,19.699,1048,25.3,41.422924901185766,True,0.0,0,0.0,0.039525691699604744,1.8998097033318118e-06,4.806518549429484e-05,False,41.383399963378906,12x5x224x224x3,0.0,9.536743306171047e-08,0.0,
00470,train,0,,,540,30.0,18.0,True,0.0,0,0.0,0.03333333333333333,8.900960288826809e-07,2.6702880866480427e-05,False,17.96666717529297,12x5x224x224x3,0.0,,,
01269,train,1,20.8,18.1,1204,30.0,40.13333333333333,True,0.0,0,0.0,0.03333333333333333,1.7801920577653618e-06,5.3405761732960855e-05,False,40.099998474121094,12x5x224x224x3,0.0,9.536743306171047e-08,0.0,
00348,train,0,,,1228,30.6,40.130718954248366,True,0.0,0,0.0,0.032679738562091505,1.8948823026221362e-06,5.798339846023737e-05,False,40.09803771972656,12x5x224x224x3,0.0,,,
00495,train,0,,,1160,29.4,39.45578231292517,True,0.0,0,0.0,0.034013605442176874,1.894373475863631e-06,5.569458019039075e-05,False,39.42176818847656,12x5x224x224x3,0.0,,,
01129,train,1,20.133,20.033,1200,30.0,40.0,True,0.0,0,0.0,0.03333333333333333,1.7801920577653618e-06,5.3405761732960855e-05,False,39.96666717529297,12x5x224x224x3,0.0,9.536743306171047e-08,0.0,
00444,train,0,,,1046,30.6,34.18300653594771,True,0.0,0,0.0,0.032679738562091505,1.8948823026221362e-06,5.798339846023737e-05,False,34.150325775146484,12x5x224x224x3,0.0,,,
00375,train,0,,,570,30.0,19.0,True,0.0,0,0.0,0.03333333333333333,8.900960288826809e-07,2.6702880866480427e-05,False,18.96666717529297,12x5x224x224x3,0.0,,,
00318,train,0,,,1179,30.0,39.3,True,0.0,0,0.0,0.03333333333333333,1.7801920577653618e-06,5.3405761732960855e-05,False,39.266666412353516,12x5x224x224x3,0.0,,,
00636,train,0,,,1179,30.0,39.3,True,0.0,0,0.0,0.03333333333333333,1.7801920577653618e-06,5.3405761732960855e-05,False,39.266666412353516,12x5x224x224x3,0.0,,,
00578,train,0,,,1417,29.8,47.5503355704698,True,0.0,0,0.0,0.03355704697986577,1.8945476369935932e-06,5.645751958240908e-05,False,47.51677703857422,12x5x224x224x3,0.0,,,
00863,train,1,9.532,8.099,570,30.0,19.0,True,0.0,0,0.0,0.03333333333333333,8.900960288826809e-07,2.6702880866480427e-05,False,18.96666717529297,12x5x224x224x3,0.0,9.536743128535363e-08,0.0,
00439,train,0,,,1235,30.5,40.49180327868852,True,0.0,0,0.0,0.03278688524590164,1.8760806241857608e-06,5.7220459037665705e-05,False,40.459014892578125,12x5x224x224x3,0.0,,,
01046,train,1,20.963,20.106,1238,30.3,40.85808580858086,True,0.0,0,0.0,0.033003300330033,1.9010537570807173e-06,5.7601928839545737e-05,False,40.82508087158203,12x5x224x224x3,0.0,9.536743306171047e-08,0.0,
00879,train,1,20.3,19.3,1205,30.0,40.166666666666664,True,0.0,0,0.0,0.03333333333333333,1.7801920577653618e-06,5.3405761732960855e-05,False,40.13333511352539,12x5x224x224x3,0.0,9.536743306171047e-08,0.0,
00707,train,0,,,540,30.0,18.0,True,0.0,0,0.0,0.03333333333333333,8.900960288826809e-07,2.6702880866480427e-05,False,17.96666717529297,12x5x224x224x3,0.0,,,
00025,train,0,,,540,30.0,18.0,True,0.0,0,0.0,0.03333333333333333,8.900960288826809e-07,2.6702880866480427e-05,False,17.96666717529297,12x5x224x224x3,0.0,,,
00233,train,0,,,1226,30.5,40.19672131147541,True,0.0,0,0.0,0.03278688524590164,1.8760806241857608e-06,5.7220459037665705e-05,False,40.16393280029297,12x5x224x224x3,0.0,,,
00547,train,0,,,1228,30.6,40.130718954248366,True,0.0,0,0.0,0.032679738562091505,1.8948823026221362e-06,5.798339846023737e-05,False,40.09803771972656,12x5x224x224x3,0.0,,,
00320,train,0,,,1204,30.0,40.13333333333333,True,0.0,0,0.0,0.03333333333333333,1.7801920577653618e-06,5.3405761732960855e-05,False,40.099998474121094,12x5x224x224x3,0.0,,,
00604,train,0,,,1151,30.0,38.36666666666667,True,0.0,0,0.0,0.03333333333333333,1.7801920577653618e-06,5.3405761732960855e-05,False,38.33333206176758,12x5x224x224x3,0.0,,,
00365,train,0,,,540,30.0,18.0,True,0.0,0,0.0,0.03333333333333333,8.900960288826809e-07,2.6702880866480427e-05,False,17.96666717529297,12x5x224x224x3,0.0,,,
00889,train,1,20.167,19.267,1252,30.0,41.733333333333334,True,0.0,0,0.0,0.03333333333333333,1.7801920577653618e-06,5.3405761732960855e-05,False,41.70000076293945,12x5x224x224x3,0.0,9.536743306171047e-08,0.0,
00940,train,1,20.433,19.367,1208,30.0,40.266666666666666,True,0.0,0,0.0,0.03333333333333333,1.7801920577653618e-06,5.3405761732960855e-05,False,40.233333587646484,12x5x224x224x3,0.0,9.536743306171047e-08,0.0,
00792,train,1,20.181,18.451,1216,30.6,39.73856209150327,True,0.0,0,0.0,0.032679738562091505,1.8948823026221362e-06,5.798339846023737e-05,False,39.70588302612305,12x5x224x224x3,0.0,9.536743306171047e-08,0.0,
00802,train,1,19.57,17.933,1174,30.5,38.49180327868852,True,0.0,0,0.0,0.03278688524590164,1.8760806241857608e-06,5.7220459037665705e-05,False,38.459014892578125,12x5x224x224x3,0.0,9.536743306171047e-08,0.0,
00904,train,1,17.937,17.152,1171,30.6,38.267973856209146,True,0.0,0,0.0,0.032679738562091505,1.8948823026221362e-06,5.798339846023737e-05,False,38.235294342041016,12x5x224x224x3,0.0,9.536743306171047e-08,0.0,
00883,train,1,10.1,8.0,540,30.0,18.0,True,0.0,0,0.0,0.03333333333333333,8.900960288826809e-07,2.6702880866480427e-05,False,17.96666717529297,12x5x224x224x3,0.0,9.536743128535363e-08,0.0,
01074,train,1,10.058,9.059,540,30.0,18.0,True,0.0,0,0.0,0.03333333333333333,8.900960288826809e-07,2.6702880866480427e-05,False,17.96666717529297,12x5x224x224x3,0.0,9.536743128535363e-08,0.0,
00870,train,1,17.006,15.959,1246,30.5,40.85245901639344,True,0.0,0,0.0,0.03278688524590164,1.8760806241857608e-06,5.7220459037665705e-05,False,40.819671630859375,12x5x224x224x3,0.0,9.536743306171047e-08,0.0,
00275,train,0,,,1148,29.6,38.78378378378378,True,0.0,0,0.0,0.03378378378378378,1.8557986720679764e-06,5.493164069321211e-05,False,38.75,12x5x224x224x3,0.0,,,
01048,train,1,20.033,18.767,1202,30.0,40.06666666666667,True,0.0,0,0.0,0.03333333333333333,1.7801920577653618e-06,5.3405761732960855e-05,False,40.03333282470703,12x5x224x224x3,0.0,9.536743306171047e-08,0.0,
00478,train,0,,,1206,30.0,40.2,True,0.0,0,0.0,0.03333333333333333,1.7801920577653618e-06,5.3405761732960855e-05,False,40.16666793823242,12x5x224x224x3,0.0,,,
00447,train,0,,,1016,24.6,41.30081300813008,True,0.0,0,0.0,0.04065040650406504,1.8918417339364169e-06,4.653930665483586e-05,False,41.260162353515625,12x5x224x224x3,0.0,,,
00018,train,0,,,1210,30.0,40.333333333333336,True,0.0,0,0.0,0.03333333333333333,1.7801920577653618e-06,5.3405761732960855e-05,False,40.29999923706055,12x5x224x224x3,0.0,,,
01477,train,1,19.3,18.733,1215,30.0,40.5,True,0.0,0,0.0,0.03333333333333333,1.7801920577653618e-06,5.3405761732960855e-05,False,40.46666717529297,12x5x224x224x3,0.0,9.536743306171047e-08,0.0,
00044,train,0,,,1211,30.0,40.36666666666667,True,0.0,0,0.0,0.03333333333333333,1.7801920577653618e-06,5.3405761732960855e-05,False,40.33333206176758,12x5x224x224x3,0.0,,,
00253,train,0,,,1258,30.0,41.93333333333333,True,0.0,0,0.0,0.03333333333333333,1.7801920577653618e-06,5.3405761732960855e-05,False,41.900001525878906,12x5x224x224x3,0.0,,,
00202,train,0,,,1218,30.0,40.6,True,0.0,0,0.0,0.03333333333333333,1.7801920577653618e-06,5.3405761732960855e-05,False,40.56666564941406,12x5x224x224x3,0.0,,,
01350,train,1,10.565,7.899,540,30.0,18.0,True,0.0,0,0.0,0.03333333333333333,8.900960288826809e-07,2.6702880866480427e-05,False,17.96666717529297,12x5x224x224x3,0.0,9.536743128535363e-08,0.0,
00816,train,1,19.661,18.453,1211,30.6,39.57516339869281,True,0.0,0,0.0,0.032679738562091505,1.8948823026221362e-06,5.798339846023737e-05,False,39.542484283447266,12x5x224x224x3,0.0,9.536743306171047e-08,0.0,
00409,train,0,,,1219,30.0,40.63333333333333,True,0.0,0,0.0,0.03333333333333333,1.7801920577653618e-06,5.3405761732960855e-05,False,40.599998474121094,12x5x224x224x3,0.0,,,
00795,train,1,19.794,18.781,1234,30.6,40.326797385620914,True,0.0,0,0.0,0.032679738562091505,1.8948823026221362e-06,5.798339846023737e-05,False,40.29411697387695,12x5x224x224x3,0.0,9.536743306171047e-08,0.0,
00596,train,0,,,1218,30.0,40.6,True,0.0,0,0.0,0.03333333333333333,1.7801920577653618e-06,5.3405761732960855e-05,False,40.56666564941406,12x5x224x224x3,0.0,,,
01384,train,1,18.677,17.727,1234,30.5,40.459016393442624,True,0.0,0,0.0,0.03278688524590164,1.8760806241857608e-06,5.7220459037665705e-05,False,40.426231384277344,12x5x224x224x3,0.0,9.536743306171047e-08,0.0,
01461,train,1,20.539,18.871,1226,30.5,40.19672131147541,True,0.0,0,0.0,0.03278688524590164,1.8760806241857608e-06,5.7220459037665705e-05,False,40.16393280029297,12x5x224x224x3,0.0,9.536743306171047e-08,0.0,
01178,train,1,20.586,18.887,1226,30.6,40.06535947712418,True,0.0,0,0.0,0.032679738562091505,1.8948823026221362e-06,5.798339846023737e-05,False,40.03268051147461,12x5x224x224x3,0.0,9.536743306171047e-08,0.0,
01434,train,1,20.133,16.833,1204,30.0,40.13333333333333,True,0.0,0,0.0,0.03333333333333333,1.7801920577653618e-06,5.3405761732960855e-05,False,40.099998474121094,12x5x224x224x3,0.0,9.536743306171047e-08,0.0,
00019,train,0,,,1203,30.0,40.1,True,0.0,0,0.0,0.03333333333333333,1.7801920577653618e-06,5.3405761732960855e-05,False,40.06666564941406,12x5x224x224x3,0.0,,,
00522,train,0,,,1201,30.0,40.03333333333333,True,0.0,0,0.0,0.03333333333333333,1.7801920577653618e-06,5.3405761732960855e-05,False,40.0,12x5x224x224x3,0.0,,,
01298,train,1,19.536,17.903,1225,30.6,40.03267973856209,True,0.0,0,0.0,0.032679738562091505,1.8948823026221362e-06,5.798339846023737e-05,False,40.0,12x5x224x224x3,0.0,9.536743306171047e-08,0.0,
00665,train,0,,,1230,30.6,40.19607843137255,True,0.0,0,0.0,0.032679738562091505,1.8948823026221362e-06,5.798339846023737e-05,False,40.16339874267578,12x5x224x224x3,0.0,,,
01401,train,1,19.2,18.567,1174,30.0,39.13333333333333,True,0.0,0,0.0,0.03333333333333333,1.7801920577653618e-06,5.3405761732960855e-05,False,39.099998474121094,12x5x224x224x3,0.0,9.536743306171047e-08,0.0,
00248,train,0,,,1201,30.0,40.03333333333333,True,0.0,0,0.0,0.03333333333333333,1.7801920577653618e-06,5.3405761732960855e-05,False,40.0,12x5x224x224x3,0.0,,,
00282,train,0,,,1217,30.0,40.56666666666667,True,0.0,0,0.0,0.03333333333333333,1.7801920577653618e-06,5.3405761732960855e-05,False,40.53333282470703,12x5x224x224x3,0.0,,,
00207,train,0,,,1250,30.5,40.98360655737705,True,0.0,0,0.0,0.03278688524590164,1.8760806241857608e-06,5.7220459037665705e-05,False,40.95082092285156,12x5x224x224x3,0.0,,,
01155,train,1,20.76,19.136,1158,28.9,40.069204152249135,True,0.0,0,0.0,0.03460207612456748,1.9007488134548112e-06,5.493164070884404e-05,False,40.034603118896484,12x5x224x224x3,0.0,9.536743306171047e-08,0.0,
00558,train,0,,,1228,30.6,40.130718954248366,True,0.0,0,0.0,0.032679738562091505,1.8948823026221362e-06,5.798339846023737e-05,False,40.09803771972656,12x5x224x224x3,0.0,,,
00140,train,0,,,1226,30.6,40.06535947712418,True,0.0,0,0.0,0.032679738562091505,1.8948823026221362e-06,5.798339846023737e-05,False,40.03268051147461,12x5x224x224x3,0.0,,,
00723,train,0,,,1204,30.0,40.13333333333333,True,0.0,0,0.0,0.03333333333333333,1.7801920577653618e-06,5.3405761732960855e-05,False,40.099998474121094,12x5x224x224x3,0.0,,,
00784,train,1,18.467,17.233,1163,30.0,38.766666666666666,True,0.0,0,0.0,0.03333333333333333,1.7801920577653618e-06,5.3405761732960855e-05,False,38.733333587646484,12x5x224x224x3,0.0,9.536743306171047e-08,0.0,
01122,train,1,18.5,17.367,1176,30.0,39.2,True,0.0,0,0.0,0.03333333333333333,1.7801920577653618e-06,5.3405761732960855e-05,False,39.16666793823242,12x5x224x224x3,0.0,9.536743306171047e-08,0.0,
01313,train,1,20.467,18.8,1189,30.0,39.63333333333333,True,0.0,0,0.0,0.03333333333333333,1.7801920577653618e-06,5.3405761732960855e-05,False,39.599998474121094,12x5x224x224x3,0.0,9.536743306171047e-08,0.0,
01069,train,1,9.362,7.629,570,30.0,19.0,True,0.0,0,0.0,0.03333333333333333,8.900960288826809e-07,2.6702880866480427e-05,False,18.96666717529297,12x5x224x224x3,0.0,9.536743128535363e-08,0.0,
01147,train,1,19.833,17.567,1205,30.0,40.166666666666664,True,0.0,0,0.0,0.03333333333333333,1.7801920577653618e-06,5.3405761732960855e-05,False,40.13333511352539,12x5x224x224x3,0.0,9.536743306171047e-08,0.0,
00599,train,0,,,1211,29.9,40.50167224080268,True,0.0,0,0.0,0.033444816053511704,1.900969543555675e-06,5.683898935231468e-05,False,40.46822738647461,12x5x224x224x3,0.0,,,
00968,train,1,19.399,18.264,1181,29.9,39.49832775919732,True,0.0,0,0.0,0.033444816053511704,1.900969543555675e-06,5.683898935231468e-05,False,39.464881896972656,12x5x224x224x3,0.0,9.536743306171047e-08,0.0,
00433,train,0,,,1205,30.0,40.166666666666664,True,0.0,0,0.0,0.03333333333333333,1.7801920577653618e-06,5.3405761732960855e-05,False,40.13333511352539,12x5x224x224x3,0.0,,,
00457,train,0,,,1201,30.0,40.03333333333333,True,0.0,0,0.0,0.03333333333333333,1.7801920577653618e-06,5.3405761732960855e-05,False,40.0,12x5x224x224x3,0.0,,,
00772,train,1,18.3,15.733,1188,30.0,39.6,True,0.0,0,0.0,0.03333333333333333,1.7801920577653618e-06,5.3405761732960855e-05,False,39.56666564941406,12x5x224x224x3,0.0,9.536743306171047e-08,0.0,
00974,train,1,19.796,18.849,1234,30.6,40.326797385620914,True,0.0,0,0.0,0.032679738562091505,1.8948823026221362e-06,5.798339846023737e-05,False,40.29411697387695,12x5x224x224x3,0.0,9.536743306171047e-08,0.0,
00857,train,1,20.71,19.29,1276,31.0,41.16129032258065,True,0.0,0,0.0,0.03225806451612903,1.8458212593941425e-06,5.722045904121842e-05,False,41.129032135009766,12x5x224x224x3,0.0,9.536743306171047e-08,0.0,
00913,train,1,20.521,18.785,1208,29.9,40.401337792642146,True,0.0,0,0.0,0.033444816053511704,1.900969543555675e-06,5.683898935231468e-05,False,40.36789321899414,12x5x224x224x3,0.0,9.536743306171047e-08,0.0,
00897,train,1,20.6,19.233,1206,30.0,40.2,True,0.0,0,0.0,0.03333333333333333,1.7801920577653618e-06,5.3405761732960855e-05,False,40.16666793823242,12x5x224x224x3,0.0,9.536743306171047e-08,0.0,
00344,train,0,,,1178,30.0,39.266666666666666,True,0.0,0,0.0,0.03333333333333333,1.7801920577653618e-06,5.3405761732960855e-05,False,39.233333587646484,12x5x224x224x3,0.0,,,
01488,train,1,19.417,18.3,1199,30.0,39.96666666666667,True,0.0,0,0.0,0.03333333333333333,1.7801920577653618e-06,5.3405761732960855e-05,False,39.93333435058594,12x5x224x224x3,0.0,9.536743306171047e-08,0.0,
01429,train,1,19.6,18.3,1213,30.0,40.43333333333333,True,0.0,0,0.0,0.03333333333333333,1.7801920577653618e-06,5.3405761732960855e-05,False,40.400001525878906,12x5x224x224x3,0.0,9.536743306171047e-08,0.0,
00081,train,0,,,1203,30.0,40.1,True,0.0,0,0.0,0.03333333333333333,1.7801920577653618e-06,5.3405761732960855e-05,False,40.06666564941406,12x5x224x224x3,0.0,,,
00169,train,0,,,570,30.0,19.0,True,0.0,0,0.0,0.03333333333333333,8.900960288826809e-07,2.6702880866480427e-05,False,18.96666717529297,12x5x224x224x3,0.0,,,
00053,train,0,,,540,30.0,18.0,True,0.0,0,0.0,0.03333333333333333,8.900960288826809e-07,2.6702880866480427e-05,False,17.96666717529297,12x5x224x224x3,0.0,,,
01162,train,1,20.432,17.657,1227,30.6,40.09803921568627,True,0.0,0,0.0,0.032679738562091505,1.8948823026221362e-06,5.798339846023737e-05,False,40.06536102294922,12x5x224x224x3,0.0,9.536743306171047e-08,0.0,
00571,train,0,,,1200,30.0,40.0,True,0.0,0,0.0,0.03333333333333333,1.7801920577653618e-06,5.3405761732960855e-05,False,39.96666717529297,12x5x224x224x3,0.0,,,
00285,train,0,,,1201,29.9,40.16722408026756,True,0.0,0,0.0,0.033444816053511704,1.900969543555675e-06,5.683898935231468e-05,False,40.1337776184082,12x5x224x224x3,0.0,,,
01003,train,1,19.867,18.333,1209,30.0,40.3,True,0.0,0,0.0,0.03333333333333333,1.7801920577653618e-06,5.3405761732960855e-05,False,40.266666412353516,12x5x224x224x3,0.0,9.536743306171047e-08,0.0,
00213,train,0,,,1224,30.6,40.0,True,0.0,0,0.0,0.032679738562091505,1.8948823026221362e-06,5.798339846023737e-05,False,39.96731948852539,12x5x224x224x3,0.0,,,
01354,train,1,20.153,19.119,1203,29.9,40.23411371237459,True,0.0,0,0.0,0.033444816053511704,1.900969543555675e-06,5.683898935231468e-05,False,40.20066833496094,12x5x224x224x3,0.0,9.536743306171047e-08,0.0,
00754,train,1,21.146,18.196,1200,30.5,39.34426229508197,True,0.0,0,0.0,0.03278688524590164,1.8760806241857608e-06,5.7220459037665705e-05,False,39.31147384643555,12x5x224x224x3,0.0,9.536743306171047e-08,0.0,
01460,train,1,49.633,48.2,1800,30.0,60.0,True,0.0,0,0.0,0.03333333333333333,1.7801920577653618e-06,5.3405761732960855e-05,False,59.96666717529297,12x5x224x224x3,0.0,9.536743306171047e-08,0.0,
00218,train,0,,,1214,30.0,40.46666666666667,True,0.0,0,0.0,0.03333333333333333,1.7801920577653618e-06,5.3405761732960855e-05,False,40.43333435058594,12x5x224x224x3,0.0,,,
01172,train,1,20.717,18.833,1195,30.0,39.833333333333336,True,0.0,0,0.0,0.03333333333333333,1.7801920577653618e-06,5.3405761732960855e-05,False,39.79999923706055,12x5x224x224x3,0.0,9.536743306171047e-08,0.0,
00487,train,0,,,1150,28.9,39.792387543252595,True,0.0,0,0.0,0.03460207612456748,1.9007488134548112e-06,5.493164070884404e-05,False,39.75778579711914,12x5x224x224x3,0.0,,,
00691,train,0,,,1201,30.0,40.03333333333333,True,0.0,0,0.0,0.03333333333333333,1.7801920577653618e-06,5.3405761732960855e-05,False,40.0,12x5x224x224x3,0.0,,,
00834,train,1,19.448,17.9,1069,26.4,40.49242424242424,True,0.0,0,0.0,0.03787878787878788,1.849550194776839e-06,4.882812514210854e-05,False,40.45454406738281,12x5x224x224x3,0.0,9.536743306171047e-08,0.0,
01332,train,1,19.567,18.533,1196,30.0,39.86666666666667,True,0.0,0,0.0,0.03333333333333333,1.7801920577653618e-06,5.3405761732960855e-05,False,39.83333206176758,12x5x224x224x3,0.0,9.536743306171047e-08,0.0,
00853,train,1,20.078,19.19,1180,29.2,40.41095890410959,True,0.0,0,0.0,0.03424657534246575,1.8812205695439843e-06,5.493164063068434e-05,False,40.376712799072266,12x5x224x224x3,0.0,9.536743306171047e-08,0.0,
00340,train,0,,,1201,30.0,40.03333333333333,True,0.0,0,0.0,0.03333333333333333,1.7801920577653618e-06,5.3405761732960855e-05,False,40.0,12x5x224x224x3,0.0,,,
01416,train,1,11.789,10.842,984,30.6,32.15686274509804,True,0.0,0,0.0,0.032679738562091505,1.670488344984733e-06,5.111694335653283e-05,False,32.124183654785156,12x5x224x224x3,0.0,9.536743128535363e-08,0.0,
00859,train,1,20.533,19.633,1206,30.0,40.2,True,0.0,0,0.0,0.03333333333333333,1.7801920577653618e-06,5.3405761732960855e-05,False,40.16666793823242,12x5x224x224x3,0.0,9.536743306171047e-08,0.0,
00284,train,0,,,1207,30.0,40.233333333333334,True,0.0,0,0.0,0.03333333333333333,1.7801920577653618e-06,5.3405761732960855e-05,False,40.20000076293945,12x5x224x224x3,0.0,,,
00507,train,0,,,1203,29.9,40.23411371237459,True,0.0,0,0.0,0.033444816053511704,1.900969543555675e-06,5.683898935231468e-05,False,40.20066833496094,12x5x224x224x3,0.0,,,
00469,train,0,,,1186,29.8,39.79865771812081,True,0.0,0,0.0,0.03355704697986577,1.8945476369935932e-06,5.645751958240908e-05,False,39.76510238647461,12x5x224x224x3,0.0,,,
00499,train,0,,,1210,30.5,39.67213114754098,True,0.0,0,0.0,0.03278688524590164,1.8760806241857608e-06,5.7220459037665705e-05,False,39.63934326171875,12x5x224x224x3,0.0,,,
00812,train,1,10.524,9.991,540,30.0,18.0,True,0.0,0,0.0,0.03333333333333333,8.900960288826809e-07,2.6702880866480427e-05,False,17.96666717529297,12x5x224x224x3,0.0,9.536743128535363e-08,0.0,
01312,train,1,17.365,16.107,1172,30.6,38.30065359477124,True,0.0,0,0.0,0.032679738562091505,1.8948823026221362e-06,5.798339846023737e-05,False,38.267974853515625,12x5x224x224x3,0.0,9.536743306171047e-08,0.0,
00298,train,0,,,1200,30.0,40.0,True,0.0,0,0.0,0.03333333333333333,1.7801920577653618e-06,5.3405761732960855e-05,False,39.96666717529297,12x5x224x224x3,0.0,,,
00924,train,1,21.336,20.323,1242,30.6,40.588235294117645,True,0.0,0,0.0,0.032679738562091505,1.8948823026221362e-06,5.798339846023737e-05,False,40.55555725097656,12x5x224x224x3,0.0,9.536743306171047e-08,0.0,
00608,train,0,,,1233,30.5,40.42622950819672,True,0.0,0,0.0,0.03278688524590164,1.8760806241857608e-06,5.7220459037665705e-05,False,40.3934440612793,12x5x224x224x3,0.0,,,
00894,train,1,20.7,18.433,1200,30.0,40.0,True,0.0,0,0.0,0.03333333333333333,1.7801920577653618e-06,5.3405761732960855e-05,False,39.96666717529297,12x5x224x224x3,0.0,9.536743306171047e-08,0.0,
00332,train,0,,,1205,30.0,40.166666666666664,True,0.0,0,0.0,0.03333333333333333,1.7801920577653618e-06,5.3405761732960855e-05,False,40.13333511352539,12x5x224x224x3,0.0,,,
01159,train,1,20.547,19.598,1163,29.4,39.5578231292517,True,0.0,0,0.0,0.034013605442176874,1.894373475863631e-06,5.569458019039075e-05,False,39.52381134033203,12x5x224x224x3,0.0,9.536743306171047e-08,0.0,
00653,train,0,,,1212,30.0,40.4,True,0.0,0,0.0,0.03333333333333333,1.7801920577653618e-06,5.3405761732960855e-05,False,40.36666488647461,12x5x224x224x3,0.0,,,
00949,train,1,20.09,19.035,1161,29.3,39.62457337883959,True,0.0,0,0.0,0.034129692832764506,1.9008389102737056e-06,5.569458007101957e-05,False,39.5904426574707,12x5x224x224x3,0.0,9.536743306171047e-08,0.0,
00257,train,0,,,1205,30.0,40.166666666666664,True,0.0,0,0.0,0.03333333333333333,1.7801920577653618e-06,5.3405761732960855e-05,False,40.13333511352539,12x5x224x224x3,0.0,,,
01478,train,1,19.5,17.567,1208,30.0,40.266666666666666,True,0.0,0,0.0,0.03333333333333333,1.7801920577653618e-06,5.3405761732960855e-05,False,40.233333587646484,12x5x224x224x3,0.0,9.536743306171047e-08,0.0,
01015,train,1,20.335,18.098,1167,29.9,39.030100334448164,True,0.0,0,0.0,0.033444816053511704,1.900969543555675e-06,5.683898935231468e-05,False,38.99665451049805,12x5x224x224x3,0.0,9.536743306171047e-08,0.0,
00587,train,0,,,975,29.3,33.27645051194539,True,0.0,0,0.0,0.034129692832764506,1.8617805750409389e-06,5.455017084869951e-05,False,33.2423210144043,12x5x224x224x3,0.0,,,
00579,train,0,,,930,30.0,31.0,True,0.0,0,0.0,0.03333333333333333,8.900960288826809e-07,2.6702880866480427e-05,False,30.96666717529297,12x5x224x224x3,0.0,,,
01062,train,1,16.847,15.159,1198,30.2,39.66887417218543,True,0.0,0,0.0,0.033112582781456956,1.8947171867012003e-06,5.7220459038376244e-05,False,39.63576126098633,12x5x224x224x3,0.0,9.536743306171047e-08,0.0,
00317,train,0,,,1201,30.0,40.03333333333333,True,0.0,0,0.0,0.03333333333333333,1.7801920577653618e-06,5.3405761732960855e-05,False,40.0,12x5x224x224x3,0.0,,,
00359,train,0,,,540,30.0,18.0,True,0.0,0,0.0,0.03333333333333333,8.900960288826809e-07,2.6702880866480427e-05,False,17.96666717529297,12x5x224x224x3,0.0,,,
00364,train,0,,,1227,30.6,40.09803921568627,True,0.0,0,0.0,0.032679738562091505,1.8948823026221362e-06,5.798339846023737e-05,False,40.06536102294922,12x5x224x224x3,0.0,,,
00808,train,1,19.233,17.3,1203,30.0,40.1,True,0.0,0,0.0,0.03333333333333333,1.7801920577653618e-06,5.3405761732960855e-05,False,40.06666564941406,12x5x224x224x3,0.0,9.536743306171047e-08,0.0,
01490,train,1,19.667,18.8,1202,30.0,40.06666666666667,True,0.0,0,0.0,0.03333333333333333,1.7801920577653618e-06,5.3405761732960855e-05,False,40.03333282470703,12x5x224x224x3,0.0,9.536743306171047e-08,0.0,
00304,train,0,,,1201,30.0,40.03333333333333,True,0.0,0,0.0,0.03333333333333333,1.7801920577653618e-06,5.3405761732960855e-05,False,40.0,12x5x224x224x3,0.0,,,
01383,train,1,20.467,19.1,1203,30.0,40.1,True,0.0,0,0.0,0.03333333333333333,1.7801920577653618e-06,5.3405761732960855e-05,False,40.06666564941406,12x5x224x224x3,0.0,9.536743306171047e-08,0.0,
00725,train,0,,,1207,30.0,40.233333333333334,True,0.0,0,0.0,0.03333333333333333,1.7801920577653618e-06,5.3405761732960855e-05,False,40.20000076293945,12x5x224x224x3,0.0,,,
01034,train,1,19.633,17.6,1201,30.0,40.03333333333333,True,0.0,0,0.0,0.03333333333333333,1.7801920577653618e-06,5.3405761732960855e-05,False,40.0,12x5x224x224x3,0.0,9.536743306171047e-08,0.0,
01236,train,1,20.333,18.967,1218,30.0,40.6,True,0.0,0,0.0,0.03333333333333333,1.7801920577653618e-06,5.3405761732960855e-05,False,40.56666564941406,12x5x224x224x3,0.0,9.536743306171047e-08,0.0,
00416,train,0,,,540,30.0,18.0,True,0.0,0,0.0,0.03333333333333333,8.900960288826809e-07,2.6702880866480427e-05,False,17.96666717529297,12x5x224x224x3,0.0,,,
00039,train,0,,,1237,30.5,40.557377049180324,True,0.0,0,0.0,0.03278688524590164,1.8760806241857608e-06,5.7220459037665705e-05,False,40.52458953857422,12x5x224x224x3,0.0,,,
01374,train,1,21.233,18.967,1203,30.0,40.1,True,0.0,0,0.0,0.03333333333333333,1.7801920577653618e-06,5.3405761732960855e-05,False,40.06666564941406,12x5x224x224x3,0.0,9.536743306171047e-08,0.0,
00619,train,0,,,1223,30.0,40.766666666666666,True,0.0,0,0.0,0.03333333333333333,1.7801920577653618e-06,5.3405761732960855e-05,False,40.733333587646484,12x5x224x224x3,0.0,,,
00358,train,0,,,540,30.0,18.0,True,0.0,0,0.0,0.03333333333333333,8.900960288826809e-07,2.6702880866480427e-05,False,17.96666717529297,12x5x224x224x3,0.0,,,
00985,train,1,18.805,14.608,1172,29.3,40.0,True,0.0,0,0.0,0.034129692832764506,1.9008389102737056e-06,5.569458007101957e-05,False,39.96586990356445,12x5x224x224x3,0.0,9.536743306171047e-08,0.0,
00063,train,0,,,1202,29.9,40.20066889632107,True,0.0,0,0.0,0.033444816053511704,1.900969543555675e-06,5.683898935231468e-05,False,40.1672248840332,12x5x224x224x3,0.0,,,
00769,train,1,9.832,6.733,570,30.0,19.0,True,0.0,0,0.0,0.03333333333333333,8.900960288826809e-07,2.6702880866480427e-05,False,18.96666717529297,12x5x224x224x3,0.0,9.536743128535363e-08,0.0,
00898,train,1,19.667,18.799,1176,29.9,39.331103678929765,True,0.0,0,0.0,0.033444816053511704,1.900969543555675e-06,5.683898935231468e-05,False,39.29765701293945,12x5x224x224x3,0.0,9.536743306171047e-08,0.0,
00719,train,0,,,1213,30.0,40.43333333333333,True,0.0,0,0.0,0.03333333333333333,1.7801920577653618e-06,5.3405761732960855e-05,False,40.400001525878906,12x5x224x224x3,0.0,,,
00150,train,0,,,1232,30.6,40.26143790849673,True,0.0,0,0.0,0.032679738562091505,1.8948823026221362e-06,5.798339846023737e-05,False,40.228759765625,12x5x224x224x3,0.0,,,
01409,train,1,19.967,16.9,1202,30.0,40.06666666666667,True,0.0,0,0.0,0.03333333333333333,1.7801920577653618e-06,5.3405761732960855e-05,False,40.03333282470703,12x5x224x224x3,0.0,9.536743306171047e-08,0.0,
00922,train,1,18.8,17.633,1180,30.0,39.333333333333336,True,0.0,0,0.0,0.03333333333333333,1.7801920577653618e-06,5.3405761732960855e-05,False,39.29999923706055,12x5x224x224x3,0.0,9.536743306171047e-08,0.0,
01041,train,1,21.05,19.667,1228,30.0,40.93333333333333,True,0.0,0,0.0,0.03333333333333333,1.7801920577653618e-06,5.3405761732960855e-05,False,40.900001525878906,12x5x224x224x3,0.0,9.536743306171047e-08,0.0,
00779,train,1,20.087,17.184,1203,29.9,40.23411371237459,True,0.0,0,0.0,0.033444816053511704,1.900969543555675e-06,5.683898935231468e-05,False,40.20066833496094,12x5x224x224x3,0.0,9.536743306171047e-08,0.0,
00212,train,0,,,1209,30.0,40.3,True,0.0,0,0.0,0.03333333333333333,1.7801920577653618e-06,5.3405761732960855e-05,False,40.266666412353516,12x5x224x224x3,0.0,,,
00336,train,0,,,1201,30.0,40.03333333333333,True,0.0,0,0.0,0.03333333333333333,1.7801920577653618e-06,5.3405761732960855e-05,False,40.0,12x5x224x224x3,0.0,,,
01193,train,1,20.09,19.379,1066,28.1,37.93594306049822,True,0.0,0,0.0,0.03558718861209964,1.9005609175337668e-06,5.3405761782698846e-05,False,37.90035629272461,12x5x224x224x3,0.0,9.536743306171047e-08,0.0,
00322,train,0,,,1201,29.9,40.16722408026756,True,0.0,0,0.0,0.033444816053511704,1.900969543555675e-06,5.683898935231468e-05,False,40.1337776184082,12x5x224x224x3,0.0,,,
00451,train,0,,,540,30.0,18.0,True,0.0,0,0.0,0.03333333333333333,8.900960288826809e-07,2.6702880866480427e-05,False,17.96666717529297,12x5x224x224x3,0.0,,,
00059,train,0,,,1190,30.0,39.666666666666664,True,0.0,0,0.0,0.03333333333333333,1.7801920577653618e-06,5.3405761732960855e-05,False,39.63333511352539,12x5x224x224x3,0.0,,,
00183,train,0,,,1226,30.5,40.19672131147541,True,0.0,0,0.0,0.03278688524590164,1.8760806241857608e-06,5.7220459037665705e-05,False,40.16393280029297,12x5x224x224x3,0.0,,,
00396,train,0,,,540,30.0,18.0,True,0.0,0,0.0,0.03333333333333333,8.900960288826809e-07,2.6702880866480427e-05,False,17.96666717529297,12x5x224x224x3,0.0,,,
01098,train,1,19.802,16.572,1224,30.6,40.0,True,0.0,0,0.0,0.032679738562091505,1.8948823026221362e-06,5.798339846023737e-05,False,39.96731948852539,12x5x224x224x3,0.0,9.536743306171047e-08,0.0,
01051,train,1,15.689,14.284,1084,30.5,35.540983606557376,True,0.0,0,0.0,0.03278688524590164,1.8760806241857608e-06,5.7220459037665705e-05,False,35.50819778442383,12x5x224x224x3,0.0,9.536743128535363e-08,0.0,
00684,train,0,,,1230,30.5,40.32786885245902,True,0.0,0,0.0,0.03278688524590164,1.8760806241857608e-06,5.7220459037665705e-05,False,40.295082092285156,12x5x224x224x3,0.0,,,
00749,train,0,,,1230,30.5,40.32786885245902,True,0.0,0,0.0,0.03278688524590164,1.8760806241857608e-06,5.7220459037665705e-05,False,40.295082092285156,12x5x224x224x3,0.0,,,
00023,train,0,,,1141,30.0,38.03333333333333,True,0.0,0,0.0,0.03333333333333333,1.7801920577653618e-06,5.3405761732960855e-05,False,38.0,12x5x224x224x3,0.0,,,
00380,train,0,,,540,30.0,18.0,True,0.0,0,0.0,0.03333333333333333,8.900960288826809e-07,2.6702880866480427e-05,False,17.96666717529297,12x5x224x224x3,0.0,,,
00835,train,1,21.8,19.774,1306,30.5,42.81967213114754,True,0.0,0,0.0,0.03278688524590164,1.8760806241857608e-06,5.7220459037665705e-05,False,42.78688430786133,12x5x224x224x3,0.0,9.536743306171047e-08,0.0,
01314,train,1,18.467,16.033,1192,30.0,39.733333333333334,True,0.0,0,0.0,0.03333333333333333,1.7801920577653618e-06,5.3405761732960855e-05,False,39.70000076293945,12x5x224x224x3,0.0,9.536743306171047e-08,0.0,
00790,train,1,10.431,8.398,570,30.0,19.0,True,0.0,0,0.0,0.03333333333333333,8.900960288826809e-07,2.6702880866480427e-05,False,18.96666717529297,12x5x224x224x3,0.0,9.536743128535363e-08,0.0,
01320,train,1,20.427,19.447,1236,30.5,40.52459016393443,True,0.0,0,0.0,0.03278688524590164,1.8760806241857608e-06,5.7220459037665705e-05,False,40.49180221557617,12x5x224x224x3,0.0,9.536743306171047e-08,0.0,
00405,train,0,,,1231,30.6,40.228758169934636,True,0.0,0,0.0,0.032679738562091505,1.8948823026221362e-06,5.798339846023737e-05,False,40.19607925415039,12x5x224x224x3,0.0,,,
00046,train,0,,,1235,30.5,40.49180327868852,True,0.0,0,0.0,0.03278688524590164,1.8760806241857608e-06,5.7220459037665705e-05,False,40.459014892578125,12x5x224x224x3,0.0,,,
00236,train,0,,,1232,30.6,40.26143790849673,True,0.0,0,0.0,0.032679738562091505,1.8948823026221362e-06,5.798339846023737e-05,False,40.228759765625,12x5x224x224x3,0.0,,,
00748,train,0,,,1262,30.6,41.24183006535947,True,0.0,0,0.0,0.032679738562091505,1.8948823026221362e-06,5.798339846023737e-05,False,41.20915222167969,12x5x224x224x3,0.0,,,
01425,train,1,12.524,9.227,540,30.0,18.0,True,0.0,0,0.0,0.03333333333333333,8.900960288826809e-07,2.6702880866480427e-05,False,17.96666717529297,12x5x224x224x3,0.0,9.536743128535363e-08,0.0,
00384,train,0,,,1171,29.6,39.56081081081081,True,0.0,0,0.0,0.03378378378378378,1.8557986720679764e-06,5.493164069321211e-05,False,39.52702713012695,12x5x224x224x3,0.0,,,
01054,train,1,18.933,16.033,1213,30.0,40.43333333333333,True,0.0,0,0.0,0.03333333333333333,1.7801920577653618e-06,5.3405761732960855e-05,False,40.400001525878906,12x5x224x224x3,0.0,9.536743306171047e-08,0.0,
01065,train,1,21.852,20.507,1195,29.7,40.235690235690235,True,0.0,0,0.0,0.03367003367003367,1.900926584141871e-06,5.6457519549013564e-05,False,40.20201873779297,12x5x224x224x3,0.0,9.536743306171047e-08,0.0,
01343,train,1,20.367,18.467,1207,30.0,40.233333333333334,True,0.0,0,0.0,0.03333333333333333,1.7801920577653618e-06,5.3405761732960855e-05,False,40.20000076293945,12x5x224x224x3,0.0,9.536743306171047e-08,0.0,
00210,train,0,,,1177,30.0,39.233333333333334,True,0.0,0,0.0,0.03333333333333333,1.7801920577653618e-06,5.3405761732960855e-05,False,39.20000076293945,12x5x224x224x3,0.0,,,
00525,train,0,,,1139,30.6,37.22222222222222,True,0.0,0,0.0,0.032679738562091505,1.8948823026221362e-06,5.798339846023737e-05,False,37.18954086303711,12x5x224x224x3,0.0,,,
01204,train,1,20.8,19.4,1218,30.0,40.6,True,0.0,0,0.0,0.03333333333333333,1.7801920577653618e-06,5.3405761732960855e-05,False,40.56666564941406,12x5x224x224x3,0.0,9.536743306171047e-08,0.0,
00334,train,0,,,1220,30.0,40.666666666666664,True,0.0,0,0.0,0.03333333333333333,1.7801920577653618e-06,5.3405761732960855e-05,False,40.63333511352539,12x5x224x224x3,0.0,,,
00432,train,0,,,1236,30.6,40.3921568627451,True,0.0,0,0.0,0.032679738562091505,1.8948823026221362e-06,5.798339846023737e-05,False,40.35947799682617,12x5x224x224x3,0.0,,,
00970,train,1,20.0,18.233,1210,30.0,40.333333333333336,True,0.0,0,0.0,0.03333333333333333,1.7801920577653618e-06,5.3405761732960855e-05,False,40.29999923706055,12x5x224x224x3,0.0,9.536743306171047e-08,0.0,
00923,train,1,20.321,18.622,1227,30.6,40.09803921568627,True,0.0,0,0.0,0.032679738562091505,1.8948823026221362e-06,5.798339846023737e-05,False,40.06536102294922,12x5x224x224x3,0.0,9.536743306171047e-08,0.0,
01372,train,1,20.71,18.984,1155,28.9,39.965397923875436,True,0.0,0,0.0,0.03460207612456748,1.9007488134548112e-06,5.493164070884404e-05,False,39.9307975769043,12x5x224x224x3,0.0,9.536743306171047e-08,0.0,
00412,train,0,,,1226,30.6,40.06535947712418,True,0.0,0,0.0,0.032679738562091505,1.8948823026221362e-06,5.798339846023737e-05,False,40.03268051147461,12x5x224x224x3,0.0,,,
00632,train,0,,,1242,30.6,40.588235294117645,True,0.0,0,0.0,0.032679738562091505,1.8948823026221362e-06,5.798339846023737e-05,False,40.55555725097656,12x5x224x224x3,0.0,,,
00198,train,0,,,1205,30.0,40.166666666666664,True,0.0,0,0.0,0.03333333333333333,1.7801920577653618e-06,5.3405761732960855e-05,False,40.13333511352539,12x5x224x224x3,0.0,,,
01430,train,1,18.357,17.382,1161,29.7,39.09090909090909,True,0.0,0,0.0,0.03367003367003367,1.900926584141871e-06,5.6457519549013564e-05,False,39.0572395324707,12x5x224x224x3,0.0,9.536743306171047e-08,0.0,
01345,train,1,19.969,18.562,1203,29.8,40.36912751677852,True,0.0,0,0.0,0.03355704697986577,1.8945476369935932e-06,5.645751958240908e-05,False,40.3355712890625,12x5x224x224x3,0.0,9.536743306171047e-08,0.0,
01166,train,1,19.667,17.8,1206,30.0,40.2,True,0.0,0,0.0,0.03333333333333333,1.7801920577653618e-06,5.3405761732960855e-05,False,40.16666793823242,12x5x224x224x3,0.0,9.536743306171047e-08,0.0,
01330,train,1,20.38,20.347,1220,30.6,39.869281045751634,True,0.0,0,0.0,0.032679738562091505,1.8948823026221362e-06,5.798339846023737e-05,False,39.83660125732422,12x5x224x224x3,0.0,9.536743306171047e-08,0.0,
00987,train,1,20.367,18.8,1187,30.0,39.56666666666667,True,0.0,0,0.0,0.03333333333333333,1.7801920577653618e-06,5.3405761732960855e-05,False,39.53333282470703,12x5x224x224x3,0.0,9.536743306171047e-08,0.0,
00112,train,0,,,1200,30.0,40.0,True,0.0,0,0.0,0.03333333333333333,1.7801920577653618e-06,5.3405761732960855e-05,False,39.96666717529297,12x5x224x224x3,0.0,,,
00654,train,0,,,1229,30.5,40.295081967213115,True,0.0,0,0.0,0.03278688524590164,1.8760806241857608e-06,5.7220459037665705e-05,False,40.26229476928711,12x5x224x224x3,0.0,,,
01437,train,1,20.9,18.5,1205,30.0,40.166666666666664,True,0.0,0,0.0,0.03333333333333333,1.7801920577653618e-06,5.3405761732960855e-05,False,40.13333511352539,12x5x224x224x3,0.0,9.536743306171047e-08,0.0,
01224,train,1,19.488,18.411,1214,30.6,39.673202614379086,True,0.0,0,0.0,0.032679738562091505,1.8948823026221362e-06,5.798339846023737e-05,False,39.64052200317383,12x5x224x224x3,0.0,9.536743306171047e-08,0.0,
00877,train,1,19.967,17.8,1225,30.0,40.833333333333336,True,0.0,0,0.0,0.03333333333333333,1.7801920577653618e-06,5.3405761732960855e-05,False,40.79999923706055,12x5x224x224x3,0.0,9.536743306171047e-08,0.0,
00906,train,1,20.0,18.967,1193,30.0,39.766666666666666,True,0.0,0,0.0,0.03333333333333333,1.7801920577653618e-06,5.3405761732960855e-05,False,39.733333587646484,12x5x224x224x3,0.0,9.536743306171047e-08,0.0,
00481,train,0,,,1192,30.0,39.733333333333334,True,0.0,0,0.0,0.03333333333333333,1.7801920577653618e-06,5.3405761732960855e-05,False,39.70000076293945,12x5x224x224x3,0.0,,,
00133,train,0,,,1202,30.0,40.06666666666667,True,0.0,0,0.0,0.03333333333333333,1.7801920577653618e-06,5.3405761732960855e-05,False,40.03333282470703,12x5x224x224x3,0.0,,,
00531,train,0,,,1197,30.5,39.24590163934426,True,0.0,0,0.0,0.03278688524590164,1.8760806241857608e-06,5.7220459037665705e-05,False,39.21311569213867,12x5x224x224x3,0.0,,,
00204,train,0,,,1196,30.0,39.86666666666667,True,0.0,0,0.0,0.03333333333333333,1.7801920577653618e-06,5.3405761732960855e-05,False,39.83333206176758,12x5x224x224x3,0.0,,,
01348,train,1,19.833,18.633,1201,30.0,40.03333333333333,True,0.0,0,0.0,0.03333333333333333,1.7801920577653618e-06,5.3405761732960855e-05,False,40.0,12x5x224x224x3,0.0,9.536743306171047e-08,0.0,
01463,train,1,20.418,19.699,1230,30.6,40.19607843137255,True,0.0,0,0.0,0.032679738562091505,1.8948823026221362e-06,5.798339846023737e-05,False,40.16339874267578,12x5x224x224x3,0.0,9.536743306171047e-08,0.0,
00280,train,0,,,1169,30.6,38.20261437908496,True,0.0,0,0.0,0.032679738562091505,1.8948823026221362e-06,5.798339846023737e-05,False,38.1699333190918,12x5x224x224x3,0.0,,,
01171,train,1,19.859,17.279,1228,30.6,40.130718954248366,True,0.0,0,0.0,0.032679738562091505,1.8948823026221362e-06,5.798339846023737e-05,False,40.09803771972656,12x5x224x224x3,0.0,9.536743306171047e-08,0.0,
01205,train,1,20.416,17.639,1243,30.6,40.62091503267974,True,0.0,0,0.0,0.032679738562091505,1.8948823026221362e-06,5.798339846023737e-05,False,40.588233947753906,12x5x224x224x3,0.0,9.536743306171047e-08,0.0,
00954,train,1,18.821,17.841,1159,30.6,37.87581699346405,True,0.0,0,0.0,0.032679738562091505,1.8948823026221362e-06,5.798339846023737e-05,False,37.843135833740234,12x5x224x224x3,0.0,9.536743306171047e-08,0.0,
00822,train,1,19.92,19.019,1479,29.9,49.46488294314381,True,0.0,0,0.0,0.033444816053511704,1.900969543555675e-06,5.683898935231468e-05,False,49.43143844604492,12x5x224x224x3,0.0,9.536743306171047e-08,0.0,
01385,train,1,19.471,16.727,1234,30.6,40.326797385620914,True,0.0,0,0.0,0.032679738562091505,1.8948823026221362e-06,5.798339846023737e-05,False,40.29411697387695,12x5x224x224x3,0.0,9.536743306171047e-08,0.0,
00324,train,0,,,1234,30.6,40.326797385620914,True,0.0,0,0.0,0.032679738562091505,1.8948823026221362e-06,5.798339846023737e-05,False,40.29411697387695,12x5x224x224x3,0.0,,,
00089,train,0,,,1200,30.0,40.0,True,0.0,0,0.0,0.03333333333333333,1.7801920577653618e-06,5.3405761732960855e-05,False,39.96666717529297,12x5x224x224x3,0.0,,,
00656,train,0,,,1160,28.6,40.55944055944056,True,0.0,0,0.0,0.03496503496503496,1.8940105306342048e-06,5.4168701176138256e-05,False,40.52447509765625,12x5x224x224x3,0.0,,,
00980,train,1,19.833,18.933,1209,30.0,40.3,True,0.0,0,0.0,0.03333333333333333,1.7801920577653618e-06,5.3405761732960855e-05,False,40.266666412353516,12x5x224x224x3,0.0,9.536743306171047e-08,0.0,
01104,train,1,20.909,18.981,1227,30.6,40.09803921568627,True,0.0,0,0.0,0.032679738562091505,1.8948823026221362e-06,5.798339846023737e-05,False,40.06536102294922,12x5x224x224x3,0.0,9.536743306171047e-08,0.0,
00350,train,0,,,1235,30.6,40.359477124183,True,0.0,0,0.0,0.032679738562091505,1.8948823026221362e-06,5.798339846023737e-05,False,40.32679748535156,12x5x224x224x3,0.0,,,
01473,train,1,16.867,15.467,1113,30.0,37.1,True,0.0,0,0.0,0.03333333333333333,1.7801920577653618e-06,5.3405761732960855e-05,False,37.06666564941406,12x5x224x224x3,0.0,9.536743306171047e-08,0.0,
00858,train,1,20.567,18.533,1219,30.0,40.63333333333333,True,0.0,0,0.0,0.03333333333333333,1.7801920577653618e-06,5.3405761732960855e-05,False,40.599998474121094,12x5x224x224x3,0.0,9.536743306171047e-08,0.0,
01001,train,1,9.263,6.397,540,30.0,18.0,True,0.0,0,0.0,0.03333333333333333,8.900960288826809e-07,2.6702880866480427e-05,False,17.96666717529297,12x5x224x224x3,0.0,9.536743128535363e-08,0.0,
01288,train,1,21.267,20.2,1208,30.0,40.266666666666666,True,0.0,0,0.0,0.03333333333333333,1.7801920577653618e-06,5.3405761732960855e-05,False,40.233333587646484,12x5x224x224x3,0.0,9.536743306171047e-08,0.0,
01443,train,1,18.633,17.5,1203,30.0,40.1,True,0.0,0,0.0,0.03333333333333333,1.7801920577653618e-06,5.3405761732960855e-05,False,40.06666564941406,12x5x224x224x3,0.0,9.536743306171047e-08,0.0,
00402,train,0,,,1340,30.0,44.666666666666664,True,0.0,0,0.0,0.03333333333333333,1.7801920577653618e-06,5.3405761732960855e-05,False,44.63333511352539,12x5x224x224x3,0.0,,,
01337,train,1,9.933,7.533,540,30.0,18.0,True,0.0,0,0.0,0.03333333333333333,8.900960288826809e-07,2.6702880866480427e-05,False,17.96666717529297,12x5x224x224x3,0.0,9.536743128535363e-08,0.0,
00382,train,0,,,1202,30.0,40.06666666666667,True,0.0,0,0.0,0.03333333333333333,1.7801920577653618e-06,5.3405761732960855e-05,False,40.03333282470703,12x5x224x224x3,0.0,,,
01493,train,1,20.333,17.367,1206,30.0,40.2,True,0.0,0,0.0,0.03333333333333333,1.7801920577653618e-06,5.3405761732960855e-05,False,40.16666793823242,12x5x224x224x3,0.0,9.536743306171047e-08,0.0,
00097,train,0,,,1205,30.0,40.166666666666664,True,0.0,0,0.0,0.03333333333333333,1.7801920577653618e-06,5.3405761732960855e-05,False,40.13333511352539,12x5x224x224x3,0.0,,,
01221,train,1,20.085,19.047,1160,28.9,40.13840830449827,True,0.0,0,0.0,0.03460207612456748,1.9007488134548112e-06,5.493164070884404e-05,False,40.10380554199219,12x5x224x224x3,0.0,9.536743306171047e-08,0.0,
01031,train,1,21.265,20.35,1225,30.6,40.03267973856209,True,0.0,0,0.0,0.032679738562091505,1.8948823026221362e-06,5.798339846023737e-05,False,40.0,12x5x224x224x3,0.0,9.536743306171047e-08,0.0,
01239,train,1,20.115,18.45,1232,30.6,40.26143790849673,True,0.0,0,0.0,0.032679738562091505,1.8948823026221362e-06,5.798339846023737e-05,False,40.228759765625,12x5x224x224x3,0.0,9.536743306171047e-08,0.0,
00254,train,0,,,540,30.0,18.0,True,0.0,0,0.0,0.03333333333333333,8.900960288826809e-07,2.6702880866480427e-05,False,17.96666717529297,12x5x224x224x3,0.0,,,
00377,train,0,,,1202,30.0,40.06666666666667,True,0.0,0,0.0,0.03333333333333333,1.7801920577653618e-06,5.3405761732960855e-05,False,40.03333282470703,12x5x224x224x3,0.0,,,
00759,train,1,21.177,17.942,1231,30.5,40.36065573770492,True,0.0,0,0.0,0.03278688524590164,1.8760806241857608e-06,5.7220459037665705e-05,False,40.3278694152832,12x5x224x224x3,0.0,9.536743306171047e-08,0.0,
01120,train,1,20.433,18.7,1202,30.0,40.06666666666667,True,0.0,0,0.0,0.03333333333333333,1.7801920577653618e-06,5.3405761732960855e-05,False,40.03333282470703,12x5x224x224x3,0.0,9.536743306171047e-08,0.0,
00914,train,1,9.492,8.226,540,30.0,18.0,True,0.0,0,0.0,0.03333333333333333,8.900960288826809e-07,2.6702880866480427e-05,False,17.96666717529297,12x5x224x224x3,0.0,9.536743128535363e-08,0.0,
00477,train,0,,,1160,29.1,39.86254295532646,True,0.0,0,0.0,0.034364261168384876,1.900794174503062e-06,5.531311047803911e-05,False,39.82817840576172,12x5x224x224x3,0.0,,,
00593,train,0,,,1152,29.4,39.183673469387756,True,0.0,0,0.0,0.034013605442176874,1.894373475863631e-06,5.569458019039075e-05,False,39.149658203125,12x5x224x224x3,0.0,,,
00686,val,0,,,1222,30.5,40.0655737704918,True,0.0,0,0.0,0.03278688524590164,1.8760806241857608e-06,5.7220459037665705e-05,False,40.03278732299805,,,,,0.0
00712,val,0,,,1214,30.3,40.06600660066007,True,0.0,0,0.0,0.033003300330033,1.9010537570807173e-06,5.7601928839545737e-05,False,40.03300476074219,,,,,0.0
01316,val,1,18.919,17.873,960,30.6,31.372549019607842,True,0.0,0,0.0,0.032679738562091505,9.474411513110681e-07,2.8991699230118685e-05,False,31.339868545532227,,,,,0.0
01040,val,1,20.219,16.496,1232,30.6,40.26143790849673,True,0.0,0,0.0,0.032679738562091505,1.8948823026221362e-06,5.798339846023737e-05,False,40.228759765625,,,,,0.0
01440,val,1,20.296,18.077,1222,30.6,39.93464052287582,True,0.0,0,0.0,0.032679738562091505,1.8948823026221362e-06,5.798339846023737e-05,False,39.90196228027344,,,,,0.0
00801,val,1,19.149,18.071,1201,30.6,39.248366013071895,True,0.0,0,0.0,0.032679738562091505,1.8948823026221362e-06,5.798339846023737e-05,False,39.2156867980957,,,,,0.0
01361,val,1,19.233,16.1,1206,30.0,40.2,True,0.0,0,0.0,0.03333333333333333,1.7801920577653618e-06,5.3405761732960855e-05,False,40.16666793823242,,,,,0.0
00524,val,0,,,1204,30.0,40.13333333333333,True,0.0,0,0.0,0.03333333333333333,1.7801920577653618e-06,5.3405761732960855e-05,False,40.099998474121094,,,,,0.0
00476,val,0,,,570,30.0,19.0,True,0.0,0,0.0,0.03333333333333333,8.900960288826809e-07,2.6702880866480427e-05,False,18.96666717529297,,,,,0.0
00984,val,1,9.831,7.465,540,30.0,18.0,True,0.0,0,0.0,0.03333333333333333,8.900960288826809e-07,2.6702880866480427e-05,False,17.96666717529297,,,,,0.0
00700,val,0,,,540,30.0,18.0,True,0.0,0,0.0,0.03333333333333333,8.900960288826809e-07,2.6702880866480427e-05,False,17.96666717529297,,,,,0.0
00484,val,0,,,570,30.0,19.0,True,0.0,0,0.0,0.03333333333333333,8.900960288826809e-07,2.6702880866480427e-05,False,18.96666717529297,,,,,0.0
00564,val,0,,,1241,30.6,40.55555555555556,True,0.0,0,0.0,0.032679738562091505,1.8948823026221362e-06,5.798339846023737e-05,False,40.52287673950195,,,,,0.0
00161,val,0,,,1207,30.0,40.233333333333334,True,0.0,0,0.0,0.03333333333333333,1.7801920577653618e-06,5.3405761732960855e-05,False,40.20000076293945,,,,,0.0
00241,val,0,,,1213,29.9,40.568561872909704,True,0.0,0,0.0,0.033444816053511704,1.900969543555675e-06,5.683898935231468e-05,False,40.535118103027344,,,,,0.0
00130,val,0,,,1066,29.2,36.50684931506849,True,0.0,0,0.0,0.03424657534246575,1.8812205695439843e-06,5.493164063068434e-05,False,36.47260284423828,,,,,0.0
00047,val,0,,,1201,30.0,40.03333333333333,True,0.0,0,0.0,0.03333333333333333,1.7801920577653618e-06,5.3405761732960855e-05,False,40.0,,,,,0.0
00647,val,0,,,1200,30.0,40.0,True,0.0,0,0.0,0.03333333333333333,1.7801920577653618e-06,5.3405761732960855e-05,False,39.96666717529297,,,,,0.0
00200,val,0,,,1204,29.9,40.2675585284281,True,0.0,0,0.0,0.033444816053511704,1.900969543555675e-06,5.683898935231468e-05,False,40.23411560058594,,,,,0.0
00566,val,0,,,540,30.0,18.0,True,0.0,0,0.0,0.03333333333333333,8.900960288826809e-07,2.6702880866480427e-05,False,17.96666717529297,,,,,0.0
00378,val,0,,,1207,30.0,40.233333333333334,True,0.0,0,0.0,0.03333333333333333,1.7801920577653618e-06,5.3405761732960855e-05,False,40.20000076293945,,,,,0.0
01412,val,1,10.195,8.33,540,30.0,18.0,True,0.0,0,0.0,0.03333333333333333,8.900960288826809e-07,2.6702880866480427e-05,False,17.96666717529297,,,,,0.0
01047,val,1,18.833,16.733,1208,30.0,40.266666666666666,True,0.0,0,0.0,0.03333333333333333,1.7801920577653618e-06,5.3405761732960855e-05,False,40.233333587646484,,,,,0.0
00661,val,0,,,1219,30.0,40.63333333333333,True,0.0,0,0.0,0.03333333333333333,1.7801920577653618e-06,5.3405761732960855e-05,False,40.599998474121094,,,,,0.0
00466,val,0,,,1209,30.6,39.509803921568626,True,0.0,0,0.0,0.032679738562091505,1.8948823026221362e-06,5.798339846023737e-05,False,39.47712326049805,,,,,0.0
01168,val,1,19.967,17.433,1203,30.0,40.1,True,0.0,0,0.0,0.03333333333333333,1.7801920577653618e-06,5.3405761732960855e-05,False,40.06666564941406,,,,,0.0
01075,val,1,20.333,18.667,1204,30.0,40.13333333333333,True,0.0,0,0.0,0.03333333333333333,1.7801920577653618e-06,5.3405761732960855e-05,False,40.099998474121094,,,,,0.0
00021,val,0,,,570,30.0,19.0,True,0.0,0,0.0,0.03333333333333333,8.900960288826809e-07,2.6702880866480427e-05,False,18.96666717529297,,,,,0.0
01177,val,1,10.124,8.293,540,30.0,18.0,True,0.0,0,0.0,0.03333333333333333,8.900960288826809e-07,2.6702880866480427e-05,False,17.96666717529297,,,,,0.0
01389,val,1,19.355,18.613,1237,31.0,39.903225806451616,True,0.0,0,0.0,0.03225806451612903,1.8458212593941425e-06,5.722045904121842e-05,False,39.870967864990234,,,,,0.0
00560,val,0,,,1216,30.0,40.53333333333333,True,0.0,0,0.0,0.03333333333333333,1.7801920577653618e-06,5.3405761732960855e-05,False,40.5,,,,,0.0
00475,val,0,,,1179,29.9,39.4314381270903,True,0.0,0,0.0,0.033444816053511704,1.900969543555675e-06,5.683898935231468e-05,False,39.39799499511719,,,,,0.0
00563,val,0,,,1209,30.0,40.3,True,0.0,0,0.0,0.03333333333333333,1.7801920577653618e-06,5.3405761732960855e-05,False,40.266666412353516,,,,,0.0
00471,val,0,,,1197,30.0,39.9,True,0.0,0,0.0,0.03333333333333333,1.7801920577653618e-06,5.3405761732960855e-05,False,39.86666488647461,,,,,0.0
01126,val,1,19.572,16.894,1185,29.1,40.72164948453608,True,0.0,0,0.0,0.034364261168384876,1.900794174503062e-06,5.531311047803911e-05,False,40.687286376953125,,,,,0.0
00833,val,1,20.133,16.167,1202,30.0,40.06666666666667,True,0.0,0,0.0,0.03333333333333333,1.7801920577653618e-06,5.3405761732960855e-05,False,40.03333282470703,,,,,0.0
01096,val,1,18.721,17.865,1237,30.3,40.82508250825082,True,0.0,0,0.0,0.033003300330033,1.9010537570807173e-06,5.7601928839545737e-05,False,40.79207992553711,,,,,0.0
01097,val,1,20.764,18.589,1231,30.3,40.62706270627063,True,0.0,0,0.0,0.033003300330033,1.9010537570807173e-06,5.7601928839545737e-05,False,40.594058990478516,,,,,0.0
00827,val,1,20.0,18.833,1201,30.0,40.03333333333333,True,0.0,0,0.0,0.03333333333333333,1.7801920577653618e-06,5.3405761732960855e-05,False,40.0,,,,,0.0
01408,val,1,20.2,19.333,1201,30.0,40.03333333333333,True,0.0,0,0.0,0.03333333333333333,1.7801920577653618e-06,5.3405761732960855e-05,False,40.0,,,,,0.0
00337,val,0,,,1227,30.6,40.09803921568627,True,0.0,0,0.0,0.032679738562091505,1.8948823026221362e-06,5.798339846023737e-05,False,40.06536102294922,,,,,0.0
01355,val,1,20.767,19.433,1193,30.0,39.766666666666666,True,0.0,0,0.0,0.03333333333333333,1.7801920577653618e-06,5.3405761732960855e-05,False,39.733333587646484,,,,,0.0
00187,val,0,,,540,30.0,18.0,True,0.0,0,0.0,0.03333333333333333,8.900960288826809e-07,2.6702880866480427e-05,False,17.96666717529297,,,,,0.0
00958,val,1,19.967,19.167,1225,30.0,40.833333333333336,True,0.0,0,0.0,0.03333333333333333,1.7801920577653618e-06,5.3405761732960855e-05,False,40.79999923706055,,,,,0.0
01021,val,1,21.198,21.068,1224,30.6,40.0,True,0.0,0,0.0,0.032679738562091505,1.8948823026221362e-06,5.798339846023737e-05,False,39.96731948852539,,,,,0.0
01475,val,1,20.333,19.4,1197,30.0,39.9,True,0.0,0,0.0,0.03333333333333333,1.7801920577653618e-06,5.3405761732960855e-05,False,39.86666488647461,,,,,0.0
01270,val,1,19.033,17.333,1201,30.0,40.03333333333333,True,0.0,0,0.0,0.03333333333333333,1.7801920577653618e-06,5.3405761732960855e-05,False,40.0,,,,,0.0
00830,val,1,20.533,20.133,1211,30.0,40.36666666666667,True,0.0,0,0.0,0.03333333333333333,1.7801920577653618e-06,5.3405761732960855e-05,False,40.33333206176758,,,,,0.0
00855,val,1,20.3,19.333,1210,30.0,40.333333333333336,True,0.0,0,0.0,0.03333333333333333,1.7801920577653618e-06,5.3405761732960855e-05,False,40.29999923706055,,,,,0.0
00492,val,0,,,1208,30.0,40.266666666666666,True,0.0,0,0.0,0.03333333333333333,1.7801920577653618e-06,5.3405761732960855e-05,False,40.233333587646484,,,,,0.0
01196,val,1,19.6,18.0,1201,30.0,40.03333333333333,True,0.0,0,0.0,0.03333333333333333,1.7801920577653618e-06,5.3405761732960855e-05,False,40.0,,,,,0.0
00729,val,0,,,1173,30.0,39.1,True,0.0,0,0.0,0.03333333333333333,1.7801920577653618e-06,5.3405761732960855e-05,False,39.06666564941406,,,,,0.0
00785,val,1,19.314,18.301,1248,30.5,40.91803278688525,True,0.0,0,0.0,0.03278688524590164,1.8760806241857608e-06,5.7220459037665705e-05,False,40.88524627685547,,,,,0.0
01228,val,1,19.395,16.997,1140,28.3,40.28268551236749,True,0.0,0,0.0,0.0353356890459364,1.900608886273858e-06,5.378723148155018e-05,False,40.24734878540039,,,,,0.0
00756,val,1,20.287,19.219,1206,29.9,40.33444816053512,True,0.0,0,0.0,0.033444816053511704,1.900969543555675e-06,5.683898935231468e-05,False,40.301002502441406,,,,,0.0
00330,val,0,,,1216,30.0,40.53333333333333,True,0.0,0,0.0,0.03333333333333333,1.7801920577653618e-06,5.3405761732960855e-05,False,40.5,,,,,0.0
00366,val,0,,,1198,29.7,40.33670033670034,True,0.0,0,0.0,0.03367003367003367,1.900926584141871e-06,5.6457519549013564e-05,False,40.30303192138672,,,,,0.0
00372,val,0,,,1230,30.6,40.19607843137255,True,0.0,0,0.0,0.032679738562091505,1.8948823026221362e-06,5.798339846023737e-05,False,40.16339874267578,,,,,0.0
00498,val,0,,,1116,28.9,38.615916955017305,True,0.0,0,0.0,0.03460207612456748,1.9007488134548112e-06,5.493164070884404e-05,False,38.58131408691406,,,,,0.0
00777,val,1,20.6,19.633,1207,30.0,40.233333333333334,True,0.0,0,0.0,0.03333333333333333,1.7801920577653618e-06,5.3405761732960855e-05,False,40.20000076293945,,,,,0.0
00062,val,0,,,1168,29.3,39.86348122866894,True,0.0,0,0.0,0.034129692832764506,1.9008389102737056e-06,5.569458007101957e-05,False,39.82935333251953,,,,,0.0
00663,val,0,,,1225,30.6,40.03267973856209,True,0.0,0,0.0,0.032679738562091505,1.8948823026221362e-06,5.798339846023737e-05,False,40.0,,,,,0.0
00004,val,0,,,540,30.0,18.0,True,0.0,0,0.0,0.03333333333333333,8.900960288826809e-07,2.6702880866480427e-05,False,17.96666717529297,,,,,0.0
00401,val,0,,,1146,28.9,39.653979238754324,True,0.0,0,0.0,0.03460207612456748,1.9007488134548112e-06,5.493164070884404e-05,False,39.61937713623047,,,,,0.0
00962,val,1,19.933,18.533,1191,30.0,39.7,True,0.0,0,0.0,0.03333333333333333,1.7801920577653618e-06,5.3405761732960855e-05,False,39.66666793823242,,,,,0.0
00903,val,1,19.379,17.297,1186,29.7,39.93265993265993,True,0.0,0,0.0,0.03367003367003367,1.900926584141871e-06,5.6457519549013564e-05,False,39.898990631103516,,,,,0.0
01199,val,1,19.016,17.415,1200,29.9,40.13377926421405,True,0.0,0,0.0,0.033444816053511704,1.900969543555675e-06,5.683898935231468e-05,False,40.10033416748047,,,,,0.0
00102,val,0,,,1186,29.9,39.66555183946488,True,0.0,0,0.0,0.033444816053511704,1.900969543555675e-06,5.683898935231468e-05,False,39.63210678100586,,,,,0.0
00752,val,1,20.101,20.068,1232,30.5,40.39344262295082,True,0.0,0,0.0,0.03278688524590164,1.8760806241857608e-06,5.7220459037665705e-05,False,40.36065673828125,,,,,0.0
00269,val,0,,,1240,30.6,40.52287581699346,True,0.0,0,0.0,0.032679738562091505,1.8948823026221362e-06,5.798339846023737e-05,False,40.490196228027344,,,,,0.0
01211,val,1,20.683,20.367,1219,30.0,40.63333333333333,True,0.0,0,0.0,0.03333333333333333,1.7801920577653618e-06,5.3405761732960855e-05,False,40.599998474121094,,,,,0.0
00166,val,0,,,1225,30.5,40.16393442622951,True,0.0,0,0.0,0.03278688524590164,1.8760806241857608e-06,5.7220459037665705e-05,False,40.13114929199219,,,,,0.0
00392,val,0,,,1204,29.9,40.2675585284281,True,0.0,0,0.0,0.033444816053511704,1.900969543555675e-06,5.683898935231468e-05,False,40.23411560058594,,,,,0.0
01266,val,1,20.433,19.267,1206,30.0,40.2,True,0.0,0,0.0,0.03333333333333333,1.7801920577653618e-06,5.3405761732960855e-05,False,40.16666793823242,,,,,0.0
00313,val,0,,,1211,30.0,40.36666666666667,True,0.0,0,0.0,0.03333333333333333,1.7801920577653618e-06,5.3405761732960855e-05,False,40.33333206176758,,,,,0.0
00866,val,1,21.85,21.167,1201,30.0,40.03333333333333,True,0.0,0,0.0,0.03333333333333333,1.7801920577653618e-06,5.3405761732960855e-05,False,40.0,,,,,0.0
01286,val,1,19.231,16.905,1232,30.5,40.39344262295082,True,0.0,0,0.0,0.03278688524590164,1.8760806241857608e-06,5.7220459037665705e-05,False,40.36065673828125,,,,,0.0
00339,val,0,,,570,30.0,19.0,True,0.0,0,0.0,0.03333333333333333,8.900960288826809e-07,2.6702880866480427e-05,False,18.96666717529297,,,,,0.0
00573,val,0,,,1185,30.0,39.5,True,0.0,0,0.0,0.03333333333333333,1.7801920577653618e-06,5.3405761732960855e-05,False,39.46666717529297,,,,,0.0
00170,val,0,,,540,30.0,18.0,True,0.0,0,0.0,0.03333333333333333,8.900960288826809e-07,2.6702880866480427e-05,False,17.96666717529297,,,,,0.0
00669,val,0,,,1226,30.5,40.19672131147541,True,0.0,0,0.0,0.03278688524590164,1.8760806241857608e-06,5.7220459037665705e-05,False,40.16393280029297,,,,,0.0
00972,val,1,19.133,18.967,1181,30.0,39.36666666666667,True,0.0,0,0.0,0.03333333333333333,1.7801920577653618e-06,5.3405761732960855e-05,False,39.33333206176758,,,,,0.0
01214,val,1,21.667,18.133,1202,30.0,40.06666666666667,True,0.0,0,0.0,0.03333333333333333,1.7801920577653618e-06,5.3405761732960855e-05,False,40.03333282470703,,,,,0.0
01187,val,1,21.051,19.346,1218,30.4,40.06578947368421,True,0.0,0,0.0,0.03289473684210526,1.806961861916534e-06,5.493164060226263e-05,False,40.032894134521484,,,,,0.0
00704,val,0,,,1211,30.0,40.36666666666667,True,0.0,0,0.0,0.03333333333333333,1.7801920577653618e-06,5.3405761732960855e-05,False,40.33333206176758,,,,,0.0
00288,val,0,,,1800,30.0,60.0,True,0.0,0,0.0,0.03333333333333333,1.7801920577653618e-06,5.3405761732960855e-05,False,59.96666717529297,,,,,0.0
00775,val,1,20.192,18.722,1231,30.6,40.228758169934636,True,0.0,0,0.0,0.032679738562091505,1.8948823026221362e-06,5.798339846023737e-05,False,40.19607925415039,,,,,0.0
01446,val,1,20.667,18.933,1203,30.0,40.1,True,0.0,0,0.0,0.03333333333333333,1.7801920577653618e-06,5.3405761732960855e-05,False,40.06666564941406,,,,,0.0
00760,val,1,19.0,16.167,1176,30.0,39.2,True,0.0,0,0.0,0.03333333333333333,1.7801920577653618e-06,5.3405761732960855e-05,False,39.16666793823242,,,,,0.0
00345,val,0,,,1200,30.0,40.0,True,0.0,0,0.0,0.03333333333333333,1.7801920577653618e-06,5.3405761732960855e-05,False,39.96666717529297,,,,,0.0
00240,val,0,,,1150,29.0,39.6551724137931,True,0.0,0,0.0,0.034482758620689655,1.8415779905467389e-06,5.340576172585543e-05,False,39.620689392089844,,,,,0.0
00243,val,0,,,1209,30.0,40.3,True,0.0,0,0.0,0.03333333333333333,1.7801920577653618e-06,5.3405761732960855e-05,False,40.266666412353516,,,,,0.0
00633,val,0,,,1215,30.0,40.5,True,0.0,0,0.0,0.03333333333333333,1.7801920577653618e-06,5.3405761732960855e-05,False,40.46666717529297,,,,,0.0
01232,val,1,19.107,17.637,1236,30.6,40.3921568627451,True,0.0,0,0.0,0.032679738562091505,1.8948823026221362e-06,5.798339846023737e-05,False,40.35947799682617,,,,,0.0
01388,val,1,20.905,19.631,1215,30.6,39.705882352941174,True,0.0,0,0.0,0.032679738562091505,1.8948823026221362e-06,5.798339846023737e-05,False,39.67320251464844,,,,,0.0
01010,val,1,18.267,16.767,1179,30.0,39.3,True,0.0,0,0.0,0.03333333333333333,1.7801920577653618e-06,5.3405761732960855e-05,False,39.266666412353516,,,,,0.0
00692,val,0,,,1172,29.2,40.136986301369866,True,0.0,0,0.0,0.03424657534246575,1.8812205695439843e-06,5.493164063068434e-05,False,40.10274124145508,,,,,0.0
00071,val,0,,,540,30.0,18.0,True,0.0,0,0.0,0.03333333333333333,8.900960288826809e-07,2.6702880866480427e-05,False,17.96666717529297,,,,,0.0
00814,val,1,19.231,17.811,1203,29.9,40.23411371237459,True,0.0,0,0.0,0.033444816053511704,1.900969543555675e-06,5.683898935231468e-05,False,40.20066833496094,,,,,0.0
00134,val,0,,,1237,30.5,40.557377049180324,True,0.0,0,0.0,0.03278688524590164,1.8760806241857608e-06,5.7220459037665705e-05,False,40.52458953857422,,,,,0.0
00635,val,0,,,1209,29.9,40.434782608695656,True,0.0,0,0.0,0.033444816053511704,1.900969543555675e-06,5.683898935231468e-05,False,40.401336669921875,,,,,0.0
00743,val,0,,,1319,30.0,43.96666666666667,True,0.0,0,0.0,0.03333333333333333,1.7801920577653618e-06,5.3405761732960855e-05,False,43.93333435058594,,,,,0.0
00640,val,0,,,1448,30.0,48.266666666666666,True,0.0,0,0.0,0.03333333333333333,1.7801920577653618e-06,5.3405761732960855e-05,False,48.233333587646484,,,,,0.0
00565,val,0,,,1210,30.0,40.333333333333336,True,0.0,0,0.0,0.03333333333333333,1.7801920577653618e-06,5.3405761732960855e-05,False,40.29999923706055,,,,,0.0
00935,val,1,19.783,18.167,1204,30.0,40.13333333333333,True,0.0,0,0.0,0.03333333333333333,1.7801920577653618e-06,5.3405761732960855e-05,False,40.099998474121094,,,,,0.0
01302,val,1,20.052,19.477,1177,29.5,39.898305084745765,True,0.0,0,0.0,0.03389830508474576,1.8750206933759728e-06,5.53131104545912e-05,False,39.86440658569336,,,,,0.0
00343,val,0,,,1171,30.5,38.39344262295082,True,0.0,0,0.0,0.03278688524590164,1.8760806241857608e-06,5.7220459037665705e-05,False,38.36065673828125,,,,,0.0
00815,val,1,19.233,17.133,1199,30.0,39.96666666666667,True,0.0,0,0.0,0.03333333333333333,1.7801920577653618e-06,5.3405761732960855e-05,False,39.93333435058594,,,,,0.0
01148,val,1,19.867,18.333,1208,30.0,40.266666666666666,True,0.0,0,0.0,0.03333333333333333,1.7801920577653618e-06,5.3405761732960855e-05,False,40.233333587646484,,,,,0.0
00156,val,0,,,1206,30.0,40.2,True,0.0,0,0.0,0.03333333333333333,1.7801920577653618e-06,5.3405761732960855e-05,False,40.16666793823242,,,,,0.0
00087,val,0,,,1204,30.0,40.13333333333333,True,0.0,0,0.0,0.03333333333333333,1.7801920577653618e-06,5.3405761732960855e-05,False,40.099998474121094,,,,,0.0
01190,val,1,18.1,16.9,1184,30.0,39.46666666666667,True,0.0,0,0.0,0.03333333333333333,1.7801920577653618e-06,5.3405761732960855e-05,False,39.43333435058594,,,,,0.0
00646,val,0,,,1208,30.0,40.266666666666666,True,0.0,0,0.0,0.03333333333333333,1.7801920577653618e-06,5.3405761732960855e-05,False,40.233333587646484,,,,,0.0
01420,val,1,19.85,19.6,1203,30.0,40.1,True,0.0,0,0.0,0.03333333333333333,1.7801920577653618e-06,5.3405761732960855e-05,False,40.06666564941406,,,,,0.0
00391,val,0,,,1210,29.9,40.468227424749166,True,0.0,0,0.0,0.033444816053511704,1.900969543555675e-06,5.683898935231468e-05,False,40.434783935546875,,,,,0.0
00634,val,0,,,570,30.0,19.0,True,0.0,0,0.0,0.03333333333333333,8.900960288826809e-07,2.6702880866480427e-05,False,18.96666717529297,,,,,0.0
00418,val,0,,,1241,30.6,40.55555555555556,True,0.0,0,0.0,0.032679738562091505,1.8948823026221362e-06,5.798339846023737e-05,False,40.52287673950195,,,,,0.0
00159,val,0,,,1214,29.9,40.602006688963215,True,0.0,0,0.0,0.033444816053511704,1.900969543555675e-06,5.683898935231468e-05,False,40.56856155395508,,,,,0.0
00128,val,0,,,1133,29.4,38.53741496598639,True,0.0,0,0.0,0.034013605442176874,1.894373475863631e-06,5.569458019039075e-05,False,38.50340270996094,,,,,0.0
00747,val,0,,,1182,30.0,39.4,True,0.0,0,0.0,0.03333333333333333,1.7801920577653618e-06,5.3405761732960855e-05,False,39.36666488647461,,,,,0.0
00796,val,1,3.921,3.072,1235,30.6,40.359477124183,True,0.0,0,0.0,0.032679738562091505,1.8948823026221362e-06,5.798339846023737e-05,False,40.32679748535156,,,,,0.0
00273,val,0,,,1237,30.6,40.424836601307184,True,0.0,0,0.0,0.032679738562091505,1.8948823026221362e-06,5.798339846023737e-05,False,40.39215850830078,,,,,0.0
01044,val,1,19.953,17.951,1209,29.9,40.434782608695656,True,0.0,0,0.0,0.033444816053511704,1.900969543555675e-06,5.683898935231468e-05,False,40.401336669921875,,,,,0.0
00027,val,0,,,1242,30.6,40.588235294117645,True,0.0,0,0.0,0.032679738562091505,1.8948823026221362e-06,5.798339846023737e-05,False,40.55555725097656,,,,,0.0
01469,val,1,21.2,19.5,1205,30.0,40.166666666666664,True,0.0,0,0.0,0.03333333333333333,1.7801920577653618e-06,5.3405761732960855e-05,False,40.13333511352539,,,,,0.0
00160,val,0,,,1221,29.9,40.836120401337794,True,0.0,0,0.0,0.033444816053511704,1.900969543555675e-06,5.683898935231468e-05,False,40.802677154541016,,,,,0.0
00206,val,0,,,1164,29.1,40.0,True,0.0,0,0.0,0.034364261168384876,1.900794174503062e-06,5.531311047803911e-05,False,39.96563720703125,,,,,0.0
00242,val,0,,,1208,30.0,40.266666666666666,True,0.0,0,0.0,0.03333333333333333,1.7801920577653618e-06,5.3405761732960855e-05,False,40.233333587646484,,,,,0.0
01182,val,1,19.467,17.933,1290,30.0,43.0,True,0.0,0,0.0,0.03333333333333333,1.7801920577653618e-06,5.3405761732960855e-05,False,42.96666717529297,,,,,0.0
00540,val,0,,,1175,30.0,39.166666666666664,True,0.0,0,0.0,0.03333333333333333,1.7801920577653618e-06,5.3405761732960855e-05,False,39.13333511352539,,,,,0.0
00035,val,0,,,1216,30.0,40.53333333333333,True,0.0,0,0.0,0.03333333333333333,1.7801920577653618e-06,5.3405761732960855e-05,False,40.5,,,,,0.0
01427,val,1,15.194,11.469,1228,30.6,40.130718954248366,True,0.0,0,0.0,0.032679738562091505,1.8948823026221362e-06,5.798339846023737e-05,False,40.09803771972656,,,,,0.0
00459,val,0,,,1214,29.9,40.602006688963215,True,0.0,0,0.0,0.033444816053511704,1.900969543555675e-06,5.683898935231468e-05,False,40.56856155395508,,,,,0.0
01265,val,1,20.921,19.486,1208,29.9,40.401337792642146,True,0.0,0,0.0,0.033444816053511704,1.900969543555675e-06,5.683898935231468e-05,False,40.36789321899414,,,,,0.0
00658,val,0,,,1204,30.0,40.13333333333333,True,0.0,0,0.0,0.03333333333333333,1.7801920577653618e-06,5.3405761732960855e-05,False,40.099998474121094,,,,,0.0
00577,val,0,,,1208,30.0,40.266666666666666,True,0.0,0,0.0,0.03333333333333333,1.7801920577653618e-06,5.3405761732960855e-05,False,40.233333587646484,,,,,0.0
00660,val,0,,,1180,30.0,39.333333333333336,True,0.0,0,0.0,0.03333333333333333,1.7801920577653618e-06,5.3405761732960855e-05,False,39.29999923706055,,,,,0.0
00013,val,0,,,540,30.0,18.0,True,0.0,0,0.0,0.03333333333333333,8.900960288826809e-07,2.6702880866480427e-05,False,17.96666717529297,,,,,0.0
00861,val,1,19.15,16.414,1162,29.9,38.862876254180605,True,0.0,0,0.0,0.033444816053511704,1.900969543555675e-06,5.683898935231468e-05,False,38.829429626464844,,,,,0.0
00919,val,1,21.4,20.1,1203,30.0,40.1,True,0.0,0,0.0,0.03333333333333333,1.7801920577653618e-06,5.3405761732960855e-05,False,40.06666564941406,,,,,0.0
01167,val,1,18.95,17.333,1212,30.0,40.4,True,0.0,0,0.0,0.03333333333333333,1.7801920577653618e-06,5.3405761732960855e-05,False,40.36666488647461,,,,,0.0
01107,val,1,20.167,17.433,1202,30.0,40.06666666666667,True,0.0,0,0.0,0.03333333333333333,1.7801920577653618e-06,5.3405761732960855e-05,False,40.03333282470703,,,,,0.0
00397,val,0,,,1215,30.5,39.83606557377049,True,0.0,0,0.0,0.03278688524590164,1.8760806241857608e-06,5.7220459037665705e-05,False,39.803279876708984,,,,,0.0
01124,val,1,20.167,19.0,1220,30.0,40.666666666666664,True,0.0,0,0.0,0.03333333333333333,1.7801920577653618e-06,5.3405761732960855e-05,False,40.63333511352539,,,,,0.0
00837,val,1,18.933,17.567,1175,30.0,39.166666666666664,True,0.0,0,0.0,0.03333333333333333,1.7801920577653618e-06,5.3405761732960855e-05,False,39.13333511352539,,,,,0.0
00862,val,1,20.095,19.341,1233,30.5,40.42622950819672,True,0.0,0,0.0,0.03278688524590164,1.8760806241857608e-06,5.7220459037665705e-05,False,40.3934440612793,,,,,0.0
00642,val,0,,,1205,30.0,40.166666666666664,True,0.0,0,0.0,0.03333333333333333,1.7801920577653618e-06,5.3405761732960855e-05,False,40.13333511352539,,,,,0.0
00091,val,0,,,1225,30.0,40.833333333333336,True,0.0,0,0.0,0.03333333333333333,1.7801920577653618e-06,5.3405761732960855e-05,False,40.79999923706055,,,,,0.0
01061,val,1,19.433,18.967,1207,30.0,40.233333333333334,True,0.0,0,0.0,0.03333333333333333,1.7801920577653618e-06,5.3405761732960855e-05,False,40.20000076293945,,,,,0.0
00105,val,0,,,1179,29.3,40.23890784982935,True,0.0,0,0.0,0.034129692832764506,1.9008389102737056e-06,5.569458007101957e-05,False,40.204776763916016,,,,,0.0
00860,val,1,18.032,15.871,1198,31.0,38.645161290322584,True,0.0,0,0.0,0.03225806451612903,1.8458212593941425e-06,5.722045904121842e-05,False,38.6129035949707,,,,,0.0
01336,val,1,20.182,18.288,1227,30.6,40.09803921568627,True,0.0,0,0.0,0.032679738562091505,1.8948823026221362e-06,5.798339846023737e-05,False,40.06536102294922,,,,,0.0
00510,val,0,,,1091,30.0,36.36666666666667,True,0.0,0,0.0,0.03333333333333333,1.7801920577653618e-06,5.3405761732960855e-05,False,36.33333206176758,,,,,0.0
00562,val,0,,,1225,30.6,40.03267973856209,True,0.0,0,0.0,0.032679738562091505,1.8948823026221362e-06,5.798339846023737e-05,False,40.0,,,,,0.0
00295,val,0,,,540,30.0,18.0,True,0.0,0,0.0,0.03333333333333333,8.900960288826809e-07,2.6702880866480427e-05,False,17.96666717529297,,,,,0.0
01263,val,1,9.964,8.798,540,30.0,18.0,True,0.0,0,0.0,0.03333333333333333,8.900960288826809e-07,2.6702880866480427e-05,False,17.96666717529297,,,,,0.0
01262,val,1,20.167,18.5,1151,30.0,38.36666666666667,True,0.0,0,0.0,0.03333333333333333,1.7801920577653618e-06,5.3405761732960855e-05,False,38.33333206176758,,,,,0.0
00574,val,0,,,1197,30.6,39.11764705882353,True,0.0,0,0.0,0.032679738562091505,1.8948823026221362e-06,5.798339846023737e-05,False,39.08496856689453,,,,,0.0
00840,val,1,20.285,18.946,1228,30.6,40.130718954248366,True,0.0,0,0.0,0.032679738562091505,1.8948823026221362e-06,5.798339846023737e-05,False,40.09803771972656,,,,,0.0
00099,val,0,,,1207,30.0,40.233333333333334,True,0.0,0,0.0,0.03333333333333333,1.7801920577653618e-06,5.3405761732960855e-05,False,40.20000076293945,,,,,0.0
00546,val,0,,,1193,30.0,39.766666666666666,True,0.0,0,0.0,0.03333333333333333,1.7801920577653618e-06,5.3405761732960855e-05,False,39.733333587646484,,,,,0.0
01255,val,1,19.481,16.975,1223,29.9,40.903010033444815,True,0.0,0,0.0,0.033444816053511704,1.900969543555675e-06,5.683898935231468e-05,False,40.869564056396484,,,,,0.0
00379,val,0,,,540,30.0,18.0,True,0.0,0,0.0,0.03333333333333333,8.900960288826809e-07,2.6702880866480427e-05,False,17.96666717529297,,,,,0.0
00600,val,0,,,540,30.0,18.0,True,0.0,0,0.0,0.03333333333333333,8.900960288826809e-07,2.6702880866480427e-05,False,17.96666717529297,,,,,0.0
00458,val,0,,,1196,30.0,39.86666666666667,True,0.0,0,0.0,0.03333333333333333,1.7801920577653618e-06,5.3405761732960855e-05,False,39.83333206176758,,,,,0.0
00014,val,0,,,1240,30.0,41.333333333333336,True,0.0,0,0.0,0.03333333333333333,1.7801920577653618e-06,5.3405761732960855e-05,False,41.29999923706055,,,,,0.0
00032,val,0,,,1160,29.2,39.726027397260275,True,0.0,0,0.0,0.03424657534246575,1.8812205695439843e-06,5.493164063068434e-05,False,39.69178009033203,,,,,0.0
00508,val,0,,,1202,30.0,40.06666666666667,True,0.0,0,0.0,0.03333333333333333,1.7801920577653618e-06,5.3405761732960855e-05,False,40.03333282470703,,,,,0.0
00555,val,0,,,1170,30.0,39.0,True,0.0,0,0.0,0.03333333333333333,1.7801920577653618e-06,5.3405761732960855e-05,False,38.96666717529297,,,,,0.0
01308,val,1,18.758,17.613,1212,31.0,39.096774193548384,True,0.0,0,0.0,0.03225806451612903,1.8458212593941425e-06,5.722045904121842e-05,False,39.064517974853516,,,,,0.0
01277,val,1,20.194,19.181,1234,30.6,40.326797385620914,True,0.0,0,0.0,0.032679738562091505,1.8948823026221362e-06,5.798339846023737e-05,False,40.29411697387695,,,,,0.0
00276,val,0,,,1206,30.0,40.2,True,0.0,0,0.0,0.03333333333333333,1.7801920577653618e-06,5.3405761732960855e-05,False,40.16666793823242,,,,,0.0
00882,val,1,19.381,18.51,1197,29.8,40.16778523489933,True,0.0,0,0.0,0.03355704697986577,1.8945476369935932e-06,5.645751958240908e-05,False,40.13422775268555,,,,,0.0
00020,val,0,,,540,30.0,18.0,True,0.0,0,0.0,0.03333333333333333,8.900960288826809e-07,2.6702880866480427e-05,False,17.96666717529297,,,,,0.0
00990,val,1,20.501,19.032,1202,29.9,40.20066889632107,True,0.0,0,0.0,0.033444816053511704,1.900969543555675e-06,5.683898935231468e-05,False,40.1672248840332,,,,,0.0
00925,val,1,21.633,20.1,1203,30.0,40.1,True,0.0,0,0.0,0.03333333333333333,1.7801920577653618e-06,5.3405761732960855e-05,False,40.06666564941406,,,,,0.0
00052,val,0,,,1217,30.0,40.56666666666667,True,0.0,0,0.0,0.03333333333333333,1.7801920577653618e-06,5.3405761732960855e-05,False,40.53333282470703,,,,,0.0
01085,val,1,20.354,18.46,1226,30.6,40.06535947712418,True,0.0,0,0.0,0.032679738562091505,1.8948823026221362e-06,5.798339846023737e-05,False,40.03268051147461,,,,,0.0
00189,val,0,,,540,30.0,18.0,True,0.0,0,0.0,0.03333333333333333,8.900960288826809e-07,2.6702880866480427e-05,False,17.96666717529297,,,,,0.0
00553,val,0,,,540,30.0,18.0,True,0.0,0,0.0,0.03333333333333333,8.900960288826809e-07,2.6702880866480427e-05,False,17.96666717529297,,,,,0.0
00675,val,0,,,1205,30.6,39.37908496732026,True,0.0,0,0.0,0.032679738562091505,1.8948823026221362e-06,5.798339846023737e-05,False,39.346405029296875,,,,,0.0
00556,val,0,,,1169,30.0,38.96666666666667,True,0.0,0,0.0,0.03333333333333333,1.7801920577653618e-06,5.3405761732960855e-05,False,38.93333435058594,,,,,0.0
00810,val,1,20.745,17.641,1225,30.6,40.03267973856209,True,0.0,0,0.0,0.032679738562091505,1.8948823026221362e-06,5.798339846023737e-05,False,40.0,,,,,0.0
01007,val,1,19.316,16.747,1207,29.9,40.36789297658863,True,0.0,0,0.0,0.033444816053511704,1.900969543555675e-06,5.683898935231468e-05,False,40.334449768066406,,,,,0.0
00216,val,0,,,1058,30.0,35.266666666666666,True,0.0,0,0.0,0.03333333333333333,1.7801920577653618e-06,5.3405761732960855e-05,False,35.233333587646484,,,,,0.0
01325,val,1,21.069,20.383,1261,30.6,41.209150326797385,True,0.0,0,0.0,0.032679738562091505,1.8948823026221362e-06,5.798339846023737e-05,False,41.17647171020508,,,,,0.0
01480,val,1,19.133,16.933,1206,30.0,40.2,True,0.0,0,0.0,0.03333333333333333,1.7801920577653618e-06,5.3405761732960855e-05,False,40.16666793823242,,,,,0.0
00095,val,0,,,1237,30.6,40.424836601307184,True,0.0,0,0.0,0.032679738562091505,1.8948823026221362e-06,5.798339846023737e-05,False,40.39215850830078,,,,,0.0
01237,val,1,19.794,18.814,1227,30.6,40.09803921568627,True,0.0,0,0.0,0.032679738562091505,1.8948823026221362e-06,5.798339846023737e-05,False,40.06536102294922,,,,,0.0
01242,val,1,9.564,8.498,540,30.0,18.0,True,0.0,0,0.0,0.03333333333333333,8.900960288826809e-07,2.6702880866480427e-05,False,17.96666717529297,,,,,0.0
01436,val,1,17.7,16.967,1039,30.0,34.63333333333333,True,0.0,0,0.0,0.03333333333333333,1.7801920577653618e-06,5.3405761732960855e-05,False,34.599998474121094,,,,,0.0
01247,val,1,20.545,19.347,1076,26.7,40.2996254681648,True,0.0,0,0.0,0.03745318352059925,1.9002050066774245e-06,5.0735473678287235e-05,False,40.26217269897461,,,,,0.0
00230,val,0,,,1017,29.2,34.82876712328767,True,0.0,0,0.0,0.03424657534246575,1.8812205695439843e-06,5.493164063068434e-05,False,34.79452133178711,,,,,0.0
01163,val,1,19.122,18.162,1141,29.1,39.20962199312714,True,0.0,0,0.0,0.034364261168384876,1.900794174503062e-06,5.531311047803911e-05,False,39.17525863647461,,,,,0.0
00217,val,0,,,1230,30.6,40.19607843137255,True,0.0,0,0.0,0.032679738562091505,1.8948823026221362e-06,5.798339846023737e-05,False,40.16339874267578,,,,,0.0
00315,val,0,,,540,30.0,18.0,True,0.0,0,0.0,0.03333333333333333,8.900960288826809e-07,2.6702880866480427e-05,False,17.96666717529297,,,,,0.0
01287,val,1,19.15,16.507,1221,30.6,39.90196078431372,True,0.0,0,0.0,0.032679738562091505,1.8948823026221362e-06,5.798339846023737e-05,False,39.86928176879883,,,,,0.0
00040,val,0,,,1177,30.0,39.233333333333334,True,0.0,0,0.0,0.03333333333333333,1.7801920577653618e-06,5.3405761732960855e-05,False,39.20000076293945,,,,,0.0
01115,val,1,20.329,17.29,1225,30.5,40.16393442622951,True,0.0,0,0.0,0.03278688524590164,1.8760806241857608e-06,5.7220459037665705e-05,False,40.13114929199219,,,,,0.0
00389,val,0,,,1363,30.0,45.43333333333333,True,0.0,0,0.0,0.03333333333333333,1.7801920577653618e-06,5.3405761732960855e-05,False,45.400001525878906,,,,,0.0
00098,val,0,,,1207,30.0,40.233333333333334,True,0.0,0,0.0,0.03333333333333333,1.7801920577653618e-06,5.3405761732960855e-05,False,40.20000076293945,,,,,0.0
00205,val,0,,,960,23.9,40.16736401673641,True,0.0,0,0.0,0.041841004184100423,1.8993680939161095e-06,4.539489744459502e-05,False,40.12552261352539,,,,,0.0
00455,val,0,,,1152,28.7,40.139372822299656,True,0.0,0,0.0,0.03484320557491289,1.9007028200235254e-06,5.455017093467518e-05,False,40.104530334472656,,,,,0.0
01311,val,1,19.2,17.667,1202,30.0,40.06666666666667,True,0.0,0,0.0,0.03333333333333333,1.7801920577653618e-06,5.3405761732960855e-05,False,40.03333282470703,,,,,0.0
00791,val,1,17.4,15.233,1130,30.0,37.666666666666664,True,0.0,0,0.0,0.03333333333333333,1.7801920577653618e-06,5.3405761732960855e-05,False,37.63333511352539,,,,,0.0
00058,val,0,,,1234,30.6,40.326797385620914,True,0.0,0,0.0,0.032679738562091505,1.8948823026221362e-06,5.798339846023737e-05,False,40.29411697387695,,,,,0.0
01289,val,1,23.8,22.167,1331,30.0,44.36666666666667,True,0.0,0,0.0,0.03333333333333333,1.7801920577653618e-06,5.3405761732960855e-05,False,44.33333206176758,,,,,0.0
01479,val,1,9.561,7.896,540,30.0,18.0,True,0.0,0,0.0,0.03333333333333333,8.900960288826809e-07,2.6702880866480427e-05,False,17.96666717529297,,,,,0.0
01231,val,1,20.533,19.567,1201,30.0,40.03333333333333,True,0.0,0,0.0,0.03333333333333333,1.7801920577653618e-06,5.3405761732960855e-05,False,40.0,,,,,0.0
00961,val,1,19.209,18.523,1234,30.6,40.326797385620914,True,0.0,0,0.0,0.032679738562091505,1.8948823026221362e-06,5.798339846023737e-05,False,40.29411697387695,,,,,0.0
00214,val,0,,,1233,30.6,40.29411764705882,True,0.0,0,0.0,0.032679738562091505,1.8948823026221362e-06,5.798339846023737e-05,False,40.261436462402344,,,,,0.0
00986,val,1,19.733,18.567,1200,30.0,40.0,True,0.0,0,0.0,0.03333333333333333,1.7801920577653618e-06,5.3405761732960855e-05,False,39.96666717529297,,,,,0.0
00080,val,0,,,1225,30.6,40.03267973856209,True,0.0,0,0.0,0.032679738562091505,1.8948823026221362e-06,5.798339846023737e-05,False,40.0,,,,,0.0
00427,val,0,,,1233,30.6,40.29411764705882,True,0.0,0,0.0,0.032679738562091505,1.8948823026221362e-06,5.798339846023737e-05,False,40.261436462402344,,,,,0.0
00681,val,0,,,1231,30.6,40.228758169934636,True,0.0,0,0.0,0.032679738562091505,1.8948823026221362e-06,5.798339846023737e-05,False,40.19607925415039,,,,,0.0
00106,val,0,,,1201,29.7,40.437710437710436,True,0.0,0,0.0,0.03367003367003367,1.900926584141871e-06,5.6457519549013564e-05,False,40.4040412902832,,,,,0.0
00843,val,1,9.096,6.131,540,30.0,18.0,True,0.0,0,0.0,0.03333333333333333,8.900960288826809e-07,2.6702880866480427e-05,False,17.96666717529297,,,,,0.0
00899,val,1,19.3,17.5,1205,30.0,40.166666666666664,True,0.0,0,0.0,0.03333333333333333,1.7801920577653618e-06,5.3405761732960855e-05,False,40.13333511352539,,,,,0.0
00979,val,1,20.317,19.133,1216,30.0,40.53333333333333,True,0.0,0,0.0,0.03333333333333333,1.7801920577653618e-06,5.3405761732960855e-05,False,40.5,,,,,0.0
00957,val,1,19.308,18.186,1163,29.4,39.5578231292517,True,0.0,0,0.0,0.034013605442176874,1.894373475863631e-06,5.569458019039075e-05,False,39.52381134033203,,,,,0.0
00034,val,0,,,1026,25.6,40.078125,True,0.0,0,0.0,0.0390625,0.0,0.0,False,40.0390625,,,,,0.0
00308,val,0,,,1215,30.0,40.5,True,0.0,0,0.0,0.03333333333333333,1.7801920577653618e-06,5.3405761732960855e-05,False,40.46666717529297,,,,,0.0
01087,val,1,20.4,18.3,1189,30.0,39.63333333333333,True,0.0,0,0.0,0.03333333333333333,1.7801920577653618e-06,5.3405761732960855e-05,False,39.599998474121094,,,,,0.0
00977,val,1,9.177,7.228,540,30.0,18.0,True,0.0,0,0.0,0.03333333333333333,8.900960288826809e-07,2.6702880866480427e-05,False,17.96666717529297,,,,,0.0
00868,val,1,25.667,23.767,1205,30.0,40.166666666666664,True,0.0,0,0.0,0.03333333333333333,1.7801920577653618e-06,5.3405761732960855e-05,False,40.13333511352539,,,,,0.0
00064,val,0,,,1231,30.6,40.228758169934636,True,0.0,0,0.0,0.032679738562091505,1.8948823026221362e-06,5.798339846023737e-05,False,40.19607925415039,,,,,0.0
01414,val,1,20.0,19.0,1201,30.0,40.03333333333333,True,0.0,0,0.0,0.03333333333333333,1.7801920577653618e-06,5.3405761732960855e-05,False,40.0,,,,,0.0
01011,val,1,22.867,20.733,1222,30.0,40.733333333333334,True,0.0,0,0.0,0.03333333333333333,1.7801920577653618e-06,5.3405761732960855e-05,False,40.70000076293945,,,,,0.0
00121,val,0,,,1238,30.6,40.45751633986928,True,0.0,0,0.0,0.032679738562091505,1.8948823026221362e-06,5.798339846023737e-05,False,40.424835205078125,,,,,0.0
00413,val,0,,,1216,30.6,39.73856209150327,True,0.0,0,0.0,0.032679738562091505,1.8948823026221362e-06,5.798339846023737e-05,False,39.70588302612305,,,,,0.0
00771,val,1,20.033,16.4,1210,30.0,40.333333333333336,True,0.0,0,0.0,0.03333333333333333,1.7801920577653618e-06,5.3405761732960855e-05,False,40.29999923706055,,,,,0.0
01445,val,1,19.667,19.4,1202,30.0,40.06666666666667,True,0.0,0,0.0,0.03333333333333333,1.7801920577653618e-06,5.3405761732960855e-05,False,40.03333282470703,,,,,0.0
01175,val,1,20.5,19.667,1292,30.0,43.06666666666667,True,0.0,0,0.0,0.03333333333333333,1.7801920577653618e-06,5.3405761732960855e-05,False,43.03333282470703,,,,,0.0
00435,val,0,,,1230,30.6,40.19607843137255,True,0.0,0,0.0,0.032679738562091505,1.8948823026221362e-06,5.798339846023737e-05,False,40.16339874267578,,,,,0.0
01396,val,1,20.32,18.85,1250,30.6,40.849673202614376,True,0.0,0,0.0,0.032679738562091505,1.8948823026221362e-06,5.798339846023737e-05,False,40.816993713378906,,,,,0.0
01059,val,1,8.167,7.567,540,30.0,18.0,True,0.0,0,0.0,0.03333333333333333,8.900960288826809e-07,2.6702880866480427e-05,False,17.96666717529297,,,,,0.0
01029,val,1,20.6,18.733,1191,30.0,39.7,True,0.0,0,0.0,0.03333333333333333,1.7801920577653618e-06,5.3405761732960855e-05,False,39.66666793823242,,,,,0.0
00892,val,1,18.433,17.4,1169,30.0,38.96666666666667,True,0.0,0,0.0,0.03333333333333333,1.7801920577653618e-06,5.3405761732960855e-05,False,38.93333435058594,,,,,0.0
00270,val,0,,,1172,30.0,39.06666666666667,True,0.0,0,0.0,0.03333333333333333,1.7801920577653618e-06,5.3405761732960855e-05,False,39.03333282470703,,,,,0.0
01366,val,1,19.632,18.554,1224,30.6,40.0,True,0.0,0,0.0,0.032679738562091505,1.8948823026221362e-06,5.798339846023737e-05,False,39.96731948852539,,,,,0.0
00767,val,1,10.426,10.226,540,30.0,18.0,True,0.0,0,0.0,0.03333333333333333,8.900960288826809e-07,2.6702880866480427e-05,False,17.96666717529297,,,,,0.0
01335,val,1,20.0,18.867,1225,30.0,40.833333333333336,True,0.0,0,0.0,0.03333333333333333,1.7801920577653618e-06,5.3405761732960855e-05,False,40.79999923706055,,,,,0.0
00614,val,0,,,1233,30.5,40.42622950819672,True,0.0,0,0.0,0.03278688524590164,1.8760806241857608e-06,5.7220459037665705e-05,False,40.3934440612793,,,,,0.0
00385,val,0,,,1232,30.6,40.26143790849673,True,0.0,0,0.0,0.032679738562091505,1.8948823026221362e-06,5.798339846023737e-05,False,40.228759765625,,,,,0.0
01257,val,1,9.895,6.63,570,30.0,19.0,True,0.0,0,0.0,0.03333333333333333,8.900960288826809e-07,2.6702880866480427e-05,False,18.96666717529297,,,,,0.0
00085,val,0,,,1196,29.7,40.26936026936027,True,0.0,0,0.0,0.03367003367003367,1.900926584141871e-06,5.6457519549013564e-05,False,40.23569107055664,,,,,0.0
01274,val,1,20.977,19.768,1228,30.6,40.130718954248366,True,0.0,0,0.0,0.032679738562091505,1.8948823026221362e-06,5.798339846023737e-05,False,40.09803771972656,,,,,0.0
01305,val,1,19.3,18.433,1200,30.0,40.0,True,0.0,0,0.0,0.03333333333333333,1.7801920577653618e-06,5.3405761732960855e-05,False,39.96666717529297,,,,,0.0
01268,val,1,19.55,18.733,1208,30.0,40.266666666666666,True,0.0,0,0.0,0.03333333333333333,1.7801920577653618e-06,5.3405761732960855e-05,False,40.233333587646484,,,,,0.0
00951,val,1,19.052,17.851,1080,29.9,36.12040133779264,True,0.0,0,0.0,0.033444816053511704,1.9009695364502477e-06,5.6838989139862405e-05,False,36.08695602416992,,,,,0.0
00460,val,0,,,1201,30.0,40.03333333333333,True,0.0,0,0.0,0.03333333333333333,1.7801920577653618e-06,5.3405761732960855e-05,False,40.0,,,,,0.0
01260,val,1,9.531,8.831,540,30.0,18.0,True,0.0,0,0.0,0.03333333333333333,8.900960288826809e-07,2.6702880866480427e-05,False,17.96666717529297,,,,,0.0
01189,val,1,10.659,8.76,540,30.0,18.0,True,0.0,0,0.0,0.03333333333333333,8.900960288826809e-07,2.6702880866480427e-05,False,17.96666717529297,,,,,0.0
01397,val,1,21.025,19.426,1164,29.3,39.72696245733788,True,0.0,0,0.0,0.034129692832764506,1.9008389102737056e-06,5.569458007101957e-05,False,39.692832946777344,,,,,0.0
00001,val,0,,,1204,30.0,40.13333333333333,True,0.0,0,0.0,0.03333333333333333,1.7801920577653618e-06,5.3405761732960855e-05,False,40.099998474121094,,,,,0.0
01151,val,1,19.25,16.433,1200,30.0,40.0,True,0.0,0,0.0,0.03333333333333333,1.7801920577653618e-06,5.3405761732960855e-05,False,39.96666717529297,,,,,0.0
00799,val,1,21.067,18.6,1281,30.0,42.7,True,0.0,0,0.0,0.03333333333333333,1.7801920577653618e-06,5.3405761732960855e-05,False,42.66666793823242,,,,,0.0
01367,val,1,18.33,17.448,1229,30.6,40.16339869281045,True,0.0,0,0.0,0.032679738562091505,1.8948823026221362e-06,5.798339846023737e-05,False,40.13071823120117,,,,,0.0
01210,val,1,22.18,20.998,1173,29.6,39.62837837837838,True,0.0,0,0.0,0.03378378378378378,1.8557986720679764e-06,5.493164069321211e-05,False,39.5945930480957,,,,,0.0
00489,val,0,,,1210,30.0,40.333333333333336,True,0.0,0,0.0,0.03333333333333333,1.7801920577653618e-06,5.3405761732960855e-05,False,40.29999923706055,,,,,0.0
01194,val,1,19.231,16.946,1227,30.6,40.09803921568627,True,0.0,0,0.0,0.032679738562091505,1.8948823026221362e-06,5.798339846023737e-05,False,40.06536102294922,,,,,0.0
01306,val,1,19.867,18.667,1237,30.0,41.233333333333334,True,0.0,0,0.0,0.03333333333333333,1.7801920577653618e-06,5.3405761732960855e-05,False,41.20000076293945,,,,,0.0
00896,val,1,20.1,18.967,1208,30.0,40.266666666666666,True,0.0,0,0.0,0.03333333333333333,1.7801920577653618e-06,5.3405761732960855e-05,False,40.233333587646484,,,,,0.0
00948,val,1,18.826,15.689,1210,30.5,39.67213114754098,True,0.0,0,0.0,0.03278688524590164,1.8760806241857608e-06,5.7220459037665705e-05,False,39.63934326171875,,,,,0.0
01360,val,1,19.2,17.0,1181,30.0,39.36666666666667,True,0.0,0,0.0,0.03333333333333333,1.7801920577653618e-06,5.3405761732960855e-05,False,39.33333206176758,,,,,0.0
00252,val,0,,,540,30.0,18.0,True,0.0,0,0.0,0.03333333333333333,8.900960288826809e-07,2.6702880866480427e-05,False,17.96666717529297,,,,,0.0
00828,val,1,19.964,17.645,1210,29.7,40.74074074074074,True,0.0,0,0.0,0.03367003367003367,1.900926584141871e-06,5.6457519549013564e-05,False,40.707069396972656,,,,,0.0
00750,val,1,19.5,18.633,1214,30.0,40.46666666666667,True,0.0,0,0.0,0.03333333333333333,1.7801920577653618e-06,5.3405761732960855e-05,False,40.43333435058594,,,,,0.0
01073,val,1,19.7,18.498,1195,29.9,39.96655518394649,True,0.0,0,0.0,0.033444816053511704,1.900969543555675e-06,5.683898935231468e-05,False,39.933109283447266,,,,,0.0
00732,val,0,,,1232,30.5,40.39344262295082,True,0.0,0,0.0,0.03278688524590164,1.8760806241857608e-06,5.7220459037665705e-05,False,40.36065673828125,,,,,0.0
01123,val,1,20.3,19.133,1228,30.0,40.93333333333333,True,0.0,0,0.0,0.03333333333333333,1.7801920577653618e-06,5.3405761732960855e-05,False,40.900001525878906,,,,,0.0
00502,val,0,,,540,30.0,18.0,True,0.0,0,0.0,0.03333333333333333,8.900960288826809e-07,2.6702880866480427e-05,False,17.96666717529297,,,,,0.0
01101,val,1,18.967,18.567,1207,30.0,40.233333333333334,True,0.0,0,0.0,0.03333333333333333,1.7801920577653618e-06,5.3405761732960855e-05,False,40.20000076293945,,,,,0.0
00561,val,0,,,1198,30.0,39.93333333333333,True,0.0,0,0.0,0.03333333333333333,1.7801920577653618e-06,5.3405761732960855e-05,False,39.900001525878906,,,,,0.0
00612,val,0,,,1222,30.0,40.733333333333334,True,0.0,0,0.0,0.03333333333333333,1.7801920577653618e-06,5.3405761732960855e-05,False,40.70000076293945,,,,,0.0
00520,val,0,,,1218,30.0,40.6,True,0.0,0,0.0,0.03333333333333333,1.7801920577653618e-06,5.3405761732960855e-05,False,40.56666564941406,,,,,0.0
01344,val,1,19.43,18.483,1232,30.6,40.26143790849673,True,0.0,0,0.0,0.032679738562091505,1.8948823026221362e-06,5.798339846023737e-05,False,40.228759765625,,,,,0.0
01008,val,1,19.833,18.933,1173,30.0,39.1,True,0.0,0,0.0,0.03333333333333333,1.7801920577653618e-06,5.3405761732960855e-05,False,39.06666564941406,,,,,0.0
01439,val,1,18.258,17.29,1187,31.0,38.29032258064516,True,0.0,0,0.0,0.03225806451612903,1.8458212593941425e-06,5.722045904121842e-05,False,38.25806427001953,,,,,0.0
00387,val,0,,,1227,30.5,40.22950819672131,True,0.0,0,0.0,0.03278688524590164,1.8760806241857608e-06,5.7220459037665705e-05,False,40.196720123291016,,,,,0.0
00781,val,1,20.266,17.945,1228,30.5,40.26229508196721,True,0.0,0,0.0,0.03278688524590164,1.8760806241857608e-06,5.7220459037665705e-05,False,40.22950744628906,,,,,0.0
00491,val,0,,,540,30.0,18.0,True,0.0,0,0.0,0.03333333333333333,8.900960288826809e-07,2.6702880866480427e-05,False,17.96666717529297,,,,,0.0
01245,val,1,19.567,18.333,1209,30.0,40.3,True,0.0,0,0.0,0.03333333333333333,1.7801920577653618e-06,5.3405761732960855e-05,False,40.266666412353516,,,,,0.0
00191,val,0,,,1205,29.9,40.30100334448161,True,0.0,0,0.0,0.033444816053511704,1.900969543555675e-06,5.683898935231468e-05,False,40.26755905151367,,,,,0.0
00964,val,1,19.333,17.667,1181,30.0,39.36666666666667,True,0.0,0,0.0,0.03333333333333333,1.7801920577653618e-06,5.3405761732960855e-05,False,39.33333206176758,,,,,0.0
00454,val,0,,,1199,29.9,40.10033444816054,True,0.0,0,0.0,0.033444816053511704,1.900969543555675e-06,5.683898935231468e-05,False,40.066890716552734,,,,,0.0
00461,val,0,,,1200,30.0,40.0,True,0.0,0,0.0,0.03333333333333333,1.7801920577653618e-06,5.3405761732960855e-05,False,39.96666717529297,,,,,0.0
01394,val,1,19.567,17.248,1236,30.6,40.3921568627451,True,0.0,0,0.0,0.032679738562091505,1.8948823026221362e-06,5.798339846023737e-05,False,40.35947799682617,,,,,0.0
00797,val,1,19.133,17.833,1178,30.0,39.266666666666666,True,0.0,0,0.0,0.03333333333333333,1.7801920577653618e-06,5.3405761732960855e-05,False,39.233333587646484,,,,,0.0
00201,val,0,,,1223,29.6,41.317567567567565,True,0.0,0,0.0,0.03378378378378378,1.8557986720679764e-06,5.493164069321211e-05,False,41.283782958984375,,,,,0.0
00592,val,0,,,1211,29.4,41.19047619047619,True,0.0,0,0.0,0.034013605442176874,1.894373475863631e-06,5.569458019039075e-05,False,41.156463623046875,,,,,0.0
00251,val,0,,,1205,29.9,40.30100334448161,True,0.0,0,0.0,0.033444816053511704,1.900969543555675e-06,5.683898935231468e-05,False,40.26755905151367,,,,,0.0
00406,val,0,,,1223,30.0,40.766666666666666,True,0.0,0,0.0,0.03333333333333333,1.7801920577653618e-06,5.3405761732960855e-05,False,40.733333587646484,,,,,0.0
01484,val,1,18.967,17.433,1203,30.0,40.1,True,0.0,0,0.0,0.03333333333333333,1.7801920577653618e-06,5.3405761732960855e-05,False,40.06666564941406,,,,,0.0
00138,val,0,,,1174,29.1,40.34364261168385,True,0.0,0,0.0,0.034364261168384876,1.900794174503062e-06,5.531311047803911e-05,False,40.30927658081055,,,,,0.0
01050,val,1,56.8,55.467,1800,30.0,60.0,True,0.0,0,0.0,0.03333333333333333,1.7801920577653618e-06,5.3405761732960855e-05,False,59.96666717529297,,,,,0.0
00474,val,0,,,1236,30.6,40.3921568627451,True,0.0,0,0.0,0.032679738562091505,1.8948823026221362e-06,5.798339846023737e-05,False,40.35947799682617,,,,,0.0
01405,val,1,20.0,18.367,1210,30.0,40.333333333333336,True,0.0,0,0.0,0.03333333333333333,1.7801920577653618e-06,5.3405761732960855e-05,False,40.29999923706055,,,,,0.0
00699,val,0,,,1324,30.0,44.13333333333333,True,0.0,0,0.0,0.03333333333333333,1.7801920577653618e-06,5.3405761732960855e-05,False,44.099998474121094,,,,,0.0
00504,val,0,,,1205,30.0,40.166666666666664,True,0.0,0,0.0,0.03333333333333333,1.7801920577653618e-06,5.3405761732960855e-05,False,40.13333511352539,,,,,0.0
