[32mActivated conda/uv virtual environment at [36m/venv/main[0m
+ python reeval/re18_preflight.py --out-dir /workspace/CPV301/outputs_progress/preflight_full --require-cuda
[PASS   ] imports+versions: matches recorded env
[PASS   ] cuda: NVIDIA GeForce RTX 4080, 15.6 GB, matmul ok (7622.4)
[PASS   ] disk: 109.9 GB free under /workspace/CPV301/outputs_progress/preflight_full (need >= 60.0)
[PASS   ] hf_token: HF token set (not printed)
Using cache found in /root/.cache/torch/hub/facebookresearch_pytorchvideo_main
[PASS   ] backbone: slow_r50 pretrained loaded, fwd+bwd (2x12 snippets) peak 5.21 GB
PREFLIGHT PASS -> /workspace/CPV301/outputs_progress/preflight_full/preflight.json
[2026-10-05 10:04:08] START seed42_B_H2.0
+ python -u reeval/re14_train_progress_riskprop.py --condition B --seed 42 --horizon-sec 2.0 --pairing-mode fixed --alpha 3.0 --cache-root /workspace/CPV301/data/nexar_cache_riskprop --cache-5f /workspace/CPV301/data/nexar_cache_5f --sidecar /workspace/CPV301/outputs_progress/sidecar/sidecar.json --split-manifest /workspace/CPV301/results/repro/split_manifest_seed42.json --output-root /workspace/CPV301/outputs_progress --num-workers 4 --audit /workspace/CPV301/outputs_progress/audit/audit_summary.json --lock-file /workspace/CPV301/outputs_progress/LOCK.json --full-run
Using cache found in /root/.cache/torch/hub/facebookresearch_pytorchvideo_main
verifying train cache content digest (hashing every cached .pt) ...
{
  "version": "v4.0.0",
  "config": {
    "condition": "B",
    "cps_mode": "none",
    "use_ffr": true,
    "use_amc": true,
    "pairing_mode": "fixed",
    "horizon_sec": 2.0,
    "alpha": 3.0,
    "lambda_prog": 0.0,
    "seed": 42,
    "epochs": 50,
    "max_steps": 0,
    "epochs_budget": 50,
    "batch_size": 2,
    "lr": 0.01,
    "momentum": 0.9,
    "weight_decay": 0.0001,
    "lr_decay_epochs": [
      20,
      40
    ],
    "checkpoint_rule_train": "best = lowest val BCE @1.0s lead; latest = last epoch",
    "cps_boundary": "tau<=0 excluded (PRE-ACT assigns 1); anchors k=0,k=11 excluded",
    "cps_loss": "smooth_l1(beta=1) on sigmoid(z) fp32, per-video mean then mean over videos",
    "full_run": true,
    "research_result": true,
    "synthetic": false,
    "model": "riskprop",
    "limit_videos": 0,
    "limit_val": 0,
    "run_name": "B_fixed_seed42",
    "resume_policy": "epoch boundary only; RNG restored on CPU; no bitwise mid-epoch continuation"
  },
  "init_state_sha256": "4e6b4b4d2e3dd6073928316d815fb4da3c5088013b91f299f197b64b7b4d7cd8",
  "inputs": {
    "split_manifest_sha256": "61b9e983c58722eb7b100f7d969ef55df32acc0c016aefcfed0be37ef36cdda2",
    "train_index_sha256": "2f2cb85117f2ed3fe8e2e0bbe1c7f802c2490208919dfea9a765778a41a9d3a0",
    "val_index_sha256": "ba898811bb7d126cea8babb16545c2e8a8528c58f9216b620ab8280b1e71cb8b",
    "sidecar_sha256": "e94392bda9163149ba2b5e1e189bc010c4a268560b2a16aed379eecd4d6e05cf",
    "audit_sha256": "cc5452b575ce905ca9e3277b0f7f7b0274017d86606a1d7e98b293ec20baecc0",
    "lock_sha256": "347623b1638bd1b5914a156e94e73465828ecd8d139f4cc30023be6907d960c7",
    "audit": "/workspace/CPV301/outputs_progress/audit/audit_summary.json",
    "lock_file": "/workspace/CPV301/outputs_progress/LOCK.json",
    "val_cache_digest": "67491cd00112b143b99ffb72ae3e0d12d9c783ca14e06f3ace266f73ab1127c4",
    "train_cache_digest": "315b0d92699ce2bae760bece5355b2babeead9bc4f8f895700930df5e9da2a6b"
  }
}
/workspace/CPV301/pipeline/cell32_riskprop_loss.py:154: UserWarning: Converting a tensor with requires_grad=True to a scalar may lead to unexpected behavior.
Consider using tensor.detach() first. (Triggered internally at /pytorch/torch/csrc/autograd/generated/python_variable_methods.cpp:836.)
  return total, {"bce": L_bce.item(), "reg": float(L_reg), "mono": float(L_mono)}
[B_fixed_seed42] epoch  0 steps=600 total=0.6419 base=0.6419 (bce=0.6234 reg=0.0117 mono=0.0253) cps=0.0000 amp_skipped=2 g_base=5.55 g_cps=0 val_loss=2.8492 val_AP@1.0=0.6521 lr=0.01000 (107s)
  * best.pth (val_loss=2.8492)
[B_fixed_seed42] epoch  1 steps=1200 total=0.4841 base=0.4841 (bce=0.4545 reg=0.0241 mono=0.0350) cps=0.0000 amp_skipped=0 g_base=0.522 g_cps=0 val_loss=3.9536 val_AP@1.0=0.6025 lr=0.01000 (94s)
[B_fixed_seed42] epoch  2 steps=1800 total=0.4069 base=0.4069 (bce=0.3735 reg=0.0317 mono=0.0351) cps=0.0000 amp_skipped=0 g_base=0.678 g_cps=0 val_loss=6.2439 val_AP@1.0=0.6540 lr=0.01000 (95s)
[B_fixed_seed42] epoch  3 steps=2400 total=0.3211 base=0.3211 (bce=0.2838 reg=0.0402 mono=0.0343) cps=0.0000 amp_skipped=0 g_base=0.414 g_cps=0 val_loss=4.7704 val_AP@1.0=0.6790 lr=0.01000 (98s)
[B_fixed_seed42] epoch  4 steps=3000 total=0.2936 base=0.2936 (bce=0.2567 reg=0.0417 mono=0.0322) cps=0.0000 amp_skipped=0 g_base=0.0761 g_cps=0 val_loss=5.6656 val_AP@1.0=0.6767 lr=0.01000 (95s)
[B_fixed_seed42] epoch  5 steps=3600 total=0.2009 base=0.2009 (bce=0.1621 reg=0.0496 mono=0.0281) cps=0.0000 amp_skipped=0 g_base=0.667 g_cps=0 val_loss=7.7120 val_AP@1.0=0.5885 lr=0.01000 (95s)
[B_fixed_seed42] epoch  6 steps=4200 total=0.2143 base=0.2143 (bce=0.1737 reg=0.0525 mono=0.0287) cps=0.0000 amp_skipped=0 g_base=0.182 g_cps=0 val_loss=16.5504 val_AP@1.0=0.6131 lr=0.01000 (94s)
[B_fixed_seed42] epoch  7 steps=4800 total=0.1199 base=0.1199 (bce=0.0849 reg=0.0519 mono=0.0181) cps=0.0000 amp_skipped=0 g_base=0.098 g_cps=0 val_loss=19.0601 val_AP@1.0=0.6090 lr=0.01000 (95s)
[B_fixed_seed42] epoch  8 steps=5400 total=0.1480 base=0.1480 (bce=0.1091 reg=0.0561 mono=0.0217) cps=0.0000 amp_skipped=0 g_base=0.0365 g_cps=0 val_loss=11.6054 val_AP@1.0=0.6841 lr=0.01000 (93s)
[B_fixed_seed42] epoch  9 steps=6000 total=0.1058 base=0.1058 (bce=0.0685 reg=0.0541 mono=0.0205) cps=0.0000 amp_skipped=0 g_base=0.59 g_cps=0 val_loss=19.2385 val_AP@1.0=0.6388 lr=0.01000 (92s)
[B_fixed_seed42] epoch 10 steps=6600 total=0.0888 base=0.0888 (bce=0.0537 reg=0.0553 mono=0.0149) cps=0.0000 amp_skipped=1 g_base=0.0961 g_cps=0 val_loss=17.4663 val_AP@1.0=0.6127 lr=0.01000 (94s)
[B_fixed_seed42] epoch 11 steps=7200 total=0.0739 base=0.0739 (bce=0.0379 reg=0.0579 mono=0.0141) cps=0.0000 amp_skipped=0 g_base=0.0286 g_cps=0 val_loss=15.5330 val_AP@1.0=0.6800 lr=0.01000 (92s)
[B_fixed_seed42] epoch 12 steps=7800 total=0.0450 base=0.0450 (bce=0.0143 reg=0.0538 mono=0.0075) cps=0.0000 amp_skipped=0 g_base=0.0154 g_cps=0 val_loss=17.3061 val_AP@1.0=0.6710 lr=0.01000 (93s)
[B_fixed_seed42] epoch 13 steps=8400 total=0.0434 base=0.0434 (bce=0.0129 reg=0.0541 mono=0.0070) cps=0.0000 amp_skipped=0 g_base=0.0236 g_cps=0 val_loss=18.8645 val_AP@1.0=0.6759 lr=0.01000 (94s)
[B_fixed_seed42] epoch 14 steps=9000 total=0.0350 base=0.0350 (bce=0.0044 reg=0.0533 mono=0.0078) cps=0.0000 amp_skipped=0 g_base=0.00242 g_cps=0 val_loss=19.9605 val_AP@1.0=0.6820 lr=0.01000 (93s)
[B_fixed_seed42] epoch 15 steps=9600 total=0.0344 base=0.0344 (bce=0.0041 reg=0.0544 mono=0.0062) cps=0.0000 amp_skipped=0 g_base=0.0378 g_cps=0 val_loss=19.3611 val_AP@1.0=0.6706 lr=0.01000 (94s)
[B_fixed_seed42] epoch 16 steps=10200 total=0.0336 base=0.0336 (bce=0.0030 reg=0.0547 mono=0.0065) cps=0.0000 amp_skipped=0 g_base=0.0379 g_cps=0 val_loss=16.4856 val_AP@1.0=0.6965 lr=0.01000 (96s)
[B_fixed_seed42] epoch 17 steps=10800 total=0.0337 base=0.0337 (bce=0.0036 reg=0.0535 mono=0.0067) cps=0.0000 amp_skipped=1 g_base=0.0297 g_cps=0 val_loss=15.0048 val_AP@1.0=0.7402 lr=0.01000 (92s)
[B_fixed_seed42] epoch 18 steps=11400 total=0.0346 base=0.0346 (bce=0.0045 reg=0.0535 mono=0.0068) cps=0.0000 amp_skipped=0 g_base=0.000895 g_cps=0 val_loss=15.8806 val_AP@1.0=0.7377 lr=0.01000 (96s)
[B_fixed_seed42] epoch 19 steps=12000 total=0.0341 base=0.0341 (bce=0.0045 reg=0.0520 mono=0.0072) cps=0.0000 amp_skipped=0 g_base=0.00333 g_cps=0 val_loss=12.5828 val_AP@1.0=0.7141 lr=0.00100 (98s)
[B_fixed_seed42] epoch 20 steps=12600 total=0.0343 base=0.0343 (bce=0.0037 reg=0.0539 mono=0.0071) cps=0.0000 amp_skipped=1 g_base=0.00521 g_cps=0 val_loss=16.6356 val_AP@1.0=0.7230 lr=0.00100 (92s)
[B_fixed_seed42] epoch 21 steps=13200 total=0.0323 base=0.0323 (bce=0.0032 reg=0.0524 mono=0.0058) cps=0.0000 amp_skipped=0 g_base=0.0165 g_cps=0 val_loss=12.7345 val_AP@1.0=0.7312 lr=0.00100 (93s)
[B_fixed_seed42] epoch 22 steps=13800 total=0.0333 base=0.0333 (bce=0.0036 reg=0.0535 mono=0.0059) cps=0.0000 amp_skipped=0 g_base=0.0106 g_cps=0 val_loss=12.7659 val_AP@1.0=0.7333 lr=0.00100 (96s)
[B_fixed_seed42] epoch 23 steps=14400 total=0.0324 base=0.0324 (bce=0.0033 reg=0.0506 mono=0.0075) cps=0.0000 amp_skipped=0 g_base=0.0222 g_cps=0 val_loss=12.9087 val_AP@1.0=0.7383 lr=0.00100 (94s)
[B_fixed_seed42] epoch 24 steps=15000 total=0.0319 base=0.0319 (bce=0.0034 reg=0.0507 mono=0.0062) cps=0.0000 amp_skipped=1 g_base=0.00071 g_cps=0 val_loss=11.2785 val_AP@1.0=0.7401 lr=0.00100 (94s)
[B_fixed_seed42] epoch 25 steps=15600 total=0.0317 base=0.0317 (bce=0.0038 reg=0.0498 mono=0.0059) cps=0.0000 amp_skipped=0 g_base=0.0262 g_cps=0 val_loss=10.8222 val_AP@1.0=0.7382 lr=0.00100 (94s)
[B_fixed_seed42] epoch 26 steps=16200 total=0.0320 base=0.0320 (bce=0.0036 reg=0.0508 mono=0.0060) cps=0.0000 amp_skipped=0 g_base=0.0229 g_cps=0 val_loss=12.3277 val_AP@1.0=0.7433 lr=0.00100 (93s)
[B_fixed_seed42] epoch 27 steps=16800 total=0.0315 base=0.0315 (bce=0.0028 reg=0.0497 mono=0.0077) cps=0.0000 amp_skipped=1 g_base=0.0495 g_cps=0 val_loss=12.7239 val_AP@1.0=0.7377 lr=0.00100 (93s)
[B_fixed_seed42] epoch 28 steps=17400 total=0.0321 base=0.0321 (bce=0.0037 reg=0.0508 mono=0.0061) cps=0.0000 amp_skipped=0 g_base=0.0231 g_cps=0 val_loss=11.7372 val_AP@1.0=0.7438 lr=0.00100 (93s)
[B_fixed_seed42] epoch 29 steps=18000 total=0.0329 base=0.0329 (bce=0.0038 reg=0.0521 mono=0.0060) cps=0.0000 amp_skipped=0 g_base=0.0139 g_cps=0 val_loss=11.3582 val_AP@1.0=0.7421 lr=0.00100 (93s)
[B_fixed_seed42] epoch 30 steps=18600 total=0.0315 base=0.0315 (bce=0.0035 reg=0.0498 mono=0.0061) cps=0.0000 amp_skipped=1 g_base=0.000484 g_cps=0 val_loss=9.5548 val_AP@1.0=0.7480 lr=0.00100 (93s)
[B_fixed_seed42] epoch 31 steps=19200 total=0.0318 base=0.0318 (bce=0.0040 reg=0.0496 mono=0.0060) cps=0.0000 amp_skipped=0 g_base=0.0181 g_cps=0 val_loss=10.3980 val_AP@1.0=0.7409 lr=0.00100 (93s)
[B_fixed_seed42] epoch 32 steps=19800 total=0.0312 base=0.0312 (bce=0.0038 reg=0.0493 mono=0.0057) cps=0.0000 amp_skipped=0 g_base=0.0483 g_cps=0 val_loss=10.9267 val_AP@1.0=0.7412 lr=0.00100 (93s)
[B_fixed_seed42] epoch 33 steps=20400 total=0.0313 base=0.0313 (bce=0.0037 reg=0.0499 mono=0.0052) cps=0.0000 amp_skipped=0 g_base=0.0591 g_cps=0 val_loss=10.9253 val_AP@1.0=0.7424 lr=0.00100 (93s)
[B_fixed_seed42] epoch 34 steps=21000 total=0.0307 base=0.0307 (bce=0.0037 reg=0.0489 mono=0.0052) cps=0.0000 amp_skipped=1 g_base=0.0506 g_cps=0 val_loss=11.8060 val_AP@1.0=0.7501 lr=0.00100 (93s)
[B_fixed_seed42] epoch 35 steps=21600 total=0.0302 base=0.0302 (bce=0.0038 reg=0.0480 mono=0.0047) cps=0.0000 amp_skipped=0 g_base=0.0267 g_cps=0 val_loss=9.9469 val_AP@1.0=0.7507 lr=0.00100 (93s)
[B_fixed_seed42] epoch 36 steps=22200 total=0.0319 base=0.0319 (bce=0.0037 reg=0.0506 mono=0.0057) cps=0.0000 amp_skipped=0 g_base=0.0572 g_cps=0 val_loss=8.8058 val_AP@1.0=0.7464 lr=0.00100 (93s)
[B_fixed_seed42] epoch 37 steps=22800 total=0.0331 base=0.0331 (bce=0.0046 reg=0.0509 mono=0.0061) cps=0.0000 amp_skipped=1 g_base=0.0299 g_cps=0 val_loss=9.2033 val_AP@1.0=0.7374 lr=0.00100 (93s)
[B_fixed_seed42] epoch 38 steps=23400 total=0.0317 base=0.0317 (bce=0.0041 reg=0.0497 mono=0.0055) cps=0.0000 amp_skipped=0 g_base=0.0992 g_cps=0 val_loss=9.0106 val_AP@1.0=0.7439 lr=0.00100 (93s)
[B_fixed_seed42] epoch 39 steps=24000 total=0.0312 base=0.0312 (bce=0.0036 reg=0.0497 mono=0.0055) cps=0.0000 amp_skipped=0 g_base=0.0415 g_cps=0 val_loss=8.3132 val_AP@1.0=0.7438 lr=0.00010 (93s)
[B_fixed_seed42] epoch 40 steps=24600 total=0.0317 base=0.0317 (bce=0.0045 reg=0.0492 mono=0.0052) cps=0.0000 amp_skipped=0 g_base=0.00382 g_cps=0 val_loss=10.4776 val_AP@1.0=0.7525 lr=0.00010 (94s)
[B_fixed_seed42] epoch 41 steps=25200 total=0.0313 base=0.0313 (bce=0.0039 reg=0.0493 mono=0.0055) cps=0.0000 amp_skipped=1 g_base=0.00514 g_cps=0 val_loss=9.8625 val_AP@1.0=0.7486 lr=0.00010 (93s)
[B_fixed_seed42] epoch 42 steps=25800 total=0.0312 base=0.0312 (bce=0.0041 reg=0.0493 mono=0.0049) cps=0.0000 amp_skipped=0 g_base=0.00675 g_cps=0 val_loss=9.7565 val_AP@1.0=0.7446 lr=0.00010 (93s)
[B_fixed_seed42] epoch 43 steps=26400 total=0.0309 base=0.0309 (bce=0.0035 reg=0.0497 mono=0.0050) cps=0.0000 amp_skipped=0 g_base=0.0133 g_cps=0 val_loss=9.2184 val_AP@1.0=0.7475 lr=0.00010 (94s)
[B_fixed_seed42] epoch 44 steps=27000 total=0.0327 base=0.0327 (bce=0.0046 reg=0.0505 mono=0.0058) cps=0.0000 amp_skipped=1 g_base=0.0955 g_cps=0 val_loss=8.9207 val_AP@1.0=0.7447 lr=0.00010 (93s)
[B_fixed_seed42] epoch 45 steps=27600 total=0.0313 base=0.0313 (bce=0.0046 reg=0.0484 mono=0.0050) cps=0.0000 amp_skipped=0 g_base=0.0178 g_cps=0 val_loss=8.0210 val_AP@1.0=0.7462 lr=0.00010 (94s)
[B_fixed_seed42] epoch 46 steps=28200 total=0.0300 base=0.0300 (bce=0.0032 reg=0.0481 mono=0.0055) cps=0.0000 amp_skipped=0 g_base=0.0219 g_cps=0 val_loss=8.1412 val_AP@1.0=0.7542 lr=0.00010 (93s)
[B_fixed_seed42] epoch 47 steps=28800 total=0.0312 base=0.0312 (bce=0.0044 reg=0.0486 mono=0.0050) cps=0.0000 amp_skipped=0 g_base=0.023 g_cps=0 val_loss=8.7242 val_AP@1.0=0.7483 lr=0.00010 (93s)
[B_fixed_seed42] epoch 48 steps=29400 total=0.0314 base=0.0314 (bce=0.0045 reg=0.0486 mono=0.0053) cps=0.0000 amp_skipped=1 g_base=0.0482 g_cps=0 val_loss=8.3903 val_AP@1.0=0.7505 lr=0.00010 (93s)
[B_fixed_seed42] epoch 49 steps=30000 total=0.0321 base=0.0321 (bce=0.0044 reg=0.0506 mono=0.0049) cps=0.0000 amp_skipped=0 g_base=0.000364 g_cps=0 val_loss=10.7600 val_AP@1.0=0.7458 lr=0.00010 (93s)
[B_fixed_seed42] COMPLETE -> /workspace/CPV301/outputs_progress/runs/B_fixed_seed42
[2026-10-05 11:23:35] DONE  seed42_B_H2.0
[2026-10-05 11:23:40] START seed42_P_H2.0
+ python -u reeval/re14_train_progress_riskprop.py --condition P --seed 42 --horizon-sec 2.0 --lambda-prog 1.0 --pairing-mode fixed --alpha 3.0 --cache-root /workspace/CPV301/data/nexar_cache_riskprop --cache-5f /workspace/CPV301/data/nexar_cache_5f --sidecar /workspace/CPV301/outputs_progress/sidecar/sidecar.json --split-manifest /workspace/CPV301/results/repro/split_manifest_seed42.json --output-root /workspace/CPV301/outputs_progress --num-workers 4 --audit /workspace/CPV301/outputs_progress/audit/audit_summary.json --lock-file /workspace/CPV301/outputs_progress/LOCK.json --full-run
Using cache found in /root/.cache/torch/hub/facebookresearch_pytorchvideo_main
verifying train cache content digest (hashing every cached .pt) ...
{
  "version": "v4.0.0",
  "config": {
    "condition": "P",
    "cps_mode": "continuous",
    "use_ffr": true,
    "use_amc": true,
    "pairing_mode": "fixed",
    "horizon_sec": 2.0,
    "alpha": 3.0,
    "lambda_prog": 1.0,
    "seed": 42,
    "epochs": 50,
    "max_steps": 0,
    "epochs_budget": 50,
    "batch_size": 2,
    "lr": 0.01,
    "momentum": 0.9,
    "weight_decay": 0.0001,
    "lr_decay_epochs": [
      20,
      40
    ],
    "checkpoint_rule_train": "best = lowest val BCE @1.0s lead; latest = last epoch",
    "cps_boundary": "tau<=0 excluded (PRE-ACT assigns 1); anchors k=0,k=11 excluded",
    "cps_loss": "smooth_l1(beta=1) on sigmoid(z) fp32, per-video mean then mean over videos",
    "full_run": true,
    "research_result": true,
    "synthetic": false,
    "model": "riskprop",
    "limit_videos": 0,
    "limit_val": 0,
    "run_name": "P_fixed_H2_a3_lam1_seed42",
    "resume_policy": "epoch boundary only; RNG restored on CPU; no bitwise mid-epoch continuation"
  },
  "init_state_sha256": "4e6b4b4d2e3dd6073928316d815fb4da3c5088013b91f299f197b64b7b4d7cd8",
  "inputs": {
    "split_manifest_sha256": "61b9e983c58722eb7b100f7d969ef55df32acc0c016aefcfed0be37ef36cdda2",
    "train_index_sha256": "2f2cb85117f2ed3fe8e2e0bbe1c7f802c2490208919dfea9a765778a41a9d3a0",
    "val_index_sha256": "ba898811bb7d126cea8babb16545c2e8a8528c58f9216b620ab8280b1e71cb8b",
    "sidecar_sha256": "e94392bda9163149ba2b5e1e189bc010c4a268560b2a16aed379eecd4d6e05cf",
    "audit_sha256": "cc5452b575ce905ca9e3277b0f7f7b0274017d86606a1d7e98b293ec20baecc0",
    "lock_sha256": "347623b1638bd1b5914a156e94e73465828ecd8d139f4cc30023be6907d960c7",
    "audit": "/workspace/CPV301/outputs_progress/audit/audit_summary.json",
    "lock_file": "/workspace/CPV301/outputs_progress/LOCK.json",
    "val_cache_digest": "67491cd00112b143b99ffb72ae3e0d12d9c783ca14e06f3ace266f73ab1127c4",
    "train_cache_digest": "315b0d92699ce2bae760bece5355b2babeead9bc4f8f895700930df5e9da2a6b"
  }
}
/workspace/CPV301/pipeline/cell32_riskprop_loss.py:154: UserWarning: Converting a tensor with requires_grad=True to a scalar may lead to unexpected behavior.
Consider using tensor.detach() first. (Triggered internally at /pytorch/torch/csrc/autograd/generated/python_variable_methods.cpp:836.)
  return total, {"bce": L_bce.item(), "reg": float(L_reg), "mono": float(L_mono)}
[P_fixed_H2_a3_lam1_seed42] epoch  0 steps=600 total=0.6731 base=0.6192 (bce=0.6001 reg=0.0121 mono=0.0263) cps=0.0539 amp_skipped=1 g_base=5.55 g_cps=0.779 val_loss=3.5003 val_AP@1.0=0.6505 lr=0.01000 (99s)
  * best.pth (val_loss=3.5003)
[P_fixed_H2_a3_lam1_seed42] epoch  1 steps=1200 total=0.5074 base=0.4631 (bce=0.4328 reg=0.0255 mono=0.0352) cps=0.0443 amp_skipped=0 g_base=0.414 g_cps=0.0579 val_loss=4.0694 val_AP@1.0=0.6443 lr=0.01000 (95s)
[P_fixed_H2_a3_lam1_seed42] epoch  2 steps=1800 total=0.3993 base=0.3580 (bce=0.3266 reg=0.0331 mono=0.0298) cps=0.0413 amp_skipped=0 g_base=0.667 g_cps=0.0696 val_loss=7.9050 val_AP@1.0=0.6275 lr=0.01000 (97s)
[P_fixed_H2_a3_lam1_seed42] epoch  3 steps=2400 total=0.3183 base=0.2766 (bce=0.2405 reg=0.0425 mono=0.0297) cps=0.0417 amp_skipped=0 g_base=0.302 g_cps=0 val_loss=9.4992 val_AP@1.0=0.6318 lr=0.01000 (97s)
[P_fixed_H2_a3_lam1_seed42] epoch  4 steps=3000 total=0.2685 base=0.2299 (bce=0.1954 reg=0.0442 mono=0.0249) cps=0.0386 amp_skipped=0 g_base=0.157 g_cps=0.0339 val_loss=5.6198 val_AP@1.0=0.7068 lr=0.01000 (98s)
[P_fixed_H2_a3_lam1_seed42] epoch  5 steps=3600 total=0.2376 base=0.1998 (bce=0.1655 reg=0.0462 mono=0.0226) cps=0.0378 amp_skipped=0 g_base=0.876 g_cps=0.0207 val_loss=9.7225 val_AP@1.0=0.6668 lr=0.01000 (95s)
[P_fixed_H2_a3_lam1_seed42] epoch  6 steps=4200 total=0.1754 base=0.1358 (bce=0.0999 reg=0.0531 mono=0.0186) cps=0.0396 amp_skipped=1 g_base=0.0661 g_cps=0.016 val_loss=13.7851 val_AP@1.0=0.6548 lr=0.01000 (97s)
[P_fixed_H2_a3_lam1_seed42] epoch  7 steps=4800 total=0.1614 base=0.1242 (bce=0.0891 reg=0.0506 mono=0.0196) cps=0.0372 amp_skipped=0 g_base=0.348 g_cps=0 val_loss=12.1356 val_AP@1.0=0.6759 lr=0.01000 (94s)
[P_fixed_H2_a3_lam1_seed42] epoch  8 steps=5400 total=0.1091 base=0.0747 (bce=0.0428 reg=0.0522 mono=0.0117) cps=0.0344 amp_skipped=1 g_base=0.22 g_cps=0.0335 val_loss=13.9276 val_AP@1.0=0.6878 lr=0.01000 (94s)
[P_fixed_H2_a3_lam1_seed42] epoch  9 steps=6000 total=0.0715 base=0.0444 (bce=0.0159 reg=0.0500 mono=0.0071) cps=0.0271 amp_skipped=0 g_base=0.443 g_cps=0 val_loss=19.4640 val_AP@1.0=0.6717 lr=0.01000 (99s)
[P_fixed_H2_a3_lam1_seed42] epoch 10 steps=6600 total=0.0604 base=0.0373 (bce=0.0091 reg=0.0513 mono=0.0051) cps=0.0231 amp_skipped=0 g_base=0.171 g_cps=0 val_loss=12.7662 val_AP@1.0=0.7186 lr=0.01000 (97s)
[P_fixed_H2_a3_lam1_seed42] epoch 11 steps=7200 total=0.0568 base=0.0359 (bce=0.0072 reg=0.0511 mono=0.0063) cps=0.0209 amp_skipped=0 g_base=0.0455 g_cps=0.0131 val_loss=13.2154 val_AP@1.0=0.7067 lr=0.01000 (98s)
[P_fixed_H2_a3_lam1_seed42] epoch 12 steps=7800 total=0.0494 base=0.0317 (bce=0.0045 reg=0.0493 mono=0.0049) cps=0.0177 amp_skipped=0 g_base=0.0277 g_cps=0.0125 val_loss=16.9082 val_AP@1.0=0.7207 lr=0.01000 (93s)
[P_fixed_H2_a3_lam1_seed42] epoch 13 steps=8400 total=0.0470 base=0.0306 (bce=0.0036 reg=0.0503 mono=0.0039) cps=0.0163 amp_skipped=0 g_base=0.0244 g_cps=0.00562 val_loss=13.4279 val_AP@1.0=0.7287 lr=0.01000 (94s)
[P_fixed_H2_a3_lam1_seed42] epoch 14 steps=9000 total=0.0464 base=0.0300 (bce=0.0026 reg=0.0504 mono=0.0044) cps=0.0164 amp_skipped=0 g_base=0.00162 g_cps=0.00132 val_loss=15.5774 val_AP@1.0=0.7160 lr=0.01000 (93s)
[P_fixed_H2_a3_lam1_seed42] epoch 15 steps=9600 total=0.0444 base=0.0294 (bce=0.0029 reg=0.0492 mono=0.0040) cps=0.0150 amp_skipped=0 g_base=0.0122 g_cps=0.00595 val_loss=12.4247 val_AP@1.0=0.7326 lr=0.01000 (94s)
[P_fixed_H2_a3_lam1_seed42] epoch 16 steps=10200 total=0.0434 base=0.0290 (bce=0.0026 reg=0.0488 mono=0.0040) cps=0.0145 amp_skipped=0 g_base=0.0421 g_cps=0.0724 val_loss=16.6969 val_AP@1.0=0.7327 lr=0.01000 (93s)
[P_fixed_H2_a3_lam1_seed42] epoch 17 steps=10800 total=0.0393 base=0.0262 (bce=0.0021 reg=0.0447 mono=0.0035) cps=0.0131 amp_skipped=0 g_base=0.0332 g_cps=0.00881 val_loss=13.3104 val_AP@1.0=0.7417 lr=0.01000 (97s)
[P_fixed_H2_a3_lam1_seed42] epoch 18 steps=11400 total=0.0366 base=0.0241 (bce=0.0018 reg=0.0412 mono=0.0033) cps=0.0126 amp_skipped=1 g_base=0.000612 g_cps=0 val_loss=13.1394 val_AP@1.0=0.7372 lr=0.01000 (95s)
[P_fixed_H2_a3_lam1_seed42] epoch 19 steps=12000 total=0.0325 base=0.0215 (bce=0.0014 reg=0.0372 mono=0.0029) cps=0.0110 amp_skipped=0 g_base=0.00222 g_cps=0 val_loss=11.9175 val_AP@1.0=0.7403 lr=0.00100 (94s)
[P_fixed_H2_a3_lam1_seed42] epoch 20 steps=12600 total=0.0306 base=0.0200 (bce=0.0013 reg=0.0349 mono=0.0027) cps=0.0106 amp_skipped=0 g_base=0.00496 g_cps=0 val_loss=12.9553 val_AP@1.0=0.7304 lr=0.00100 (94s)
[P_fixed_H2_a3_lam1_seed42] epoch 21 steps=13200 total=0.0301 base=0.0198 (bce=0.0011 reg=0.0346 mono=0.0028) cps=0.0103 amp_skipped=1 g_base=0.0331 g_cps=0.0338 val_loss=11.9823 val_AP@1.0=0.7342 lr=0.00100 (96s)
[P_fixed_H2_a3_lam1_seed42] epoch 22 steps=13800 total=0.0312 base=0.0202 (bce=0.0012 reg=0.0351 mono=0.0028) cps=0.0110 amp_skipped=0 g_base=0.0376 g_cps=0.0417 val_loss=13.0458 val_AP@1.0=0.7344 lr=0.00100 (97s)
[P_fixed_H2_a3_lam1_seed42] epoch 23 steps=14400 total=0.0290 base=0.0190 (bce=0.0010 reg=0.0333 mono=0.0025) cps=0.0100 amp_skipped=0 g_base=0.0333 g_cps=0.0509 val_loss=11.3289 val_AP@1.0=0.7365 lr=0.00100 (96s)
[P_fixed_H2_a3_lam1_seed42] epoch 24 steps=15000 total=0.0288 base=0.0189 (bce=0.0011 reg=0.0329 mono=0.0028) cps=0.0099 amp_skipped=0 g_base=0.00131 g_cps=0 val_loss=11.0481 val_AP@1.0=0.7352 lr=0.00100 (98s)
[P_fixed_H2_a3_lam1_seed42] epoch 25 steps=15600 total=0.0287 base=0.0186 (bce=0.0010 reg=0.0325 mono=0.0028) cps=0.0101 amp_skipped=1 g_base=0.0102 g_cps=0 val_loss=10.3934 val_AP@1.0=0.7337 lr=0.00100 (100s)
[P_fixed_H2_a3_lam1_seed42] epoch 26 steps=16200 total=0.0289 base=0.0189 (bce=0.0011 reg=0.0327 mono=0.0029) cps=0.0100 amp_skipped=0 g_base=0.0313 g_cps=0.0319 val_loss=12.5408 val_AP@1.0=0.7348 lr=0.00100 (98s)
[P_fixed_H2_a3_lam1_seed42] epoch 27 steps=16800 total=0.0274 base=0.0178 (bce=0.0010 reg=0.0312 mono=0.0024) cps=0.0096 amp_skipped=0 g_base=0.0333 g_cps=0.0374 val_loss=12.3653 val_AP@1.0=0.7345 lr=0.00100 (94s)
[P_fixed_H2_a3_lam1_seed42] epoch 28 steps=17400 total=0.0275 base=0.0178 (bce=0.0010 reg=0.0313 mono=0.0024) cps=0.0097 amp_skipped=1 g_base=0.0336 g_cps=0.0303 val_loss=11.4305 val_AP@1.0=0.7279 lr=0.00100 (99s)
[P_fixed_H2_a3_lam1_seed42] epoch 29 steps=18000 total=0.0276 base=0.0181 (bce=0.0011 reg=0.0315 mono=0.0025) cps=0.0095 amp_skipped=0 g_base=0.0187 g_cps=0.00723 val_loss=13.0600 val_AP@1.0=0.7276 lr=0.00100 (96s)
[P_fixed_H2_a3_lam1_seed42] epoch 30 steps=18600 total=0.0272 base=0.0177 (bce=0.0010 reg=0.0308 mono=0.0025) cps=0.0096 amp_skipped=0 g_base=0.000509 g_cps=0 val_loss=12.9094 val_AP@1.0=0.7246 lr=0.00100 (97s)
[P_fixed_H2_a3_lam1_seed42] epoch 31 steps=19200 total=0.0263 base=0.0170 (bce=0.0009 reg=0.0297 mono=0.0025) cps=0.0093 amp_skipped=0 g_base=0.0284 g_cps=0.0202 val_loss=11.1619 val_AP@1.0=0.7230 lr=0.00100 (100s)
[P_fixed_H2_a3_lam1_seed42] epoch 32 steps=19800 total=0.0264 base=0.0172 (bce=0.0011 reg=0.0298 mono=0.0024) cps=0.0092 amp_skipped=1 g_base=0.00526 g_cps=0.00171 val_loss=13.3774 val_AP@1.0=0.7280 lr=0.00100 (98s)
[P_fixed_H2_a3_lam1_seed42] epoch 33 steps=20400 total=0.0261 base=0.0170 (bce=0.0009 reg=0.0297 mono=0.0025) cps=0.0091 amp_skipped=0 g_base=0.0368 g_cps=0.0308 val_loss=12.8174 val_AP@1.0=0.7291 lr=0.00100 (93s)
[P_fixed_H2_a3_lam1_seed42] epoch 34 steps=21000 total=0.0252 base=0.0164 (bce=0.0009 reg=0.0287 mono=0.0023) cps=0.0088 amp_skipped=0 g_base=0.0131 g_cps=0.0329 val_loss=11.8679 val_AP@1.0=0.7280 lr=0.00100 (94s)
[P_fixed_H2_a3_lam1_seed42] epoch 35 steps=21600 total=0.0252 base=0.0165 (bce=0.0009 reg=0.0288 mono=0.0023) cps=0.0087 amp_skipped=1 g_base=0.0345 g_cps=0.0323 val_loss=12.4063 val_AP@1.0=0.7235 lr=0.00100 (95s)
[P_fixed_H2_a3_lam1_seed42] epoch 36 steps=22200 total=0.0264 base=0.0170 (bce=0.0009 reg=0.0297 mono=0.0024) cps=0.0094 amp_skipped=0 g_base=0.0118 g_cps=0.0153 val_loss=12.9299 val_AP@1.0=0.7281 lr=0.00100 (94s)
[P_fixed_H2_a3_lam1_seed42] epoch 37 steps=22800 total=0.0249 base=0.0162 (bce=0.0008 reg=0.0286 mono=0.0022) cps=0.0086 amp_skipped=0 g_base=0.0208 g_cps=0.045 val_loss=13.5352 val_AP@1.0=0.7282 lr=0.00100 (99s)
[P_fixed_H2_a3_lam1_seed42] epoch 38 steps=23400 total=0.0250 base=0.0161 (bce=0.0009 reg=0.0282 mono=0.0022) cps=0.0089 amp_skipped=1 g_base=0.000738 g_cps=0 val_loss=12.3633 val_AP@1.0=0.7246 lr=0.00100 (99s)
[P_fixed_H2_a3_lam1_seed42] epoch 39 steps=24000 total=0.0245 base=0.0158 (bce=0.0008 reg=0.0278 mono=0.0023) cps=0.0087 amp_skipped=0 g_base=0.026 g_cps=0.0385 val_loss=12.6650 val_AP@1.0=0.7192 lr=0.00010 (100s)
[P_fixed_H2_a3_lam1_seed42] epoch 40 steps=24600 total=0.0245 base=0.0159 (bce=0.0009 reg=0.0275 mono=0.0024) cps=0.0086 amp_skipped=0 g_base=0.000938 g_cps=0 val_loss=13.4060 val_AP@1.0=0.7248 lr=0.00010 (98s)
[P_fixed_H2_a3_lam1_seed42] epoch 41 steps=25200 total=0.0242 base=0.0155 (bce=0.0008 reg=0.0270 mono=0.0023) cps=0.0087 amp_skipped=0 g_base=0.00571 g_cps=0.00163 val_loss=12.4978 val_AP@1.0=0.7242 lr=0.00010 (93s)
[P_fixed_H2_a3_lam1_seed42] epoch 42 steps=25800 total=0.0247 base=0.0159 (bce=0.0008 reg=0.0280 mono=0.0023) cps=0.0087 amp_skipped=1 g_base=0.000251 g_cps=0 val_loss=14.0037 val_AP@1.0=0.7246 lr=0.00010 (99s)
[P_fixed_H2_a3_lam1_seed42] epoch 43 steps=26400 total=0.0246 base=0.0157 (bce=0.0007 reg=0.0278 mono=0.0022) cps=0.0089 amp_skipped=0 g_base=0.00144 g_cps=0 val_loss=12.2284 val_AP@1.0=0.7184 lr=0.00010 (99s)
[P_fixed_H2_a3_lam1_seed42] epoch 44 steps=27000 total=0.0245 base=0.0159 (bce=0.0009 reg=0.0277 mono=0.0022) cps=0.0086 amp_skipped=0 g_base=0.0358 g_cps=0.0462 val_loss=11.4600 val_AP@1.0=0.7198 lr=0.00010 (100s)
[P_fixed_H2_a3_lam1_seed42] epoch 45 steps=27600 total=0.0243 base=0.0157 (bce=0.0008 reg=0.0275 mono=0.0023) cps=0.0086 amp_skipped=1 g_base=0.0426 g_cps=0.0208 val_loss=11.8713 val_AP@1.0=0.7266 lr=0.00010 (99s)
[P_fixed_H2_a3_lam1_seed42] epoch 46 steps=28200 total=0.0232 base=0.0151 (bce=0.0008 reg=0.0266 mono=0.0021) cps=0.0080 amp_skipped=0 g_base=0.0241 g_cps=0.0644 val_loss=11.4043 val_AP@1.0=0.7284 lr=0.00010 (98s)
[P_fixed_H2_a3_lam1_seed42] epoch 47 steps=28800 total=0.0242 base=0.0157 (bce=0.0008 reg=0.0276 mono=0.0022) cps=0.0084 amp_skipped=0 g_base=0.0214 g_cps=0.0546 val_loss=11.7719 val_AP@1.0=0.7298 lr=0.00010 (99s)
[P_fixed_H2_a3_lam1_seed42] epoch 48 steps=29400 total=0.0246 base=0.0160 (bce=0.0008 reg=0.0281 mono=0.0022) cps=0.0086 amp_skipped=0 g_base=0.0413 g_cps=0.0961 val_loss=11.3883 val_AP@1.0=0.7265 lr=0.00010 (99s)
[P_fixed_H2_a3_lam1_seed42] epoch 49 steps=30000 total=0.0248 base=0.0159 (bce=0.0007 reg=0.0282 mono=0.0022) cps=0.0089 amp_skipped=1 g_base=0.000549 g_cps=0 val_loss=13.0081 val_AP@1.0=0.7245 lr=0.00010 (99s)
[P_fixed_H2_a3_lam1_seed42] COMPLETE -> /workspace/CPV301/outputs_progress/runs/P_fixed_H2_a3_lam1_seed42
[2026-10-05 12:45:15] DONE  seed42_P_H2.0
[2026-10-05 12:45:19] START seed42_S_H2.0
+ python -u reeval/re14_train_progress_riskprop.py --condition S --seed 42 --horizon-sec 2.0 --lambda-prog 1.0 --pairing-mode fixed --alpha 3.0 --cache-root /workspace/CPV301/data/nexar_cache_riskprop --cache-5f /workspace/CPV301/data/nexar_cache_5f --sidecar /workspace/CPV301/outputs_progress/sidecar/sidecar.json --split-manifest /workspace/CPV301/results/repro/split_manifest_seed42.json --output-root /workspace/CPV301/outputs_progress --num-workers 4 --audit /workspace/CPV301/outputs_progress/audit/audit_summary.json --lock-file /workspace/CPV301/outputs_progress/LOCK.json --full-run
Using cache found in /root/.cache/torch/hub/facebookresearch_pytorchvideo_main
verifying train cache content digest (hashing every cached .pt) ...
{
  "version": "v4.0.0",
  "config": {
    "condition": "S",
    "cps_mode": "binary",
    "use_ffr": true,
    "use_amc": true,
    "pairing_mode": "fixed",
    "horizon_sec": 2.0,
    "alpha": 3.0,
    "lambda_prog": 1.0,
    "seed": 42,
    "epochs": 50,
    "max_steps": 0,
    "epochs_budget": 50,
    "batch_size": 2,
    "lr": 0.01,
    "momentum": 0.9,
    "weight_decay": 0.0001,
    "lr_decay_epochs": [
      20,
      40
    ],
    "checkpoint_rule_train": "best = lowest val BCE @1.0s lead; latest = last epoch",
    "cps_boundary": "tau<=0 excluded (PRE-ACT assigns 1); anchors k=0,k=11 excluded",
    "cps_loss": "smooth_l1(beta=1) on sigmoid(z) fp32, per-video mean then mean over videos",
    "full_run": true,
    "research_result": true,
    "synthetic": false,
    "model": "riskprop",
    "limit_videos": 0,
    "limit_val": 0,
    "run_name": "S_fixed_H2_a3_lam1_seed42",
    "resume_policy": "epoch boundary only; RNG restored on CPU; no bitwise mid-epoch continuation"
  },
  "init_state_sha256": "4e6b4b4d2e3dd6073928316d815fb4da3c5088013b91f299f197b64b7b4d7cd8",
  "inputs": {
    "split_manifest_sha256": "61b9e983c58722eb7b100f7d969ef55df32acc0c016aefcfed0be37ef36cdda2",
    "train_index_sha256": "2f2cb85117f2ed3fe8e2e0bbe1c7f802c2490208919dfea9a765778a41a9d3a0",
    "val_index_sha256": "ba898811bb7d126cea8babb16545c2e8a8528c58f9216b620ab8280b1e71cb8b",
    "sidecar_sha256": "e94392bda9163149ba2b5e1e189bc010c4a268560b2a16aed379eecd4d6e05cf",
    "audit_sha256": "cc5452b575ce905ca9e3277b0f7f7b0274017d86606a1d7e98b293ec20baecc0",
    "lock_sha256": "347623b1638bd1b5914a156e94e73465828ecd8d139f4cc30023be6907d960c7",
    "audit": "/workspace/CPV301/outputs_progress/audit/audit_summary.json",
    "lock_file": "/workspace/CPV301/outputs_progress/LOCK.json",
    "val_cache_digest": "67491cd00112b143b99ffb72ae3e0d12d9c783ca14e06f3ace266f73ab1127c4",
    "train_cache_digest": "315b0d92699ce2bae760bece5355b2babeead9bc4f8f895700930df5e9da2a6b"
  }
}
/workspace/CPV301/pipeline/cell32_riskprop_loss.py:154: UserWarning: Converting a tensor with requires_grad=True to a scalar may lead to unexpected behavior.
Consider using tensor.detach() first. (Triggered internally at /pytorch/torch/csrc/autograd/generated/python_variable_methods.cpp:836.)
  return total, {"bce": L_bce.item(), "reg": float(L_reg), "mono": float(L_mono)}
[S_fixed_H2_a3_lam1_seed42] epoch  0 steps=600 total=0.7277 base=0.6467 (bce=0.6275 reg=0.0108 mono=0.0276) cps=0.0810 amp_skipped=1 g_base=5.55 g_cps=0.61 val_loss=4.5124 val_AP@1.0=0.6589 lr=0.01000 (99s)
  * best.pth (val_loss=4.5124)
[S_fixed_H2_a3_lam1_seed42] epoch  1 steps=1200 total=0.5592 base=0.4834 (bce=0.4526 reg=0.0246 mono=0.0371) cps=0.0758 amp_skipped=0 g_base=0.628 g_cps=0.0502 val_loss=4.4961 val_AP@1.0=0.6550 lr=0.01000 (97s)
  * best.pth (val_loss=4.4961)
[S_fixed_H2_a3_lam1_seed42] epoch  2 steps=1800 total=0.4534 base=0.3784 (bce=0.3448 reg=0.0320 mono=0.0352) cps=0.0750 amp_skipped=0 g_base=0.724 g_cps=0.07 val_loss=6.6548 val_AP@1.0=0.6463 lr=0.01000 (100s)
[S_fixed_H2_a3_lam1_seed42] epoch  3 steps=2400 total=0.3792 base=0.3042 (bce=0.2686 reg=0.0386 mono=0.0326) cps=0.0750 amp_skipped=0 g_base=0.421 g_cps=0 val_loss=9.1878 val_AP@1.0=0.6587 lr=0.01000 (97s)
[S_fixed_H2_a3_lam1_seed42] epoch  4 steps=3000 total=0.3157 base=0.2438 (bce=0.2100 reg=0.0407 mono=0.0269) cps=0.0719 amp_skipped=0 g_base=0.857 g_cps=0.0691 val_loss=4.4112 val_AP@1.0=0.6669 lr=0.01000 (98s)
  * best.pth (val_loss=4.4112)
[S_fixed_H2_a3_lam1_seed42] epoch  5 steps=3600 total=0.2422 base=0.1726 (bce=0.1383 reg=0.0470 mono=0.0217) cps=0.0695 amp_skipped=0 g_base=0.423 g_cps=0.0584 val_loss=6.1715 val_AP@1.0=0.6842 lr=0.01000 (99s)
[S_fixed_H2_a3_lam1_seed42] epoch  6 steps=4200 total=0.2368 base=0.1651 (bce=0.1283 reg=0.0499 mono=0.0236) cps=0.0717 amp_skipped=0 g_base=0.0217 g_cps=0.022 val_loss=13.4214 val_AP@1.0=0.6583 lr=0.01000 (99s)
[S_fixed_H2_a3_lam1_seed42] epoch  7 steps=4800 total=0.1638 base=0.0930 (bce=0.0597 reg=0.0504 mono=0.0163) cps=0.0708 amp_skipped=1 g_base=0.0651 g_cps=0 val_loss=11.5717 val_AP@1.0=0.6818 lr=0.01000 (100s)
[S_fixed_H2_a3_lam1_seed42] epoch  8 steps=5400 total=0.1487 base=0.0831 (bce=0.0504 reg=0.0519 mono=0.0134) cps=0.0656 amp_skipped=0 g_base=0.302 g_cps=0.0805 val_loss=12.0987 val_AP@1.0=0.6880 lr=0.01000 (100s)
[S_fixed_H2_a3_lam1_seed42] epoch  9 steps=6000 total=0.1618 base=0.1006 (bce=0.0653 reg=0.0543 mono=0.0162) cps=0.0612 amp_skipped=0 g_base=0.208 g_cps=0 val_loss=14.0836 val_AP@1.0=0.6272 lr=0.01000 (99s)
[S_fixed_H2_a3_lam1_seed42] epoch 10 steps=6600 total=0.1383 base=0.0786 (bce=0.0470 reg=0.0513 mono=0.0119) cps=0.0597 amp_skipped=0 g_base=0.161 g_cps=0 val_loss=14.4197 val_AP@1.0=0.6905 lr=0.01000 (99s)
[S_fixed_H2_a3_lam1_seed42] epoch 11 steps=7200 total=0.1192 base=0.0679 (bce=0.0368 reg=0.0525 mono=0.0098) cps=0.0513 amp_skipped=0 g_base=0.096 g_cps=0.038 val_loss=8.8184 val_AP@1.0=0.7071 lr=0.01000 (99s)
[S_fixed_H2_a3_lam1_seed42] epoch 12 steps=7800 total=0.1772 base=0.1196 (bce=0.0852 reg=0.0527 mono=0.0161) cps=0.0575 amp_skipped=2 g_base=0.0296 g_cps=0.0447 val_loss=11.2676 val_AP@1.0=0.7021 lr=0.01000 (99s)
[S_fixed_H2_a3_lam1_seed42] epoch 13 steps=8400 total=0.1065 base=0.0566 (bce=0.0254 reg=0.0507 mono=0.0117) cps=0.0499 amp_skipped=0 g_base=0.172 g_cps=0.0182 val_loss=12.6582 val_AP@1.0=0.6862 lr=0.01000 (98s)
[S_fixed_H2_a3_lam1_seed42] epoch 14 steps=9000 total=0.0799 base=0.0410 (bce=0.0112 reg=0.0512 mono=0.0084) cps=0.0389 amp_skipped=0 g_base=0.00971 g_cps=0.00715 val_loss=11.8606 val_AP@1.0=0.7126 lr=0.01000 (98s)
[S_fixed_H2_a3_lam1_seed42] epoch 15 steps=9600 total=0.0626 base=0.0333 (bce=0.0053 reg=0.0509 mono=0.0050) cps=0.0294 amp_skipped=0 g_base=0.0164 g_cps=0.0193 val_loss=9.1492 val_AP@1.0=0.7125 lr=0.01000 (99s)
[S_fixed_H2_a3_lam1_seed42] epoch 16 steps=10200 total=0.0611 base=0.0354 (bce=0.0051 reg=0.0543 mono=0.0062) cps=0.0257 amp_skipped=0 g_base=0.0456 g_cps=0.0383 val_loss=8.6590 val_AP@1.0=0.7061 lr=0.01000 (98s)
[S_fixed_H2_a3_lam1_seed42] epoch 17 steps=10800 total=0.0550 base=0.0322 (bce=0.0027 reg=0.0532 mono=0.0058) cps=0.0228 amp_skipped=0 g_base=0.0409 g_cps=0.0494 val_loss=13.7791 val_AP@1.0=0.6987 lr=0.01000 (92s)
[S_fixed_H2_a3_lam1_seed42] epoch 18 steps=11400 total=0.0516 base=0.0307 (bce=0.0024 reg=0.0518 mono=0.0048) cps=0.0208 amp_skipped=0 g_base=0.000608 g_cps=0 val_loss=13.1334 val_AP@1.0=0.6880 lr=0.01000 (99s)
[S_fixed_H2_a3_lam1_seed42] epoch 19 steps=12000 total=0.1713 base=0.1260 (bce=0.0938 reg=0.0496 mono=0.0149) cps=0.0453 amp_skipped=0 g_base=0.00908 g_cps=0 val_loss=10.3505 val_AP@1.0=0.6676 lr=0.00100 (99s)
[S_fixed_H2_a3_lam1_seed42] epoch 20 steps=12600 total=0.0850 base=0.0490 (bce=0.0204 reg=0.0473 mono=0.0100) cps=0.0360 amp_skipped=0 g_base=0.101 g_cps=0 val_loss=11.2413 val_AP@1.0=0.7047 lr=0.00100 (99s)
[S_fixed_H2_a3_lam1_seed42] epoch 21 steps=13200 total=0.0655 base=0.0356 (bce=0.0096 reg=0.0447 mono=0.0072) cps=0.0299 amp_skipped=0 g_base=0.0817 g_cps=0.0388 val_loss=10.2832 val_AP@1.0=0.7093 lr=0.00100 (99s)
[S_fixed_H2_a3_lam1_seed42] epoch 22 steps=13800 total=0.0601 base=0.0346 (bce=0.0084 reg=0.0460 mono=0.0066) cps=0.0254 amp_skipped=1 g_base=0.0643 g_cps=0.0359 val_loss=11.2258 val_AP@1.0=0.7146 lr=0.00100 (100s)
[S_fixed_H2_a3_lam1_seed42] epoch 23 steps=14400 total=0.0548 base=0.0317 (bce=0.0064 reg=0.0444 mono=0.0061) cps=0.0231 amp_skipped=0 g_base=0.0341 g_cps=0.0625 val_loss=11.4150 val_AP@1.0=0.7197 lr=0.00100 (99s)
[S_fixed_H2_a3_lam1_seed42] epoch 24 steps=15000 total=0.0529 base=0.0316 (bce=0.0057 reg=0.0460 mono=0.0057) cps=0.0213 amp_skipped=0 g_base=0.01 g_cps=0 val_loss=10.4134 val_AP@1.0=0.7130 lr=0.00100 (99s)
[S_fixed_H2_a3_lam1_seed42] epoch 25 steps=15600 total=0.0511 base=0.0305 (bce=0.0051 reg=0.0457 mono=0.0050) cps=0.0206 amp_skipped=1 g_base=0.21 g_cps=0 val_loss=10.8423 val_AP@1.0=0.7089 lr=0.00100 (99s)
[S_fixed_H2_a3_lam1_seed42] epoch 26 steps=16200 total=0.0491 base=0.0302 (bce=0.0044 reg=0.0464 mono=0.0052) cps=0.0188 amp_skipped=0 g_base=0.0229 g_cps=0.000222 val_loss=10.1823 val_AP@1.0=0.7065 lr=0.00100 (99s)
[S_fixed_H2_a3_lam1_seed42] epoch 27 steps=16800 total=0.0467 base=0.0293 (bce=0.0042 reg=0.0457 mono=0.0046) cps=0.0174 amp_skipped=0 g_base=0.0187 g_cps=0.0371 val_loss=11.8308 val_AP@1.0=0.7031 lr=0.00100 (101s)
[S_fixed_H2_a3_lam1_seed42] epoch 28 steps=17400 total=0.0464 base=0.0293 (bce=0.0038 reg=0.0464 mono=0.0046) cps=0.0171 amp_skipped=0 g_base=0.00647 g_cps=0.000654 val_loss=10.4454 val_AP@1.0=0.7085 lr=0.00100 (98s)
[S_fixed_H2_a3_lam1_seed42] epoch 29 steps=18000 total=0.0454 base=0.0291 (bce=0.0035 reg=0.0471 mono=0.0042) cps=0.0163 amp_skipped=1 g_base=0.0134 g_cps=0.0276 val_loss=10.8632 val_AP@1.0=0.7031 lr=0.00100 (100s)
[S_fixed_H2_a3_lam1_seed42] epoch 30 steps=18600 total=0.0443 base=0.0281 (bce=0.0033 reg=0.0457 mono=0.0040) cps=0.0162 amp_skipped=0 g_base=0.0185 g_cps=0 val_loss=11.2585 val_AP@1.0=0.7066 lr=0.00100 (100s)
[S_fixed_H2_a3_lam1_seed42] epoch 31 steps=19200 total=0.0451 base=0.0285 (bce=0.0031 reg=0.0464 mono=0.0043) cps=0.0166 amp_skipped=0 g_base=0.0269 g_cps=0.0294 val_loss=11.7072 val_AP@1.0=0.7031 lr=0.00100 (97s)
[S_fixed_H2_a3_lam1_seed42] epoch 32 steps=19800 total=0.0431 base=0.0284 (bce=0.0027 reg=0.0473 mono=0.0042) cps=0.0148 amp_skipped=1 g_base=0.0197 g_cps=0.0188 val_loss=13.4449 val_AP@1.0=0.6930 lr=0.00100 (97s)
[S_fixed_H2_a3_lam1_seed42] epoch 33 steps=20400 total=0.0431 base=0.0281 (bce=0.0028 reg=0.0465 mono=0.0041) cps=0.0150 amp_skipped=0 g_base=0.0505 g_cps=0.0396 val_loss=11.7734 val_AP@1.0=0.6892 lr=0.00100 (96s)
[S_fixed_H2_a3_lam1_seed42] epoch 34 steps=21000 total=0.0420 base=0.0274 (bce=0.0022 reg=0.0465 mono=0.0038) cps=0.0146 amp_skipped=0 g_base=0.0235 g_cps=0.0587 val_loss=12.3820 val_AP@1.0=0.7049 lr=0.00100 (98s)
[S_fixed_H2_a3_lam1_seed42] epoch 35 steps=21600 total=0.0422 base=0.0274 (bce=0.0021 reg=0.0460 mono=0.0046) cps=0.0148 amp_skipped=0 g_base=0.0571 g_cps=0.0415 val_loss=12.7147 val_AP@1.0=0.6971 lr=0.00100 (97s)
[S_fixed_H2_a3_lam1_seed42] epoch 36 steps=22200 total=0.0422 base=0.0279 (bce=0.0021 reg=0.0476 mono=0.0042) cps=0.0143 amp_skipped=1 g_base=0.0566 g_cps=0.0528 val_loss=10.9034 val_AP@1.0=0.6983 lr=0.00100 (98s)
[S_fixed_H2_a3_lam1_seed42] epoch 37 steps=22800 total=0.0425 base=0.0279 (bce=0.0023 reg=0.0472 mono=0.0041) cps=0.0145 amp_skipped=0 g_base=0.039 g_cps=0.0672 val_loss=11.6870 val_AP@1.0=0.7004 lr=0.00100 (99s)
[S_fixed_H2_a3_lam1_seed42] epoch 38 steps=23400 total=0.0409 base=0.0269 (bce=0.0019 reg=0.0463 mono=0.0037) cps=0.0140 amp_skipped=0 g_base=0.00279 g_cps=0 val_loss=11.5138 val_AP@1.0=0.6969 lr=0.00100 (99s)
[S_fixed_H2_a3_lam1_seed42] epoch 39 steps=24000 total=0.0405 base=0.0272 (bce=0.0018 reg=0.0465 mono=0.0043) cps=0.0133 amp_skipped=1 g_base=0.041 g_cps=0.0755 val_loss=12.5935 val_AP@1.0=0.6907 lr=0.00010 (99s)
[S_fixed_H2_a3_lam1_seed42] epoch 40 steps=24600 total=0.0395 base=0.0268 (bce=0.0018 reg=0.0460 mono=0.0038) cps=0.0127 amp_skipped=0 g_base=0.00342 g_cps=0 val_loss=12.6414 val_AP@1.0=0.6974 lr=0.00010 (100s)
[S_fixed_H2_a3_lam1_seed42] epoch 41 steps=25200 total=0.0403 base=0.0263 (bce=0.0018 reg=0.0449 mono=0.0040) cps=0.0140 amp_skipped=0 g_base=0.0467 g_cps=0.0288 val_loss=13.1767 val_AP@1.0=0.6947 lr=0.00010 (99s)
[S_fixed_H2_a3_lam1_seed42] epoch 42 steps=25800 total=0.0405 base=0.0267 (bce=0.0019 reg=0.0458 mono=0.0037) cps=0.0139 amp_skipped=0 g_base=0.00502 g_cps=0 val_loss=13.2374 val_AP@1.0=0.6935 lr=0.00010 (100s)
[S_fixed_H2_a3_lam1_seed42] epoch 43 steps=26400 total=0.0404 base=0.0268 (bce=0.0021 reg=0.0456 mono=0.0037) cps=0.0137 amp_skipped=1 g_base=0.00228 g_cps=0 val_loss=9.9962 val_AP@1.0=0.7038 lr=0.00010 (100s)
[S_fixed_H2_a3_lam1_seed42] epoch 44 steps=27000 total=0.0405 base=0.0270 (bce=0.0021 reg=0.0458 mono=0.0040) cps=0.0134 amp_skipped=0 g_base=0.0274 g_cps=0.00852 val_loss=10.7427 val_AP@1.0=0.6986 lr=0.00010 (100s)
[S_fixed_H2_a3_lam1_seed42] epoch 45 steps=27600 total=0.0410 base=0.0268 (bce=0.0018 reg=0.0464 mono=0.0037) cps=0.0142 amp_skipped=0 g_base=0.00781 g_cps=0.0036 val_loss=12.1718 val_AP@1.0=0.6957 lr=0.00010 (100s)
[S_fixed_H2_a3_lam1_seed42] epoch 46 steps=28200 total=0.0392 base=0.0260 (bce=0.0020 reg=0.0444 mono=0.0037) cps=0.0132 amp_skipped=1 g_base=0.00985 g_cps=5e-05 val_loss=10.7602 val_AP@1.0=0.6988 lr=0.00010 (99s)
[S_fixed_H2_a3_lam1_seed42] epoch 47 steps=28800 total=0.0404 base=0.0269 (bce=0.0017 reg=0.0463 mono=0.0041) cps=0.0135 amp_skipped=0 g_base=0.0223 g_cps=0.00234 val_loss=10.5068 val_AP@1.0=0.6925 lr=0.00010 (99s)
[S_fixed_H2_a3_lam1_seed42] epoch 48 steps=29400 total=0.0394 base=0.0265 (bce=0.0018 reg=0.0455 mono=0.0040) cps=0.0128 amp_skipped=0 g_base=0.0222 g_cps=2.26e-05 val_loss=10.1927 val_AP@1.0=0.7015 lr=0.00010 (99s)
[S_fixed_H2_a3_lam1_seed42] epoch 49 steps=30000 total=0.0410 base=0.0269 (bce=0.0017 reg=0.0464 mono=0.0039) cps=0.0141 amp_skipped=1 g_base=0.00291 g_cps=0 val_loss=14.2785 val_AP@1.0=0.6933 lr=0.00010 (99s)
[S_fixed_H2_a3_lam1_seed42] COMPLETE -> /workspace/CPV301/outputs_progress/runs/S_fixed_H2_a3_lam1_seed42
[2026-10-05 14:08:29] DONE  seed42_S_H2.0
[2026-10-05 14:08:34] START seed43_B_H2.0
+ python -u reeval/re14_train_progress_riskprop.py --condition B --seed 43 --horizon-sec 2.0 --pairing-mode fixed --alpha 3.0 --cache-root /workspace/CPV301/data/nexar_cache_riskprop --cache-5f /workspace/CPV301/data/nexar_cache_5f --sidecar /workspace/CPV301/outputs_progress/sidecar/sidecar.json --split-manifest /workspace/CPV301/results/repro/split_manifest_seed42.json --output-root /workspace/CPV301/outputs_progress --num-workers 4 --audit /workspace/CPV301/outputs_progress/audit/audit_summary.json --lock-file /workspace/CPV301/outputs_progress/LOCK.json --full-run
Using cache found in /root/.cache/torch/hub/facebookresearch_pytorchvideo_main
verifying train cache content digest (hashing every cached .pt) ...
{
  "version": "v4.0.0",
  "config": {
    "condition": "B",
    "cps_mode": "none",
    "use_ffr": true,
    "use_amc": true,
    "pairing_mode": "fixed",
    "horizon_sec": 2.0,
    "alpha": 3.0,
    "lambda_prog": 0.0,
    "seed": 43,
    "epochs": 50,
    "max_steps": 0,
    "epochs_budget": 50,
    "batch_size": 2,
    "lr": 0.01,
    "momentum": 0.9,
    "weight_decay": 0.0001,
    "lr_decay_epochs": [
      20,
      40
    ],
    "checkpoint_rule_train": "best = lowest val BCE @1.0s lead; latest = last epoch",
    "cps_boundary": "tau<=0 excluded (PRE-ACT assigns 1); anchors k=0,k=11 excluded",
    "cps_loss": "smooth_l1(beta=1) on sigmoid(z) fp32, per-video mean then mean over videos",
    "full_run": true,
    "research_result": true,
    "synthetic": false,
    "model": "riskprop",
    "limit_videos": 0,
    "limit_val": 0,
    "run_name": "B_fixed_seed43",
    "resume_policy": "epoch boundary only; RNG restored on CPU; no bitwise mid-epoch continuation"
  },
  "init_state_sha256": "c0c5cfcfad72a08fb3aa738e7f1187b493073cc7095dcef0c966f33b180e153c",
  "inputs": {
    "split_manifest_sha256": "61b9e983c58722eb7b100f7d969ef55df32acc0c016aefcfed0be37ef36cdda2",
    "train_index_sha256": "2f2cb85117f2ed3fe8e2e0bbe1c7f802c2490208919dfea9a765778a41a9d3a0",
    "val_index_sha256": "ba898811bb7d126cea8babb16545c2e8a8528c58f9216b620ab8280b1e71cb8b",
    "sidecar_sha256": "e94392bda9163149ba2b5e1e189bc010c4a268560b2a16aed379eecd4d6e05cf",
    "audit_sha256": "cc5452b575ce905ca9e3277b0f7f7b0274017d86606a1d7e98b293ec20baecc0",
    "lock_sha256": "347623b1638bd1b5914a156e94e73465828ecd8d139f4cc30023be6907d960c7",
    "audit": "/workspace/CPV301/outputs_progress/audit/audit_summary.json",
    "lock_file": "/workspace/CPV301/outputs_progress/LOCK.json",
    "val_cache_digest": "67491cd00112b143b99ffb72ae3e0d12d9c783ca14e06f3ace266f73ab1127c4",
    "train_cache_digest": "315b0d92699ce2bae760bece5355b2babeead9bc4f8f895700930df5e9da2a6b"
  }
}
/workspace/CPV301/pipeline/cell32_riskprop_loss.py:154: UserWarning: Converting a tensor with requires_grad=True to a scalar may lead to unexpected behavior.
Consider using tensor.detach() first. (Triggered internally at /pytorch/torch/csrc/autograd/generated/python_variable_methods.cpp:836.)
  return total, {"bce": L_bce.item(), "reg": float(L_reg), "mono": float(L_mono)}
[B_fixed_seed43] epoch  0 steps=600 total=0.6582 base=0.6582 (bce=0.6368 reg=0.0124 mono=0.0303) cps=0.0000 amp_skipped=2 g_base=4.94 g_cps=0 val_loss=3.7620 val_AP@1.0=0.5456 lr=0.01000 (98s)
  * best.pth (val_loss=3.7620)
[B_fixed_seed43] epoch  1 steps=1200 total=0.5500 base=0.5500 (bce=0.5231 reg=0.0188 mono=0.0349) cps=0.0000 amp_skipped=0 g_base=0.766 g_cps=0 val_loss=4.4192 val_AP@1.0=0.6802 lr=0.01000 (99s)
[B_fixed_seed43] epoch  2 steps=1800 total=0.4488 base=0.4488 (bce=0.4154 reg=0.0285 mono=0.0383) cps=0.0000 amp_skipped=0 g_base=0.79 g_cps=0 val_loss=4.5982 val_AP@1.0=0.6504 lr=0.01000 (99s)
[B_fixed_seed43] epoch  3 steps=2400 total=0.3819 base=0.3819 (bce=0.3459 reg=0.0330 mono=0.0389) cps=0.0000 amp_skipped=0 g_base=0.507 g_cps=0 val_loss=5.1240 val_AP@1.0=0.6898 lr=0.01000 (99s)
[B_fixed_seed43] epoch  4 steps=3000 total=0.3050 base=0.3050 (bce=0.2681 reg=0.0399 mono=0.0340) cps=0.0000 amp_skipped=0 g_base=0.667 g_cps=0 val_loss=5.4264 val_AP@1.0=0.6167 lr=0.01000 (99s)
[B_fixed_seed43] epoch  5 steps=3600 total=0.2672 base=0.2672 (bce=0.2268 reg=0.0465 mono=0.0345) cps=0.0000 amp_skipped=0 g_base=0.332 g_cps=0 val_loss=6.5311 val_AP@1.0=0.6795 lr=0.01000 (99s)
[B_fixed_seed43] epoch  6 steps=4200 total=0.1801 base=0.1801 (bce=0.1415 reg=0.0499 mono=0.0273) cps=0.0000 amp_skipped=0 g_base=0.25 g_cps=0 val_loss=10.3956 val_AP@1.0=0.6230 lr=0.01000 (99s)
[B_fixed_seed43] epoch  7 steps=4800 total=0.1922 base=0.1922 (bce=0.1501 reg=0.0543 mono=0.0301) cps=0.0000 amp_skipped=1 g_base=0.0451 g_cps=0 val_loss=10.0139 val_AP@1.0=0.6461 lr=0.01000 (101s)
[B_fixed_seed43] epoch  8 steps=5400 total=0.1264 base=0.1264 (bce=0.0871 reg=0.0547 mono=0.0241) cps=0.0000 amp_skipped=0 g_base=0.0261 g_cps=0 val_loss=11.1426 val_AP@1.0=0.6437 lr=0.01000 (100s)
[B_fixed_seed43] epoch  9 steps=6000 total=0.0708 base=0.0708 (bce=0.0360 reg=0.0561 mono=0.0134) cps=0.0000 amp_skipped=0 g_base=0.0645 g_cps=0 val_loss=7.1968 val_AP@1.0=0.6978 lr=0.01000 (99s)
[B_fixed_seed43] epoch 10 steps=6600 total=0.1475 base=0.1475 (bce=0.1046 reg=0.0606 mono=0.0251) cps=0.0000 amp_skipped=0 g_base=0.299 g_cps=0 val_loss=8.9733 val_AP@1.0=0.6798 lr=0.01000 (97s)
[B_fixed_seed43] epoch 11 steps=7200 total=0.1037 base=0.1037 (bce=0.0673 reg=0.0565 mono=0.0162) cps=0.0000 amp_skipped=0 g_base=0.882 g_cps=0 val_loss=3.5963 val_AP@1.0=0.7399 lr=0.01000 (99s)
  * best.pth (val_loss=3.5963)
[B_fixed_seed43] epoch 12 steps=7800 total=0.1115 base=0.1115 (bce=0.0729 reg=0.0560 mono=0.0213) cps=0.0000 amp_skipped=0 g_base=0.0243 g_cps=0 val_loss=17.1922 val_AP@1.0=0.6462 lr=0.01000 (92s)
[B_fixed_seed43] epoch 13 steps=8400 total=0.0562 base=0.0562 (bce=0.0234 reg=0.0564 mono=0.0093) cps=0.0000 amp_skipped=0 g_base=0.0896 g_cps=0 val_loss=15.9539 val_AP@1.0=0.6636 lr=0.01000 (98s)
[B_fixed_seed43] epoch 14 steps=9000 total=0.0745 base=0.0745 (bce=0.0395 reg=0.0568 mono=0.0131) cps=0.0000 amp_skipped=1 g_base=0.00772 g_cps=0 val_loss=20.3726 val_AP@1.0=0.6986 lr=0.01000 (99s)
[B_fixed_seed43] epoch 15 steps=9600 total=0.0550 base=0.0550 (bce=0.0208 reg=0.0590 mono=0.0095) cps=0.0000 amp_skipped=0 g_base=0.156 g_cps=0 val_loss=18.9735 val_AP@1.0=0.6470 lr=0.01000 (99s)
[B_fixed_seed43] epoch 16 steps=10200 total=0.0409 base=0.0409 (bce=0.0105 reg=0.0530 mono=0.0078) cps=0.0000 amp_skipped=0 g_base=0.0273 g_cps=0 val_loss=22.9143 val_AP@1.0=0.6720 lr=0.01000 (98s)
[B_fixed_seed43] epoch 17 steps=10800 total=0.0320 base=0.0320 (bce=0.0035 reg=0.0513 mono=0.0058) cps=0.0000 amp_skipped=0 g_base=0.0394 g_cps=0 val_loss=17.7346 val_AP@1.0=0.6887 lr=0.01000 (98s)
[B_fixed_seed43] epoch 18 steps=11400 total=0.0335 base=0.0335 (bce=0.0032 reg=0.0547 mono=0.0059) cps=0.0000 amp_skipped=0 g_base=0.0491 g_cps=0 val_loss=20.1901 val_AP@1.0=0.6609 lr=0.01000 (100s)
[B_fixed_seed43] epoch 19 steps=12000 total=0.0338 base=0.0338 (bce=0.0033 reg=0.0544 mono=0.0065) cps=0.0000 amp_skipped=0 g_base=0.00405 g_cps=0 val_loss=18.1223 val_AP@1.0=0.6882 lr=0.00100 (99s)
[B_fixed_seed43] epoch 20 steps=12600 total=0.0318 base=0.0318 (bce=0.0027 reg=0.0527 mono=0.0057) cps=0.0000 amp_skipped=0 g_base=0.0212 g_cps=0 val_loss=18.0435 val_AP@1.0=0.6860 lr=0.00100 (99s)
[B_fixed_seed43] epoch 21 steps=13200 total=0.0324 base=0.0324 (bce=0.0023 reg=0.0537 mono=0.0065) cps=0.0000 amp_skipped=1 g_base=0.0279 g_cps=0 val_loss=17.5471 val_AP@1.0=0.6840 lr=0.00100 (99s)
[B_fixed_seed43] epoch 22 steps=13800 total=0.0326 base=0.0326 (bce=0.0029 reg=0.0541 mono=0.0053) cps=0.0000 amp_skipped=0 g_base=0.0324 g_cps=0 val_loss=16.0860 val_AP@1.0=0.6912 lr=0.00100 (100s)
[B_fixed_seed43] epoch 23 steps=14400 total=0.0313 base=0.0313 (bce=0.0028 reg=0.0522 mono=0.0050) cps=0.0000 amp_skipped=0 g_base=0.000806 g_cps=0 val_loss=15.2728 val_AP@1.0=0.6954 lr=0.00100 (92s)
[B_fixed_seed43] epoch 24 steps=15000 total=0.0314 base=0.0314 (bce=0.0025 reg=0.0523 mono=0.0056) cps=0.0000 amp_skipped=0 g_base=0.00592 g_cps=0 val_loss=16.6978 val_AP@1.0=0.6995 lr=0.00100 (92s)
[B_fixed_seed43] epoch 25 steps=15600 total=0.0323 base=0.0323 (bce=0.0025 reg=0.0536 mono=0.0060) cps=0.0000 amp_skipped=1 g_base=0.0247 g_cps=0 val_loss=12.7532 val_AP@1.0=0.6992 lr=0.00100 (92s)
[B_fixed_seed43] epoch 26 steps=16200 total=0.0322 base=0.0322 (bce=0.0028 reg=0.0537 mono=0.0050) cps=0.0000 amp_skipped=0 g_base=0.0161 g_cps=0 val_loss=11.9239 val_AP@1.0=0.7035 lr=0.00100 (92s)
[B_fixed_seed43] epoch 27 steps=16800 total=0.0323 base=0.0323 (bce=0.0024 reg=0.0534 mono=0.0065) cps=0.0000 amp_skipped=0 g_base=0.0316 g_cps=0 val_loss=14.8980 val_AP@1.0=0.7000 lr=0.00100 (92s)
[B_fixed_seed43] epoch 28 steps=17400 total=0.0324 base=0.0324 (bce=0.0025 reg=0.0542 mono=0.0058) cps=0.0000 amp_skipped=1 g_base=0.00577 g_cps=0 val_loss=14.3106 val_AP@1.0=0.7072 lr=0.00100 (99s)
[B_fixed_seed43] epoch 29 steps=18000 total=0.0320 base=0.0320 (bce=0.0023 reg=0.0532 mono=0.0061) cps=0.0000 amp_skipped=0 g_base=0.00742 g_cps=0 val_loss=14.5340 val_AP@1.0=0.6982 lr=0.00100 (101s)
[B_fixed_seed43] epoch 30 steps=18600 total=0.0330 base=0.0330 (bce=0.0030 reg=0.0547 mono=0.0053) cps=0.0000 amp_skipped=0 g_base=0.0433 g_cps=0 val_loss=14.5736 val_AP@1.0=0.7032 lr=0.00100 (100s)
[B_fixed_seed43] epoch 31 steps=19200 total=0.0337 base=0.0337 (bce=0.0031 reg=0.0553 mono=0.0060) cps=0.0000 amp_skipped=1 g_base=0.0432 g_cps=0 val_loss=13.7726 val_AP@1.0=0.7124 lr=0.00100 (100s)
[B_fixed_seed43] epoch 32 steps=19800 total=0.0326 base=0.0326 (bce=0.0033 reg=0.0532 mono=0.0054) cps=0.0000 amp_skipped=0 g_base=0.0353 g_cps=0 val_loss=15.2620 val_AP@1.0=0.7116 lr=0.00100 (92s)
[B_fixed_seed43] epoch 33 steps=20400 total=0.0326 base=0.0326 (bce=0.0024 reg=0.0543 mono=0.0060) cps=0.0000 amp_skipped=0 g_base=0.0122 g_cps=0 val_loss=11.0614 val_AP@1.0=0.7178 lr=0.00100 (92s)
[B_fixed_seed43] epoch 34 steps=21000 total=0.0326 base=0.0326 (bce=0.0029 reg=0.0525 mono=0.0068) cps=0.0000 amp_skipped=0 g_base=0.00636 g_cps=0 val_loss=13.3529 val_AP@1.0=0.7176 lr=0.00100 (98s)
[B_fixed_seed43] epoch 35 steps=21600 total=0.0330 base=0.0330 (bce=0.0028 reg=0.0543 mono=0.0060) cps=0.0000 amp_skipped=1 g_base=0.29 g_cps=0 val_loss=14.7008 val_AP@1.0=0.7111 lr=0.00100 (99s)
[B_fixed_seed43] epoch 36 steps=22200 total=0.0326 base=0.0326 (bce=0.0031 reg=0.0527 mono=0.0062) cps=0.0000 amp_skipped=0 g_base=0.0269 g_cps=0 val_loss=11.0403 val_AP@1.0=0.7145 lr=0.00100 (92s)
[B_fixed_seed43] epoch 37 steps=22800 total=0.0328 base=0.0328 (bce=0.0029 reg=0.0537 mono=0.0060) cps=0.0000 amp_skipped=0 g_base=0.00566 g_cps=0 val_loss=10.9210 val_AP@1.0=0.7191 lr=0.00100 (92s)
[B_fixed_seed43] epoch 38 steps=23400 total=0.0323 base=0.0323 (bce=0.0035 reg=0.0521 mono=0.0056) cps=0.0000 amp_skipped=1 g_base=0.0185 g_cps=0 val_loss=11.3856 val_AP@1.0=0.7134 lr=0.00100 (92s)
[B_fixed_seed43] epoch 39 steps=24000 total=0.0324 base=0.0324 (bce=0.0033 reg=0.0522 mono=0.0061) cps=0.0000 amp_skipped=0 g_base=0.0608 g_cps=0 val_loss=10.3517 val_AP@1.0=0.7163 lr=0.00010 (92s)
[B_fixed_seed43] epoch 40 steps=24600 total=0.0319 base=0.0319 (bce=0.0033 reg=0.0516 mono=0.0056) cps=0.0000 amp_skipped=0 g_base=0.0117 g_cps=0 val_loss=10.8542 val_AP@1.0=0.7036 lr=0.00010 (95s)
[B_fixed_seed43] epoch 41 steps=25200 total=0.0331 base=0.0331 (bce=0.0039 reg=0.0530 mono=0.0055) cps=0.0000 amp_skipped=0 g_base=0.0903 g_cps=0 val_loss=12.2121 val_AP@1.0=0.7198 lr=0.00010 (96s)
[B_fixed_seed43] epoch 42 steps=25800 total=0.0312 base=0.0312 (bce=0.0032 reg=0.0507 mono=0.0054) cps=0.0000 amp_skipped=1 g_base=0.00123 g_cps=0 val_loss=12.5519 val_AP@1.0=0.7127 lr=0.00010 (92s)
[B_fixed_seed43] epoch 43 steps=26400 total=0.0320 base=0.0320 (bce=0.0026 reg=0.0535 mono=0.0052) cps=0.0000 amp_skipped=0 g_base=0.268 g_cps=0 val_loss=12.3096 val_AP@1.0=0.7235 lr=0.00010 (92s)
[B_fixed_seed43] epoch 44 steps=27000 total=0.0333 base=0.0333 (bce=0.0034 reg=0.0539 mono=0.0061) cps=0.0000 amp_skipped=0 g_base=0.0168 g_cps=0 val_loss=10.5963 val_AP@1.0=0.7267 lr=0.00010 (93s)
[B_fixed_seed43] epoch 45 steps=27600 total=0.0308 base=0.0308 (bce=0.0031 reg=0.0507 mono=0.0047) cps=0.0000 amp_skipped=1 g_base=0.00317 g_cps=0 val_loss=12.6004 val_AP@1.0=0.7140 lr=0.00010 (93s)
[B_fixed_seed43] epoch 46 steps=28200 total=0.0325 base=0.0325 (bce=0.0030 reg=0.0534 mono=0.0056) cps=0.0000 amp_skipped=0 g_base=0.00378 g_cps=0 val_loss=11.1172 val_AP@1.0=0.7136 lr=0.00010 (93s)
[B_fixed_seed43] epoch 47 steps=28800 total=0.0315 base=0.0315 (bce=0.0027 reg=0.0524 mono=0.0054) cps=0.0000 amp_skipped=0 g_base=0.00183 g_cps=0 val_loss=11.4421 val_AP@1.0=0.7252 lr=0.00010 (92s)
[B_fixed_seed43] epoch 48 steps=29400 total=0.0318 base=0.0318 (bce=0.0027 reg=0.0522 mono=0.0059) cps=0.0000 amp_skipped=0 g_base=0.0241 g_cps=0 val_loss=12.0005 val_AP@1.0=0.7326 lr=0.00010 (97s)
[B_fixed_seed43] epoch 49 steps=30000 total=0.0336 base=0.0336 (bce=0.0034 reg=0.0543 mono=0.0061) cps=0.0000 amp_skipped=1 g_base=0.00972 g_cps=0 val_loss=12.7585 val_AP@1.0=0.7217 lr=0.00010 (96s)
[B_fixed_seed43] COMPLETE -> /workspace/CPV301/outputs_progress/runs/B_fixed_seed43
[2026-10-05 15:29:47] DONE  seed43_B_H2.0
[2026-10-05 15:29:52] START seed43_P_H2.0
+ python -u reeval/re14_train_progress_riskprop.py --condition P --seed 43 --horizon-sec 2.0 --lambda-prog 1.0 --pairing-mode fixed --alpha 3.0 --cache-root /workspace/CPV301/data/nexar_cache_riskprop --cache-5f /workspace/CPV301/data/nexar_cache_5f --sidecar /workspace/CPV301/outputs_progress/sidecar/sidecar.json --split-manifest /workspace/CPV301/results/repro/split_manifest_seed42.json --output-root /workspace/CPV301/outputs_progress --num-workers 4 --audit /workspace/CPV301/outputs_progress/audit/audit_summary.json --lock-file /workspace/CPV301/outputs_progress/LOCK.json --full-run
Using cache found in /root/.cache/torch/hub/facebookresearch_pytorchvideo_main
verifying train cache content digest (hashing every cached .pt) ...
{
  "version": "v4.0.0",
  "config": {
    "condition": "P",
    "cps_mode": "continuous",
    "use_ffr": true,
    "use_amc": true,
    "pairing_mode": "fixed",
    "horizon_sec": 2.0,
    "alpha": 3.0,
    "lambda_prog": 1.0,
    "seed": 43,
    "epochs": 50,
    "max_steps": 0,
    "epochs_budget": 50,
    "batch_size": 2,
    "lr": 0.01,
    "momentum": 0.9,
    "weight_decay": 0.0001,
    "lr_decay_epochs": [
      20,
      40
    ],
    "checkpoint_rule_train": "best = lowest val BCE @1.0s lead; latest = last epoch",
    "cps_boundary": "tau<=0 excluded (PRE-ACT assigns 1); anchors k=0,k=11 excluded",
    "cps_loss": "smooth_l1(beta=1) on sigmoid(z) fp32, per-video mean then mean over videos",
    "full_run": true,
    "research_result": true,
    "synthetic": false,
    "model": "riskprop",
    "limit_videos": 0,
    "limit_val": 0,
    "run_name": "P_fixed_H2_a3_lam1_seed43",
    "resume_policy": "epoch boundary only; RNG restored on CPU; no bitwise mid-epoch continuation"
  },
  "init_state_sha256": "c0c5cfcfad72a08fb3aa738e7f1187b493073cc7095dcef0c966f33b180e153c",
  "inputs": {
    "split_manifest_sha256": "61b9e983c58722eb7b100f7d969ef55df32acc0c016aefcfed0be37ef36cdda2",
    "train_index_sha256": "2f2cb85117f2ed3fe8e2e0bbe1c7f802c2490208919dfea9a765778a41a9d3a0",
    "val_index_sha256": "ba898811bb7d126cea8babb16545c2e8a8528c58f9216b620ab8280b1e71cb8b",
    "sidecar_sha256": "e94392bda9163149ba2b5e1e189bc010c4a268560b2a16aed379eecd4d6e05cf",
    "audit_sha256": "cc5452b575ce905ca9e3277b0f7f7b0274017d86606a1d7e98b293ec20baecc0",
    "lock_sha256": "347623b1638bd1b5914a156e94e73465828ecd8d139f4cc30023be6907d960c7",
    "audit": "/workspace/CPV301/outputs_progress/audit/audit_summary.json",
    "lock_file": "/workspace/CPV301/outputs_progress/LOCK.json",
    "val_cache_digest": "67491cd00112b143b99ffb72ae3e0d12d9c783ca14e06f3ace266f73ab1127c4",
    "train_cache_digest": "315b0d92699ce2bae760bece5355b2babeead9bc4f8f895700930df5e9da2a6b"
  }
}
/workspace/CPV301/pipeline/cell32_riskprop_loss.py:154: UserWarning: Converting a tensor with requires_grad=True to a scalar may lead to unexpected behavior.
Consider using tensor.detach() first. (Triggered internally at /pytorch/torch/csrc/autograd/generated/python_variable_methods.cpp:836.)
  return total, {"bce": L_bce.item(), "reg": float(L_reg), "mono": float(L_mono)}
[P_fixed_H2_a3_lam1_seed43] epoch  0 steps=600 total=0.7363 base=0.6763 (bce=0.6602 reg=0.0090 mono=0.0231) cps=0.0600 amp_skipped=2 g_base=4.94 g_cps=0.966 val_loss=3.6219 val_AP@1.0=0.5986 lr=0.01000 (100s)
  * best.pth (val_loss=3.6219)
[P_fixed_H2_a3_lam1_seed43] epoch  1 steps=1200 total=0.6831 base=0.6319 (bce=0.6129 reg=0.0111 mono=0.0268) cps=0.0512 amp_skipped=0 g_base=0.622 g_cps=0.0847 val_loss=4.1694 val_AP@1.0=0.6130 lr=0.01000 (96s)
[P_fixed_H2_a3_lam1_seed43] epoch  2 steps=1800 total=0.6250 base=0.5757 (bce=0.5530 reg=0.0156 mono=0.0299) cps=0.0492 amp_skipped=0 g_base=0.719 g_cps=0 val_loss=4.3741 val_AP@1.0=0.5980 lr=0.01000 (94s)
[P_fixed_H2_a3_lam1_seed43] epoch  3 steps=2400 total=0.5691 base=0.5235 (bce=0.4951 reg=0.0222 mono=0.0346) cps=0.0456 amp_skipped=0 g_base=0.354 g_cps=0.0295 val_loss=4.4946 val_AP@1.0=0.6197 lr=0.01000 (94s)
[P_fixed_H2_a3_lam1_seed43] epoch  4 steps=3000 total=0.5149 base=0.4712 (bce=0.4406 reg=0.0262 mono=0.0349) cps=0.0437 amp_skipped=0 g_base=0.687 g_cps=0 val_loss=4.8908 val_AP@1.0=0.6129 lr=0.01000 (97s)
[P_fixed_H2_a3_lam1_seed43] epoch  5 steps=3600 total=0.4350 base=0.3924 (bce=0.3561 reg=0.0366 mono=0.0360) cps=0.0426 amp_skipped=0 g_base=0.446 g_cps=0.0307 val_loss=4.8136 val_AP@1.0=0.6155 lr=0.01000 (97s)
[P_fixed_H2_a3_lam1_seed43] epoch  6 steps=4200 total=0.3871 base=0.3446 (bce=0.3069 reg=0.0411 mono=0.0343) cps=0.0425 amp_skipped=0 g_base=0.24 g_cps=0.0217 val_loss=4.7673 val_AP@1.0=0.6125 lr=0.01000 (94s)
[P_fixed_H2_a3_lam1_seed43] epoch  7 steps=4800 total=0.3293 base=0.2871 (bce=0.2466 reg=0.0463 mono=0.0346) cps=0.0423 amp_skipped=0 g_base=0.353 g_cps=0.0316 val_loss=6.7412 val_AP@1.0=0.6428 lr=0.01000 (95s)
[P_fixed_H2_a3_lam1_seed43] epoch  8 steps=5400 total=0.3033 base=0.2616 (bce=0.2226 reg=0.0482 mono=0.0299) cps=0.0417 amp_skipped=0 g_base=0.149 g_cps=0.0477 val_loss=8.4944 val_AP@1.0=0.6635 lr=0.01000 (95s)
[P_fixed_H2_a3_lam1_seed43] epoch  9 steps=6000 total=0.2357 base=0.1930 (bce=0.1538 reg=0.0528 mono=0.0257) cps=0.0426 amp_skipped=0 g_base=0.254 g_cps=0 val_loss=4.9884 val_AP@1.0=0.6501 lr=0.01000 (95s)
[P_fixed_H2_a3_lam1_seed43] epoch 10 steps=6600 total=0.2099 base=0.1683 (bce=0.1282 reg=0.0546 mono=0.0257) cps=0.0415 amp_skipped=1 g_base=0.313 g_cps=0.0183 val_loss=6.4766 val_AP@1.0=0.6942 lr=0.01000 (94s)
[P_fixed_H2_a3_lam1_seed43] epoch 11 steps=7200 total=0.1750 base=0.1351 (bce=0.0975 reg=0.0539 mono=0.0213) cps=0.0399 amp_skipped=0 g_base=0.786 g_cps=0 val_loss=12.5915 val_AP@1.0=0.6292 lr=0.01000 (96s)
[P_fixed_H2_a3_lam1_seed43] epoch 12 steps=7800 total=0.1207 base=0.0823 (bce=0.0460 reg=0.0565 mono=0.0161) cps=0.0384 amp_skipped=0 g_base=0.0687 g_cps=0.0228 val_loss=8.9544 val_AP@1.0=0.6881 lr=0.01000 (94s)
[P_fixed_H2_a3_lam1_seed43] epoch 13 steps=8400 total=0.1224 base=0.0855 (bce=0.0513 reg=0.0554 mono=0.0129) cps=0.0369 amp_skipped=0 g_base=0.0847 g_cps=0.0469 val_loss=12.6946 val_AP@1.0=0.6653 lr=0.01000 (98s)
[P_fixed_H2_a3_lam1_seed43] epoch 14 steps=9000 total=0.0837 base=0.0517 (bce=0.0194 reg=0.0551 mono=0.0095) cps=0.0320 amp_skipped=0 g_base=0.0215 g_cps=0 val_loss=12.0838 val_AP@1.0=0.7060 lr=0.01000 (97s)
[P_fixed_H2_a3_lam1_seed43] epoch 15 steps=9600 total=0.0763 base=0.0463 (bce=0.0151 reg=0.0550 mono=0.0074) cps=0.0301 amp_skipped=1 g_base=0.0451 g_cps=0 val_loss=14.5306 val_AP@1.0=0.6741 lr=0.01000 (94s)
[P_fixed_H2_a3_lam1_seed43] epoch 16 steps=10200 total=0.0648 base=0.0398 (bce=0.0087 reg=0.0548 mono=0.0075) cps=0.0249 amp_skipped=0 g_base=0.0807 g_cps=0.0321 val_loss=17.2321 val_AP@1.0=0.6679 lr=0.01000 (93s)
[P_fixed_H2_a3_lam1_seed43] epoch 17 steps=10800 total=0.0592 base=0.0370 (bce=0.0075 reg=0.0528 mono=0.0062) cps=0.0222 amp_skipped=0 g_base=0.121 g_cps=0.03 val_loss=19.1628 val_AP@1.0=0.6575 lr=0.01000 (95s)
[P_fixed_H2_a3_lam1_seed43] epoch 18 steps=11400 total=0.0597 base=0.0377 (bce=0.0074 reg=0.0544 mono=0.0063) cps=0.0219 amp_skipped=0 g_base=0.00918 g_cps=0.0268 val_loss=17.4619 val_AP@1.0=0.6675 lr=0.01000 (95s)
[P_fixed_H2_a3_lam1_seed43] epoch 19 steps=12000 total=0.0537 base=0.0338 (bce=0.0040 reg=0.0544 mono=0.0053) cps=0.0199 amp_skipped=0 g_base=0.011 g_cps=0.0223 val_loss=15.3926 val_AP@1.0=0.6865 lr=0.00100 (93s)
[P_fixed_H2_a3_lam1_seed43] epoch 20 steps=12600 total=0.0511 base=0.0331 (bce=0.0022 reg=0.0563 mono=0.0056) cps=0.0180 amp_skipped=0 g_base=0.0162 g_cps=0.00339 val_loss=17.0141 val_AP@1.0=0.6728 lr=0.00100 (93s)
[P_fixed_H2_a3_lam1_seed43] epoch 21 steps=13200 total=0.0482 base=0.0310 (bce=0.0019 reg=0.0537 mono=0.0044) cps=0.0172 amp_skipped=0 g_base=0.0042 g_cps=0.00196 val_loss=16.3408 val_AP@1.0=0.6818 lr=0.00100 (97s)
[P_fixed_H2_a3_lam1_seed43] epoch 22 steps=13800 total=0.0491 base=0.0317 (bce=0.0021 reg=0.0547 mono=0.0047) cps=0.0173 amp_skipped=1 g_base=0.0704 g_cps=0.0158 val_loss=14.8815 val_AP@1.0=0.6769 lr=0.00100 (99s)
[P_fixed_H2_a3_lam1_seed43] epoch 23 steps=14400 total=0.0464 base=0.0306 (bce=0.0022 reg=0.0524 mono=0.0043) cps=0.0159 amp_skipped=0 g_base=0.00119 g_cps=0 val_loss=14.4203 val_AP@1.0=0.6919 lr=0.00100 (98s)
[P_fixed_H2_a3_lam1_seed43] epoch 24 steps=15000 total=0.0455 base=0.0296 (bce=0.0022 reg=0.0509 mono=0.0040) cps=0.0159 amp_skipped=0 g_base=0.0014 g_cps=0 val_loss=15.3562 val_AP@1.0=0.6822 lr=0.00100 (95s)
[P_fixed_H2_a3_lam1_seed43] epoch 25 steps=15600 total=0.0461 base=0.0297 (bce=0.0017 reg=0.0520 mono=0.0040) cps=0.0164 amp_skipped=1 g_base=0.0111 g_cps=0.0185 val_loss=14.3544 val_AP@1.0=0.6892 lr=0.00100 (97s)
[P_fixed_H2_a3_lam1_seed43] epoch 26 steps=16200 total=0.0462 base=0.0297 (bce=0.0020 reg=0.0518 mono=0.0036) cps=0.0164 amp_skipped=0 g_base=0.0258 g_cps=0.0332 val_loss=12.8537 val_AP@1.0=0.6992 lr=0.00100 (98s)
[P_fixed_H2_a3_lam1_seed43] epoch 27 steps=16800 total=0.0455 base=0.0293 (bce=0.0020 reg=0.0509 mono=0.0038) cps=0.0163 amp_skipped=0 g_base=0.0473 g_cps=0.0247 val_loss=13.9074 val_AP@1.0=0.6942 lr=0.00100 (96s)
[P_fixed_H2_a3_lam1_seed43] epoch 28 steps=17400 total=0.0461 base=0.0299 (bce=0.0020 reg=0.0520 mono=0.0038) cps=0.0162 amp_skipped=0 g_base=0.000442 g_cps=0 val_loss=15.7288 val_AP@1.0=0.6846 lr=0.00100 (95s)
[P_fixed_H2_a3_lam1_seed43] epoch 29 steps=18000 total=0.0441 base=0.0286 (bce=0.0017 reg=0.0502 mono=0.0036) cps=0.0156 amp_skipped=1 g_base=0.0134 g_cps=0 val_loss=14.3561 val_AP@1.0=0.6909 lr=0.00100 (97s)
[P_fixed_H2_a3_lam1_seed43] epoch 30 steps=18600 total=0.0460 base=0.0295 (bce=0.0017 reg=0.0518 mono=0.0037) cps=0.0165 amp_skipped=0 g_base=0.0397 g_cps=0.0317 val_loss=15.5593 val_AP@1.0=0.6890 lr=0.00100 (95s)
[P_fixed_H2_a3_lam1_seed43] epoch 31 steps=19200 total=0.0448 base=0.0292 (bce=0.0018 reg=0.0509 mono=0.0039) cps=0.0156 amp_skipped=0 g_base=0.0386 g_cps=0.00652 val_loss=14.1592 val_AP@1.0=0.6939 lr=0.00100 (97s)
[P_fixed_H2_a3_lam1_seed43] epoch 32 steps=19800 total=0.0441 base=0.0289 (bce=0.0019 reg=0.0501 mono=0.0038) cps=0.0152 amp_skipped=1 g_base=0.0317 g_cps=0.0304 val_loss=13.9381 val_AP@1.0=0.6969 lr=0.00100 (96s)
[P_fixed_H2_a3_lam1_seed43] epoch 33 steps=20400 total=0.0425 base=0.0280 (bce=0.0016 reg=0.0492 mono=0.0036) cps=0.0145 amp_skipped=0 g_base=0.00075 g_cps=0 val_loss=13.7243 val_AP@1.0=0.6978 lr=0.00100 (94s)
[P_fixed_H2_a3_lam1_seed43] epoch 34 steps=21000 total=0.0418 base=0.0269 (bce=0.0016 reg=0.0474 mono=0.0031) cps=0.0149 amp_skipped=0 g_base=0.00155 g_cps=0.0075 val_loss=14.7684 val_AP@1.0=0.6955 lr=0.00100 (96s)
[P_fixed_H2_a3_lam1_seed43] epoch 35 steps=21600 total=0.0437 base=0.0286 (bce=0.0016 reg=0.0502 mono=0.0037) cps=0.0151 amp_skipped=0 g_base=0.0476 g_cps=0.0149 val_loss=15.1206 val_AP@1.0=0.6929 lr=0.00100 (94s)
[P_fixed_H2_a3_lam1_seed43] epoch 36 steps=22200 total=0.0412 base=0.0272 (bce=0.0016 reg=0.0474 mono=0.0038) cps=0.0140 amp_skipped=1 g_base=0.00406 g_cps=0.0139 val_loss=12.8958 val_AP@1.0=0.7058 lr=0.00100 (94s)
[P_fixed_H2_a3_lam1_seed43] epoch 37 steps=22800 total=0.0425 base=0.0279 (bce=0.0019 reg=0.0482 mono=0.0037) cps=0.0146 amp_skipped=0 g_base=0.0117 g_cps=0.00495 val_loss=13.4918 val_AP@1.0=0.6989 lr=0.00100 (95s)
[P_fixed_H2_a3_lam1_seed43] epoch 38 steps=23400 total=0.0414 base=0.0267 (bce=0.0013 reg=0.0475 mono=0.0032) cps=0.0148 amp_skipped=0 g_base=0.0395 g_cps=0.018 val_loss=14.1460 val_AP@1.0=0.7001 lr=0.00100 (94s)
[P_fixed_H2_a3_lam1_seed43] epoch 39 steps=24000 total=0.0409 base=0.0268 (bce=0.0018 reg=0.0463 mono=0.0037) cps=0.0142 amp_skipped=1 g_base=0.0479 g_cps=0.00472 val_loss=13.3696 val_AP@1.0=0.7008 lr=0.00010 (94s)
[P_fixed_H2_a3_lam1_seed43] epoch 40 steps=24600 total=0.0391 base=0.0255 (bce=0.0014 reg=0.0449 mono=0.0033) cps=0.0137 amp_skipped=0 g_base=0.0032 g_cps=0 val_loss=14.2165 val_AP@1.0=0.6986 lr=0.00010 (94s)
[P_fixed_H2_a3_lam1_seed43] epoch 41 steps=25200 total=0.0409 base=0.0265 (bce=0.0016 reg=0.0464 mono=0.0033) cps=0.0144 amp_skipped=0 g_base=0.0234 g_cps=0.02 val_loss=14.2190 val_AP@1.0=0.6952 lr=0.00010 (98s)
[P_fixed_H2_a3_lam1_seed43] epoch 42 steps=25800 total=0.0397 base=0.0259 (bce=0.0015 reg=0.0456 mono=0.0032) cps=0.0138 amp_skipped=0 g_base=0.00143 g_cps=0 val_loss=14.7072 val_AP@1.0=0.6962 lr=0.00010 (97s)
[P_fixed_H2_a3_lam1_seed43] epoch 43 steps=26400 total=0.0410 base=0.0270 (bce=0.0016 reg=0.0474 mono=0.0034) cps=0.0140 amp_skipped=1 g_base=0.00824 g_cps=0.0137 val_loss=14.2316 val_AP@1.0=0.7026 lr=0.00010 (94s)
[P_fixed_H2_a3_lam1_seed43] epoch 44 steps=27000 total=0.0415 base=0.0270 (bce=0.0013 reg=0.0479 mono=0.0034) cps=0.0145 amp_skipped=0 g_base=0.0373 g_cps=0.0599 val_loss=13.5270 val_AP@1.0=0.7013 lr=0.00010 (94s)
[P_fixed_H2_a3_lam1_seed43] epoch 45 steps=27600 total=0.0386 base=0.0253 (bce=0.0014 reg=0.0445 mono=0.0032) cps=0.0133 amp_skipped=0 g_base=0.00133 g_cps=0 val_loss=14.3701 val_AP@1.0=0.6949 lr=0.00010 (96s)
[P_fixed_H2_a3_lam1_seed43] epoch 46 steps=28200 total=0.0409 base=0.0265 (bce=0.0017 reg=0.0464 mono=0.0033) cps=0.0143 amp_skipped=1 g_base=0.000808 g_cps=0.00989 val_loss=14.1892 val_AP@1.0=0.6991 lr=0.00010 (95s)
[P_fixed_H2_a3_lam1_seed43] epoch 47 steps=28800 total=0.0407 base=0.0268 (bce=0.0015 reg=0.0474 mono=0.0033) cps=0.0138 amp_skipped=0 g_base=0.00123 g_cps=0 val_loss=13.9172 val_AP@1.0=0.7021 lr=0.00010 (95s)
[P_fixed_H2_a3_lam1_seed43] epoch 48 steps=29400 total=0.0399 base=0.0259 (bce=0.0014 reg=0.0458 mono=0.0033) cps=0.0140 amp_skipped=0 g_base=0.0355 g_cps=0.0113 val_loss=16.0612 val_AP@1.0=0.6964 lr=0.00010 (93s)
[P_fixed_H2_a3_lam1_seed43] epoch 49 steps=30000 total=0.0413 base=0.0267 (bce=0.0018 reg=0.0467 mono=0.0032) cps=0.0145 amp_skipped=0 g_base=0.0119 g_cps=0.0243 val_loss=15.3112 val_AP@1.0=0.6952 lr=0.00010 (93s)
[P_fixed_H2_a3_lam1_seed43] COMPLETE -> /workspace/CPV301/outputs_progress/runs/P_fixed_H2_a3_lam1_seed43
[2026-10-05 16:50:18] DONE  seed43_P_H2.0
[2026-10-05 16:50:23] START seed43_S_H2.0
+ python -u reeval/re14_train_progress_riskprop.py --condition S --seed 43 --horizon-sec 2.0 --lambda-prog 1.0 --pairing-mode fixed --alpha 3.0 --cache-root /workspace/CPV301/data/nexar_cache_riskprop --cache-5f /workspace/CPV301/data/nexar_cache_5f --sidecar /workspace/CPV301/outputs_progress/sidecar/sidecar.json --split-manifest /workspace/CPV301/results/repro/split_manifest_seed42.json --output-root /workspace/CPV301/outputs_progress --num-workers 4 --audit /workspace/CPV301/outputs_progress/audit/audit_summary.json --lock-file /workspace/CPV301/outputs_progress/LOCK.json --full-run
Using cache found in /root/.cache/torch/hub/facebookresearch_pytorchvideo_main
verifying train cache content digest (hashing every cached .pt) ...
{
  "version": "v4.0.0",
  "config": {
    "condition": "S",
    "cps_mode": "binary",
    "use_ffr": true,
    "use_amc": true,
    "pairing_mode": "fixed",
    "horizon_sec": 2.0,
    "alpha": 3.0,
    "lambda_prog": 1.0,
    "seed": 43,
    "epochs": 50,
    "max_steps": 0,
    "epochs_budget": 50,
    "batch_size": 2,
    "lr": 0.01,
    "momentum": 0.9,
    "weight_decay": 0.0001,
    "lr_decay_epochs": [
      20,
      40
    ],
    "checkpoint_rule_train": "best = lowest val BCE @1.0s lead; latest = last epoch",
    "cps_boundary": "tau<=0 excluded (PRE-ACT assigns 1); anchors k=0,k=11 excluded",
    "cps_loss": "smooth_l1(beta=1) on sigmoid(z) fp32, per-video mean then mean over videos",
    "full_run": true,
    "research_result": true,
    "synthetic": false,
    "model": "riskprop",
    "limit_videos": 0,
    "limit_val": 0,
    "run_name": "S_fixed_H2_a3_lam1_seed43",
    "resume_policy": "epoch boundary only; RNG restored on CPU; no bitwise mid-epoch continuation"
  },
  "init_state_sha256": "c0c5cfcfad72a08fb3aa738e7f1187b493073cc7095dcef0c966f33b180e153c",
  "inputs": {
    "split_manifest_sha256": "61b9e983c58722eb7b100f7d969ef55df32acc0c016aefcfed0be37ef36cdda2",
    "train_index_sha256": "2f2cb85117f2ed3fe8e2e0bbe1c7f802c2490208919dfea9a765778a41a9d3a0",
    "val_index_sha256": "ba898811bb7d126cea8babb16545c2e8a8528c58f9216b620ab8280b1e71cb8b",
    "sidecar_sha256": "e94392bda9163149ba2b5e1e189bc010c4a268560b2a16aed379eecd4d6e05cf",
    "audit_sha256": "cc5452b575ce905ca9e3277b0f7f7b0274017d86606a1d7e98b293ec20baecc0",
    "lock_sha256": "347623b1638bd1b5914a156e94e73465828ecd8d139f4cc30023be6907d960c7",
    "audit": "/workspace/CPV301/outputs_progress/audit/audit_summary.json",
    "lock_file": "/workspace/CPV301/outputs_progress/LOCK.json",
    "val_cache_digest": "67491cd00112b143b99ffb72ae3e0d12d9c783ca14e06f3ace266f73ab1127c4",
    "train_cache_digest": "315b0d92699ce2bae760bece5355b2babeead9bc4f8f895700930df5e9da2a6b"
  }
}
/workspace/CPV301/pipeline/cell32_riskprop_loss.py:154: UserWarning: Converting a tensor with requires_grad=True to a scalar may lead to unexpected behavior.
Consider using tensor.detach() first. (Triggered internally at /pytorch/torch/csrc/autograd/generated/python_variable_methods.cpp:836.)
  return total, {"bce": L_bce.item(), "reg": float(L_reg), "mono": float(L_mono)}
[S_fixed_H2_a3_lam1_seed43] epoch  0 steps=600 total=0.7126 base=0.6281 (bce=0.6054 reg=0.0142 mono=0.0313) cps=0.0845 amp_skipped=1 g_base=4.94 g_cps=0.786 val_loss=4.2778 val_AP@1.0=0.5954 lr=0.01000 (215s)
  * best.pth (val_loss=4.2778)
[S_fixed_H2_a3_lam1_seed43] epoch  1 steps=1200 total=0.5958 base=0.5189 (bce=0.4902 reg=0.0229 mono=0.0344) cps=0.0769 amp_skipped=0 g_base=0.741 g_cps=0.0956 val_loss=3.3325 val_AP@1.0=0.6526 lr=0.01000 (94s)
  * best.pth (val_loss=3.3325)
[S_fixed_H2_a3_lam1_seed43] epoch  2 steps=1800 total=0.5036 base=0.4294 (bce=0.3971 reg=0.0298 mono=0.0349) cps=0.0741 amp_skipped=0 g_base=1.12 g_cps=0 val_loss=4.1941 val_AP@1.0=0.6364 lr=0.01000 (95s)
[S_fixed_H2_a3_lam1_seed43] epoch  3 steps=2400 total=0.4146 base=0.3421 (bce=0.3051 reg=0.0367 mono=0.0374) cps=0.0725 amp_skipped=0 g_base=0.412 g_cps=0.133 val_loss=5.0636 val_AP@1.0=0.7002 lr=0.01000 (96s)
[S_fixed_H2_a3_lam1_seed43] epoch  4 steps=3000 total=0.3368 base=0.2650 (bce=0.2297 reg=0.0412 mono=0.0294) cps=0.0718 amp_skipped=0 g_base=0.673 g_cps=0 val_loss=7.7767 val_AP@1.0=0.6384 lr=0.01000 (98s)
[S_fixed_H2_a3_lam1_seed43] epoch  5 steps=3600 total=0.2861 base=0.2126 (bce=0.1745 reg=0.0506 mono=0.0255) cps=0.0735 amp_skipped=0 g_base=0.669 g_cps=0.0935 val_loss=9.5298 val_AP@1.0=0.6434 lr=0.01000 (97s)
[S_fixed_H2_a3_lam1_seed43] epoch  6 steps=4200 total=0.2423 base=0.1673 (bce=0.1301 reg=0.0510 mono=0.0233) cps=0.0750 amp_skipped=1 g_base=0.0822 g_cps=0.0648 val_loss=10.6051 val_AP@1.0=0.6550 lr=0.01000 (98s)
[S_fixed_H2_a3_lam1_seed43] epoch  7 steps=4800 total=0.1708 base=0.0994 (bce=0.0646 reg=0.0522 mono=0.0174) cps=0.0714 amp_skipped=0 g_base=0.0102 g_cps=0.00891 val_loss=9.7784 val_AP@1.0=0.6661 lr=0.01000 (97s)
[S_fixed_H2_a3_lam1_seed43] epoch  8 steps=5400 total=0.1733 base=0.1010 (bce=0.0623 reg=0.0566 mono=0.0207) cps=0.0723 amp_skipped=0 g_base=0.0377 g_cps=0.0252 val_loss=10.2907 val_AP@1.0=0.6877 lr=0.01000 (99s)
[S_fixed_H2_a3_lam1_seed43] epoch  9 steps=6000 total=0.1435 base=0.0784 (bce=0.0435 reg=0.0545 mono=0.0154) cps=0.0650 amp_skipped=0 g_base=0.108 g_cps=0 val_loss=15.7298 val_AP@1.0=0.6918 lr=0.01000 (93s)
[S_fixed_H2_a3_lam1_seed43] epoch 10 steps=6600 total=0.1355 base=0.0761 (bce=0.0424 reg=0.0540 mono=0.0134) cps=0.0594 amp_skipped=0 g_base=0.0542 g_cps=0.0672 val_loss=14.4419 val_AP@1.0=0.6635 lr=0.01000 (93s)
[S_fixed_H2_a3_lam1_seed43] epoch 11 steps=7200 total=0.0941 base=0.0452 (bce=0.0149 reg=0.0525 mono=0.0082) cps=0.0489 amp_skipped=0 g_base=0.18 g_cps=0 val_loss=18.1964 val_AP@1.0=0.6806 lr=0.01000 (96s)
[S_fixed_H2_a3_lam1_seed43] epoch 12 steps=7800 total=0.0795 base=0.0409 (bce=0.0096 reg=0.0538 mono=0.0090) cps=0.0386 amp_skipped=0 g_base=0.0692 g_cps=0.0193 val_loss=13.9792 val_AP@1.0=0.6795 lr=0.01000 (95s)
[S_fixed_H2_a3_lam1_seed43] epoch 13 steps=8400 total=0.0715 base=0.0382 (bce=0.0060 reg=0.0558 mono=0.0085) cps=0.0333 amp_skipped=1 g_base=0.0416 g_cps=0.0151 val_loss=18.4319 val_AP@1.0=0.6944 lr=0.01000 (98s)
[S_fixed_H2_a3_lam1_seed43] epoch 14 steps=9000 total=0.0673 base=0.0382 (bce=0.0080 reg=0.0538 mono=0.0066) cps=0.0290 amp_skipped=1 g_base=0.0044 g_cps=0 val_loss=12.2018 val_AP@1.0=0.7345 lr=0.01000 (94s)
[S_fixed_H2_a3_lam1_seed43] epoch 15 steps=9600 total=0.0625 base=0.0361 (bce=0.0041 reg=0.0566 mono=0.0073) cps=0.0264 amp_skipped=0 g_base=0.00433 g_cps=0 val_loss=18.1394 val_AP@1.0=0.6934 lr=0.01000 (95s)
[S_fixed_H2_a3_lam1_seed43] epoch 16 steps=10200 total=0.0572 base=0.0343 (bce=0.0038 reg=0.0550 mono=0.0059) cps=0.0229 amp_skipped=0 g_base=0.103 g_cps=0.0042 val_loss=12.6078 val_AP@1.0=0.7166 lr=0.01000 (98s)
[S_fixed_H2_a3_lam1_seed43] epoch 17 steps=10800 total=0.0555 base=0.0341 (bce=0.0038 reg=0.0539 mono=0.0068) cps=0.0214 amp_skipped=0 g_base=0.0204 g_cps=0.076 val_loss=23.0927 val_AP@1.0=0.6933 lr=0.01000 (98s)
[S_fixed_H2_a3_lam1_seed43] epoch 18 steps=11400 total=0.0521 base=0.0320 (bce=0.0031 reg=0.0527 mono=0.0052) cps=0.0201 amp_skipped=0 g_base=0.0523 g_cps=0.0088 val_loss=10.3476 val_AP@1.0=0.7337 lr=0.01000 (98s)
[S_fixed_H2_a3_lam1_seed43] epoch 19 steps=12000 total=0.0523 base=0.0331 (bce=0.0028 reg=0.0546 mono=0.0059) cps=0.0192 amp_skipped=0 g_base=0.0242 g_cps=0.0205 val_loss=14.6655 val_AP@1.0=0.7291 lr=0.00100 (98s)
[S_fixed_H2_a3_lam1_seed43] epoch 20 steps=12600 total=0.0485 base=0.0304 (bce=0.0014 reg=0.0531 mono=0.0049) cps=0.0181 amp_skipped=0 g_base=0.0425 g_cps=0.0194 val_loss=13.8153 val_AP@1.0=0.7344 lr=0.00100 (98s)
[S_fixed_H2_a3_lam1_seed43] epoch 21 steps=13200 total=0.0465 base=0.0295 (bce=0.0013 reg=0.0522 mono=0.0043) cps=0.0170 amp_skipped=1 g_base=0.00215 g_cps=0.000113 val_loss=12.9920 val_AP@1.0=0.7298 lr=0.00100 (96s)
[S_fixed_H2_a3_lam1_seed43] epoch 22 steps=13800 total=0.0464 base=0.0297 (bce=0.0013 reg=0.0525 mono=0.0045) cps=0.0167 amp_skipped=0 g_base=0.0305 g_cps=0.0236 val_loss=13.4285 val_AP@1.0=0.7329 lr=0.00100 (98s)
[S_fixed_H2_a3_lam1_seed43] epoch 23 steps=14400 total=0.0450 base=0.0284 (bce=0.0014 reg=0.0497 mono=0.0042) cps=0.0166 amp_skipped=0 g_base=0.00332 g_cps=0 val_loss=12.4543 val_AP@1.0=0.7406 lr=0.00100 (93s)
[S_fixed_H2_a3_lam1_seed43] epoch 24 steps=15000 total=0.0433 base=0.0281 (bce=0.0015 reg=0.0486 mono=0.0046) cps=0.0151 amp_skipped=0 g_base=0.00123 g_cps=0 val_loss=14.9255 val_AP@1.0=0.7291 lr=0.00100 (98s)
[S_fixed_H2_a3_lam1_seed43] epoch 25 steps=15600 total=0.0430 base=0.0277 (bce=0.0013 reg=0.0485 mono=0.0042) cps=0.0153 amp_skipped=1 g_base=0.00939 g_cps=0.00574 val_loss=12.4765 val_AP@1.0=0.7373 lr=0.00100 (97s)
[S_fixed_H2_a3_lam1_seed43] epoch 26 steps=16200 total=0.0433 base=0.0275 (bce=0.0013 reg=0.0487 mono=0.0038) cps=0.0158 amp_skipped=0 g_base=0.0452 g_cps=0.0121 val_loss=12.2310 val_AP@1.0=0.7316 lr=0.00100 (93s)
[S_fixed_H2_a3_lam1_seed43] epoch 27 steps=16800 total=0.0416 base=0.0269 (bce=0.0013 reg=0.0477 mono=0.0037) cps=0.0147 amp_skipped=0 g_base=0.0587 g_cps=0.0781 val_loss=12.4114 val_AP@1.0=0.7376 lr=0.00100 (95s)
[S_fixed_H2_a3_lam1_seed43] epoch 28 steps=17400 total=0.0413 base=0.0273 (bce=0.0012 reg=0.0481 mono=0.0040) cps=0.0140 amp_skipped=1 g_base=0.000212 g_cps=0 val_loss=11.6660 val_AP@1.0=0.7437 lr=0.00100 (93s)
[S_fixed_H2_a3_lam1_seed43] epoch 29 steps=18000 total=0.0409 base=0.0270 (bce=0.0014 reg=0.0471 mono=0.0040) cps=0.0140 amp_skipped=0 g_base=0.00263 g_cps=0 val_loss=11.7456 val_AP@1.0=0.7429 lr=0.00100 (93s)
[S_fixed_H2_a3_lam1_seed43] epoch 30 steps=18600 total=0.0410 base=0.0270 (bce=0.0014 reg=0.0474 mono=0.0039) cps=0.0140 amp_skipped=0 g_base=0.0448 g_cps=0.0635 val_loss=12.9177 val_AP@1.0=0.7419 lr=0.00100 (94s)
[S_fixed_H2_a3_lam1_seed43] epoch 31 steps=19200 total=0.0412 base=0.0265 (bce=0.0012 reg=0.0466 mono=0.0040) cps=0.0146 amp_skipped=1 g_base=0.0348 g_cps=0.0169 val_loss=11.2648 val_AP@1.0=0.7477 lr=0.00100 (94s)
[S_fixed_H2_a3_lam1_seed43] epoch 32 steps=19800 total=0.0391 base=0.0260 (bce=0.0014 reg=0.0456 mono=0.0037) cps=0.0131 amp_skipped=0 g_base=0.055 g_cps=0.027 val_loss=11.6113 val_AP@1.0=0.7445 lr=0.00100 (93s)
[S_fixed_H2_a3_lam1_seed43] epoch 33 steps=20400 total=0.0390 base=0.0253 (bce=0.0010 reg=0.0449 mono=0.0037) cps=0.0137 amp_skipped=0 g_base=0.000399 g_cps=0 val_loss=11.7118 val_AP@1.0=0.7417 lr=0.00100 (99s)
[S_fixed_H2_a3_lam1_seed43] epoch 34 steps=21000 total=0.0374 base=0.0246 (bce=0.0011 reg=0.0435 mono=0.0035) cps=0.0129 amp_skipped=0 g_base=0.0408 g_cps=0.0166 val_loss=12.3178 val_AP@1.0=0.7380 lr=0.00100 (98s)
[S_fixed_H2_a3_lam1_seed43] epoch 35 steps=21600 total=0.0391 base=0.0260 (bce=0.0011 reg=0.0461 mono=0.0038) cps=0.0131 amp_skipped=1 g_base=0.00493 g_cps=0.0275 val_loss=11.4402 val_AP@1.0=0.7401 lr=0.00100 (98s)
[S_fixed_H2_a3_lam1_seed43] epoch 36 steps=22200 total=0.0375 base=0.0247 (bce=0.0013 reg=0.0433 mono=0.0035) cps=0.0129 amp_skipped=0 g_base=0.00589 g_cps=0.000276 val_loss=11.6756 val_AP@1.0=0.7400 lr=0.00100 (98s)
[S_fixed_H2_a3_lam1_seed43] epoch 37 steps=22800 total=0.0369 base=0.0248 (bce=0.0010 reg=0.0439 mono=0.0037) cps=0.0121 amp_skipped=0 g_base=0.0244 g_cps=0.024 val_loss=11.7359 val_AP@1.0=0.7398 lr=0.00100 (93s)
[S_fixed_H2_a3_lam1_seed43] epoch 38 steps=23400 total=0.0361 base=0.0241 (bce=0.0011 reg=0.0425 mono=0.0035) cps=0.0119 amp_skipped=1 g_base=0.0171 g_cps=0.0201 val_loss=11.1887 val_AP@1.0=0.7405 lr=0.00100 (97s)
[S_fixed_H2_a3_lam1_seed43] epoch 39 steps=24000 total=0.0360 base=0.0239 (bce=0.0012 reg=0.0418 mono=0.0035) cps=0.0121 amp_skipped=0 g_base=0.0402 g_cps=0.01 val_loss=11.7258 val_AP@1.0=0.7405 lr=0.00010 (99s)
[S_fixed_H2_a3_lam1_seed43] epoch 40 steps=24600 total=0.0349 base=0.0231 (bce=0.0009 reg=0.0409 mono=0.0033) cps=0.0118 amp_skipped=0 g_base=0.00336 g_cps=0 val_loss=11.1462 val_AP@1.0=0.7382 lr=0.00010 (97s)
[S_fixed_H2_a3_lam1_seed43] epoch 41 steps=25200 total=0.0378 base=0.0246 (bce=0.0013 reg=0.0429 mono=0.0036) cps=0.0132 amp_skipped=1 g_base=0.0364 g_cps=0.046 val_loss=12.2240 val_AP@1.0=0.7406 lr=0.00010 (97s)
[S_fixed_H2_a3_lam1_seed43] epoch 42 steps=25800 total=0.0353 base=0.0235 (bce=0.0011 reg=0.0411 mono=0.0035) cps=0.0118 amp_skipped=0 g_base=0.00206 g_cps=0 val_loss=10.9779 val_AP@1.0=0.7478 lr=0.00010 (98s)
[S_fixed_H2_a3_lam1_seed43] epoch 43 steps=26400 total=0.0367 base=0.0245 (bce=0.0012 reg=0.0430 mono=0.0034) cps=0.0123 amp_skipped=0 g_base=0.00785 g_cps=0.00248 val_loss=11.3927 val_AP@1.0=0.7430 lr=0.00010 (99s)
[S_fixed_H2_a3_lam1_seed43] epoch 44 steps=27000 total=0.0367 base=0.0244 (bce=0.0012 reg=0.0428 mono=0.0035) cps=0.0123 amp_skipped=0 g_base=0.0203 g_cps=0.0613 val_loss=10.6220 val_AP@1.0=0.7430 lr=0.00010 (98s)
[S_fixed_H2_a3_lam1_seed43] epoch 45 steps=27600 total=0.0353 base=0.0231 (bce=0.0012 reg=0.0407 mono=0.0032) cps=0.0121 amp_skipped=1 g_base=0.000939 g_cps=0 val_loss=11.1002 val_AP@1.0=0.7440 lr=0.00010 (97s)
[S_fixed_H2_a3_lam1_seed43] epoch 46 steps=28200 total=0.0365 base=0.0243 (bce=0.0011 reg=0.0428 mono=0.0036) cps=0.0122 amp_skipped=0 g_base=0.0308 g_cps=0.026 val_loss=11.5520 val_AP@1.0=0.7412 lr=0.00010 (93s)
[S_fixed_H2_a3_lam1_seed43] epoch 47 steps=28800 total=0.0367 base=0.0244 (bce=0.0013 reg=0.0428 mono=0.0033) cps=0.0123 amp_skipped=0 g_base=0.000438 g_cps=0 val_loss=11.4268 val_AP@1.0=0.7400 lr=0.00010 (93s)
[S_fixed_H2_a3_lam1_seed43] epoch 48 steps=29400 total=0.0351 base=0.0234 (bce=0.0010 reg=0.0414 mono=0.0033) cps=0.0117 amp_skipped=0 g_base=0.0231 g_cps=0.00957 val_loss=13.0838 val_AP@1.0=0.7413 lr=0.00010 (93s)
[S_fixed_H2_a3_lam1_seed43] epoch 49 steps=30000 total=0.0373 base=0.0242 (bce=0.0011 reg=0.0425 mono=0.0036) cps=0.0131 amp_skipped=1 g_base=0.0282 g_cps=0.00889 val_loss=12.6581 val_AP@1.0=0.7438 lr=0.00010 (97s)
[S_fixed_H2_a3_lam1_seed43] COMPLETE -> /workspace/CPV301/outputs_progress/runs/S_fixed_H2_a3_lam1_seed43
[2026-10-05 18:13:23] DONE  seed43_S_H2.0
[2026-10-05 18:13:28] START seed44_B_H2.0
+ python -u reeval/re14_train_progress_riskprop.py --condition B --seed 44 --horizon-sec 2.0 --pairing-mode fixed --alpha 3.0 --cache-root /workspace/CPV301/data/nexar_cache_riskprop --cache-5f /workspace/CPV301/data/nexar_cache_5f --sidecar /workspace/CPV301/outputs_progress/sidecar/sidecar.json --split-manifest /workspace/CPV301/results/repro/split_manifest_seed42.json --output-root /workspace/CPV301/outputs_progress --num-workers 4 --audit /workspace/CPV301/outputs_progress/audit/audit_summary.json --lock-file /workspace/CPV301/outputs_progress/LOCK.json --full-run
Using cache found in /root/.cache/torch/hub/facebookresearch_pytorchvideo_main
verifying train cache content digest (hashing every cached .pt) ...
{
  "version": "v4.0.0",
  "config": {
    "condition": "B",
    "cps_mode": "none",
    "use_ffr": true,
    "use_amc": true,
    "pairing_mode": "fixed",
    "horizon_sec": 2.0,
    "alpha": 3.0,
    "lambda_prog": 0.0,
    "seed": 44,
    "epochs": 50,
    "max_steps": 0,
    "epochs_budget": 50,
    "batch_size": 2,
    "lr": 0.01,
    "momentum": 0.9,
    "weight_decay": 0.0001,
    "lr_decay_epochs": [
      20,
      40
    ],
    "checkpoint_rule_train": "best = lowest val BCE @1.0s lead; latest = last epoch",
    "cps_boundary": "tau<=0 excluded (PRE-ACT assigns 1); anchors k=0,k=11 excluded",
    "cps_loss": "smooth_l1(beta=1) on sigmoid(z) fp32, per-video mean then mean over videos",
    "full_run": true,
    "research_result": true,
    "synthetic": false,
    "model": "riskprop",
    "limit_videos": 0,
    "limit_val": 0,
    "run_name": "B_fixed_seed44",
    "resume_policy": "epoch boundary only; RNG restored on CPU; no bitwise mid-epoch continuation"
  },
  "init_state_sha256": "33bb34aa4ec8a7a99cca616046f461554363440ec286067749be4a7390605b50",
  "inputs": {
    "split_manifest_sha256": "61b9e983c58722eb7b100f7d969ef55df32acc0c016aefcfed0be37ef36cdda2",
    "train_index_sha256": "2f2cb85117f2ed3fe8e2e0bbe1c7f802c2490208919dfea9a765778a41a9d3a0",
    "val_index_sha256": "ba898811bb7d126cea8babb16545c2e8a8528c58f9216b620ab8280b1e71cb8b",
    "sidecar_sha256": "e94392bda9163149ba2b5e1e189bc010c4a268560b2a16aed379eecd4d6e05cf",
    "audit_sha256": "cc5452b575ce905ca9e3277b0f7f7b0274017d86606a1d7e98b293ec20baecc0",
    "lock_sha256": "347623b1638bd1b5914a156e94e73465828ecd8d139f4cc30023be6907d960c7",
    "audit": "/workspace/CPV301/outputs_progress/audit/audit_summary.json",
    "lock_file": "/workspace/CPV301/outputs_progress/LOCK.json",
    "val_cache_digest": "67491cd00112b143b99ffb72ae3e0d12d9c783ca14e06f3ace266f73ab1127c4",
    "train_cache_digest": "315b0d92699ce2bae760bece5355b2babeead9bc4f8f895700930df5e9da2a6b"
  }
}
/workspace/CPV301/pipeline/cell32_riskprop_loss.py:154: UserWarning: Converting a tensor with requires_grad=True to a scalar may lead to unexpected behavior.
Consider using tensor.detach() first. (Triggered internally at /pytorch/torch/csrc/autograd/generated/python_variable_methods.cpp:836.)
  return total, {"bce": L_bce.item(), "reg": float(L_reg), "mono": float(L_mono)}
[B_fixed_seed44] epoch  0 steps=600 total=0.6530 base=0.6530 (bce=0.6311 reg=0.0127 mono=0.0312) cps=0.0000 amp_skipped=1 g_base=3.02 g_cps=0 val_loss=4.5383 val_AP@1.0=0.6183 lr=0.01000 (98s)
  * best.pth (val_loss=4.5383)
[B_fixed_seed44] epoch  1 steps=1200 total=0.5299 base=0.5299 (bce=0.5009 reg=0.0215 mono=0.0366) cps=0.0000 amp_skipped=0 g_base=0.529 g_cps=0 val_loss=3.1881 val_AP@1.0=0.6137 lr=0.01000 (96s)
  * best.pth (val_loss=3.1881)
[B_fixed_seed44] epoch  2 steps=1800 total=0.4510 base=0.4510 (bce=0.4193 reg=0.0255 mono=0.0380) cps=0.0000 amp_skipped=0 g_base=0.394 g_cps=0 val_loss=7.3356 val_AP@1.0=0.6631 lr=0.01000 (97s)
[B_fixed_seed44] epoch  3 steps=2400 total=0.3755 base=0.3755 (bce=0.3416 reg=0.0328 mono=0.0350) cps=0.0000 amp_skipped=0 g_base=0.115 g_cps=0 val_loss=4.8874 val_AP@1.0=0.6633 lr=0.01000 (96s)
[B_fixed_seed44] epoch  4 steps=3000 total=0.3181 base=0.3181 (bce=0.2789 reg=0.0413 mono=0.0371) cps=0.0000 amp_skipped=0 g_base=0.604 g_cps=0 val_loss=4.9953 val_AP@1.0=0.7247 lr=0.01000 (96s)
[B_fixed_seed44] epoch  5 steps=3600 total=0.2368 base=0.2368 (bce=0.1969 reg=0.0476 mono=0.0323) cps=0.0000 amp_skipped=0 g_base=0.247 g_cps=0 val_loss=8.2172 val_AP@1.0=0.6055 lr=0.01000 (96s)
[B_fixed_seed44] epoch  6 steps=4200 total=0.2309 base=0.2309 (bce=0.1916 reg=0.0484 mono=0.0302) cps=0.0000 amp_skipped=1 g_base=0.704 g_cps=0 val_loss=6.9521 val_AP@1.0=0.7154 lr=0.01000 (98s)
[B_fixed_seed44] epoch  7 steps=4800 total=0.1747 base=0.1747 (bce=0.1362 reg=0.0507 mono=0.0263) cps=0.0000 amp_skipped=0 g_base=0.0614 g_cps=0 val_loss=13.8375 val_AP@1.0=0.6758 lr=0.01000 (96s)
[B_fixed_seed44] epoch  8 steps=5400 total=0.1728 base=0.1728 (bce=0.1337 reg=0.0550 mono=0.0232) cps=0.0000 amp_skipped=0 g_base=0.111 g_cps=0 val_loss=6.2471 val_AP@1.0=0.6840 lr=0.01000 (99s)
[B_fixed_seed44] epoch  9 steps=6000 total=0.1350 base=0.1350 (bce=0.0980 reg=0.0532 mono=0.0207) cps=0.0000 amp_skipped=0 g_base=0.0345 g_cps=0 val_loss=8.2703 val_AP@1.0=0.7235 lr=0.01000 (97s)
[B_fixed_seed44] epoch 10 steps=6600 total=0.1052 base=0.1052 (bce=0.0678 reg=0.0570 mono=0.0180) cps=0.0000 amp_skipped=0 g_base=0.335 g_cps=0 val_loss=18.1534 val_AP@1.0=0.6109 lr=0.01000 (98s)
[B_fixed_seed44] epoch 11 steps=7200 total=0.0829 base=0.0829 (bce=0.0462 reg=0.0567 mono=0.0165) cps=0.0000 amp_skipped=0 g_base=0.0159 g_cps=0 val_loss=16.9659 val_AP@1.0=0.7218 lr=0.01000 (96s)
[B_fixed_seed44] epoch 12 steps=7800 total=0.0739 base=0.0739 (bce=0.0388 reg=0.0586 mono=0.0116) cps=0.0000 amp_skipped=1 g_base=0.0361 g_cps=0 val_loss=13.7530 val_AP@1.0=0.6751 lr=0.01000 (98s)
[B_fixed_seed44] epoch 13 steps=8400 total=0.0424 base=0.0424 (bce=0.0115 reg=0.0546 mono=0.0071) cps=0.0000 amp_skipped=0 g_base=0.0189 g_cps=0 val_loss=19.6305 val_AP@1.0=0.6885 lr=0.01000 (99s)
[B_fixed_seed44] epoch 14 steps=9000 total=0.0366 base=0.0366 (bce=0.0056 reg=0.0541 mono=0.0081) cps=0.0000 amp_skipped=0 g_base=0.00235 g_cps=0 val_loss=17.6895 val_AP@1.0=0.7019 lr=0.01000 (98s)
[B_fixed_seed44] epoch 15 steps=9600 total=0.0384 base=0.0384 (bce=0.0083 reg=0.0528 mono=0.0073) cps=0.0000 amp_skipped=0 g_base=0.011 g_cps=0 val_loss=17.2488 val_AP@1.0=0.7261 lr=0.01000 (97s)
[B_fixed_seed44] epoch 16 steps=10200 total=0.0360 base=0.0360 (bce=0.0065 reg=0.0529 mono=0.0061) cps=0.0000 amp_skipped=1 g_base=0.00445 g_cps=0 val_loss=24.4290 val_AP@1.0=0.7074 lr=0.01000 (96s)
[B_fixed_seed44] epoch 17 steps=10800 total=0.1034 base=0.1034 (bce=0.0668 reg=0.0593 mono=0.0141) cps=0.0000 amp_skipped=0 g_base=0.00777 g_cps=0 val_loss=13.2149 val_AP@1.0=0.7064 lr=0.01000 (97s)
[B_fixed_seed44] epoch 18 steps=11400 total=0.0796 base=0.0796 (bce=0.0450 reg=0.0567 mono=0.0124) cps=0.0000 amp_skipped=0 g_base=0.0399 g_cps=0 val_loss=23.4360 val_AP@1.0=0.7335 lr=0.01000 (97s)
[B_fixed_seed44] epoch 19 steps=12000 total=0.0860 base=0.0860 (bce=0.0491 reg=0.0578 mono=0.0160) cps=0.0000 amp_skipped=0 g_base=0.0312 g_cps=0 val_loss=23.3711 val_AP@1.0=0.6712 lr=0.00100 (98s)
[B_fixed_seed44] epoch 20 steps=12600 total=0.0530 base=0.0530 (bce=0.0209 reg=0.0527 mono=0.0114) cps=0.0000 amp_skipped=0 g_base=0.0542 g_cps=0 val_loss=15.7881 val_AP@1.0=0.7001 lr=0.00100 (98s)
[B_fixed_seed44] epoch 21 steps=13200 total=0.0385 base=0.0385 (bce=0.0079 reg=0.0523 mono=0.0088) cps=0.0000 amp_skipped=0 g_base=0.0507 g_cps=0 val_loss=15.2521 val_AP@1.0=0.7080 lr=0.00100 (97s)
[B_fixed_seed44] epoch 22 steps=13800 total=0.0368 base=0.0368 (bce=0.0081 reg=0.0506 mono=0.0069) cps=0.0000 amp_skipped=0 g_base=0.0149 g_cps=0 val_loss=14.1755 val_AP@1.0=0.7026 lr=0.00100 (95s)
[B_fixed_seed44] epoch 23 steps=14400 total=0.0350 base=0.0350 (bce=0.0062 reg=0.0509 mono=0.0067) cps=0.0000 amp_skipped=1 g_base=0.0417 g_cps=0 val_loss=16.9670 val_AP@1.0=0.7010 lr=0.00100 (95s)
[B_fixed_seed44] epoch 24 steps=15000 total=0.0342 base=0.0342 (bce=0.0054 reg=0.0508 mono=0.0068) cps=0.0000 amp_skipped=0 g_base=0.0242 g_cps=0 val_loss=13.7622 val_AP@1.0=0.7119 lr=0.00100 (98s)
[B_fixed_seed44] epoch 25 steps=15600 total=0.0326 base=0.0326 (bce=0.0042 reg=0.0502 mono=0.0065) cps=0.0000 amp_skipped=0 g_base=0.0607 g_cps=0 val_loss=12.0841 val_AP@1.0=0.7122 lr=0.00100 (97s)
[B_fixed_seed44] epoch 26 steps=16200 total=0.0335 base=0.0335 (bce=0.0047 reg=0.0505 mono=0.0071) cps=0.0000 amp_skipped=0 g_base=0.035 g_cps=0 val_loss=14.3630 val_AP@1.0=0.7109 lr=0.00100 (93s)
[B_fixed_seed44] epoch 27 steps=16800 total=0.0321 base=0.0321 (bce=0.0039 reg=0.0499 mono=0.0066) cps=0.0000 amp_skipped=1 g_base=0.0198 g_cps=0 val_loss=14.8713 val_AP@1.0=0.7109 lr=0.00100 (94s)
[B_fixed_seed44] epoch 28 steps=17400 total=0.0323 base=0.0323 (bce=0.0036 reg=0.0510 mono=0.0063) cps=0.0000 amp_skipped=0 g_base=0.0339 g_cps=0 val_loss=12.1576 val_AP@1.0=0.7099 lr=0.00100 (92s)
[B_fixed_seed44] epoch 29 steps=18000 total=0.0316 base=0.0316 (bce=0.0036 reg=0.0509 mono=0.0053) cps=0.0000 amp_skipped=0 g_base=0.0071 g_cps=0 val_loss=14.6903 val_AP@1.0=0.7078 lr=0.00100 (93s)
[B_fixed_seed44] epoch 30 steps=18600 total=0.0315 base=0.0315 (bce=0.0033 reg=0.0504 mono=0.0060) cps=0.0000 amp_skipped=1 g_base=0.0378 g_cps=0 val_loss=12.4277 val_AP@1.0=0.7212 lr=0.00100 (92s)
[B_fixed_seed44] epoch 31 steps=19200 total=0.0319 base=0.0319 (bce=0.0036 reg=0.0507 mono=0.0060) cps=0.0000 amp_skipped=0 g_base=0.000884 g_cps=0 val_loss=14.4440 val_AP@1.0=0.7158 lr=0.00100 (98s)
[B_fixed_seed44] epoch 32 steps=19800 total=0.0317 base=0.0317 (bce=0.0030 reg=0.0509 mono=0.0065) cps=0.0000 amp_skipped=0 g_base=0.0252 g_cps=0 val_loss=13.6433 val_AP@1.0=0.7166 lr=0.00100 (98s)
[B_fixed_seed44] epoch 33 steps=20400 total=0.0320 base=0.0320 (bce=0.0037 reg=0.0494 mono=0.0070) cps=0.0000 amp_skipped=1 g_base=0.0342 g_cps=0 val_loss=12.6424 val_AP@1.0=0.7229 lr=0.00100 (97s)
[B_fixed_seed44] epoch 34 steps=21000 total=0.0316 base=0.0316 (bce=0.0026 reg=0.0518 mono=0.0062) cps=0.0000 amp_skipped=0 g_base=0.0439 g_cps=0 val_loss=12.7815 val_AP@1.0=0.7220 lr=0.00100 (99s)
[B_fixed_seed44] epoch 35 steps=21600 total=0.0325 base=0.0325 (bce=0.0032 reg=0.0518 mono=0.0067) cps=0.0000 amp_skipped=0 g_base=0.0806 g_cps=0 val_loss=12.8942 val_AP@1.0=0.7228 lr=0.00100 (96s)
[B_fixed_seed44] epoch 36 steps=22200 total=0.0315 base=0.0315 (bce=0.0025 reg=0.0520 mono=0.0060) cps=0.0000 amp_skipped=0 g_base=0.0111 g_cps=0 val_loss=13.1840 val_AP@1.0=0.7253 lr=0.00100 (98s)
[B_fixed_seed44] epoch 37 steps=22800 total=0.0311 base=0.0311 (bce=0.0029 reg=0.0507 mono=0.0058) cps=0.0000 amp_skipped=1 g_base=0.0552 g_cps=0 val_loss=10.9397 val_AP@1.0=0.7179 lr=0.00100 (98s)
[B_fixed_seed44] epoch 38 steps=23400 total=0.0322 base=0.0322 (bce=0.0026 reg=0.0519 mono=0.0074) cps=0.0000 amp_skipped=0 g_base=0.00302 g_cps=0 val_loss=13.6422 val_AP@1.0=0.7172 lr=0.00100 (99s)
[B_fixed_seed44] epoch 39 steps=24000 total=0.0308 base=0.0308 (bce=0.0028 reg=0.0504 mono=0.0055) cps=0.0000 amp_skipped=0 g_base=0.00554 g_cps=0 val_loss=12.9470 val_AP@1.0=0.7188 lr=0.00010 (99s)
[B_fixed_seed44] epoch 40 steps=24600 total=0.0319 base=0.0319 (bce=0.0029 reg=0.0522 mono=0.0056) cps=0.0000 amp_skipped=1 g_base=0.0452 g_cps=0 val_loss=12.3709 val_AP@1.0=0.7248 lr=0.00010 (99s)
[B_fixed_seed44] epoch 41 steps=25200 total=0.0312 base=0.0312 (bce=0.0024 reg=0.0515 mono=0.0059) cps=0.0000 amp_skipped=0 g_base=0.0362 g_cps=0 val_loss=14.4890 val_AP@1.0=0.7215 lr=0.00010 (98s)
[B_fixed_seed44] epoch 42 steps=25800 total=0.0319 base=0.0319 (bce=0.0030 reg=0.0515 mono=0.0062) cps=0.0000 amp_skipped=0 g_base=0.0252 g_cps=0 val_loss=11.3667 val_AP@1.0=0.7182 lr=0.00010 (99s)
[B_fixed_seed44] epoch 43 steps=26400 total=0.0328 base=0.0328 (bce=0.0027 reg=0.0538 mono=0.0066) cps=0.0000 amp_skipped=0 g_base=0.00914 g_cps=0 val_loss=12.4294 val_AP@1.0=0.7211 lr=0.00010 (99s)
[B_fixed_seed44] epoch 44 steps=27000 total=0.0325 base=0.0325 (bce=0.0032 reg=0.0523 mono=0.0063) cps=0.0000 amp_skipped=1 g_base=0.0209 g_cps=0 val_loss=12.6736 val_AP@1.0=0.7180 lr=0.00010 (100s)
[B_fixed_seed44] epoch 45 steps=27600 total=0.0309 base=0.0309 (bce=0.0027 reg=0.0512 mono=0.0053) cps=0.0000 amp_skipped=0 g_base=0.017 g_cps=0 val_loss=12.9091 val_AP@1.0=0.7168 lr=0.00010 (100s)
[B_fixed_seed44] epoch 46 steps=28200 total=0.0317 base=0.0317 (bce=0.0029 reg=0.0516 mono=0.0060) cps=0.0000 amp_skipped=0 g_base=0.0489 g_cps=0 val_loss=12.6460 val_AP@1.0=0.7221 lr=0.00010 (99s)
[B_fixed_seed44] epoch 47 steps=28800 total=0.0327 base=0.0327 (bce=0.0027 reg=0.0539 mono=0.0061) cps=0.0000 amp_skipped=1 g_base=0.0146 g_cps=0 val_loss=13.8112 val_AP@1.0=0.7172 lr=0.00010 (100s)
[B_fixed_seed44] epoch 48 steps=29400 total=0.0311 base=0.0311 (bce=0.0030 reg=0.0504 mono=0.0059) cps=0.0000 amp_skipped=0 g_base=0.00229 g_cps=0 val_loss=12.0978 val_AP@1.0=0.7157 lr=0.00010 (98s)
[B_fixed_seed44] epoch 49 steps=30000 total=0.0313 base=0.0313 (bce=0.0023 reg=0.0525 mono=0.0056) cps=0.0000 amp_skipped=0 g_base=0.051 g_cps=0 val_loss=12.8592 val_AP@1.0=0.7229 lr=0.00010 (96s)
[B_fixed_seed44] COMPLETE -> /workspace/CPV301/outputs_progress/runs/B_fixed_seed44
[2026-10-05 19:35:17] DONE  seed44_B_H2.0
[2026-10-05 19:35:21] START seed44_P_H2.0
+ python -u reeval/re14_train_progress_riskprop.py --condition P --seed 44 --horizon-sec 2.0 --lambda-prog 1.0 --pairing-mode fixed --alpha 3.0 --cache-root /workspace/CPV301/data/nexar_cache_riskprop --cache-5f /workspace/CPV301/data/nexar_cache_5f --sidecar /workspace/CPV301/outputs_progress/sidecar/sidecar.json --split-manifest /workspace/CPV301/results/repro/split_manifest_seed42.json --output-root /workspace/CPV301/outputs_progress --num-workers 4 --audit /workspace/CPV301/outputs_progress/audit/audit_summary.json --lock-file /workspace/CPV301/outputs_progress/LOCK.json --full-run
Using cache found in /root/.cache/torch/hub/facebookresearch_pytorchvideo_main
verifying train cache content digest (hashing every cached .pt) ...
{
  "version": "v4.0.0",
  "config": {
    "condition": "P",
    "cps_mode": "continuous",
    "use_ffr": true,
    "use_amc": true,
    "pairing_mode": "fixed",
    "horizon_sec": 2.0,
    "alpha": 3.0,
    "lambda_prog": 1.0,
    "seed": 44,
    "epochs": 50,
    "max_steps": 0,
    "epochs_budget": 50,
    "batch_size": 2,
    "lr": 0.01,
    "momentum": 0.9,
    "weight_decay": 0.0001,
    "lr_decay_epochs": [
      20,
      40
    ],
    "checkpoint_rule_train": "best = lowest val BCE @1.0s lead; latest = last epoch",
    "cps_boundary": "tau<=0 excluded (PRE-ACT assigns 1); anchors k=0,k=11 excluded",
    "cps_loss": "smooth_l1(beta=1) on sigmoid(z) fp32, per-video mean then mean over videos",
    "full_run": true,
    "research_result": true,
    "synthetic": false,
    "model": "riskprop",
    "limit_videos": 0,
    "limit_val": 0,
    "run_name": "P_fixed_H2_a3_lam1_seed44",
    "resume_policy": "epoch boundary only; RNG restored on CPU; no bitwise mid-epoch continuation"
  },
  "init_state_sha256": "33bb34aa4ec8a7a99cca616046f461554363440ec286067749be4a7390605b50",
  "inputs": {
    "split_manifest_sha256": "61b9e983c58722eb7b100f7d969ef55df32acc0c016aefcfed0be37ef36cdda2",
    "train_index_sha256": "2f2cb85117f2ed3fe8e2e0bbe1c7f802c2490208919dfea9a765778a41a9d3a0",
    "val_index_sha256": "ba898811bb7d126cea8babb16545c2e8a8528c58f9216b620ab8280b1e71cb8b",
    "sidecar_sha256": "e94392bda9163149ba2b5e1e189bc010c4a268560b2a16aed379eecd4d6e05cf",
    "audit_sha256": "cc5452b575ce905ca9e3277b0f7f7b0274017d86606a1d7e98b293ec20baecc0",
    "lock_sha256": "347623b1638bd1b5914a156e94e73465828ecd8d139f4cc30023be6907d960c7",
    "audit": "/workspace/CPV301/outputs_progress/audit/audit_summary.json",
    "lock_file": "/workspace/CPV301/outputs_progress/LOCK.json",
    "val_cache_digest": "67491cd00112b143b99ffb72ae3e0d12d9c783ca14e06f3ace266f73ab1127c4",
    "train_cache_digest": "315b0d92699ce2bae760bece5355b2babeead9bc4f8f895700930df5e9da2a6b"
  }
}
/workspace/CPV301/pipeline/cell32_riskprop_loss.py:154: UserWarning: Converting a tensor with requires_grad=True to a scalar may lead to unexpected behavior.
Consider using tensor.detach() first. (Triggered internally at /pytorch/torch/csrc/autograd/generated/python_variable_methods.cpp:836.)
  return total, {"bce": L_bce.item(), "reg": float(L_reg), "mono": float(L_mono)}
[P_fixed_H2_a3_lam1_seed44] epoch  0 steps=600 total=0.6796 base=0.6240 (bce=0.5972 reg=0.0168 mono=0.0368) cps=0.0556 amp_skipped=2 g_base=3.02 g_cps=1.03 val_loss=4.1007 val_AP@1.0=0.6663 lr=0.01000 (98s)
  * best.pth (val_loss=4.1007)
[P_fixed_H2_a3_lam1_seed44] epoch  1 steps=1200 total=0.5478 base=0.5029 (bce=0.4737 reg=0.0237 mono=0.0347) cps=0.0449 amp_skipped=0 g_base=0.526 g_cps=0 val_loss=4.7603 val_AP@1.0=0.6834 lr=0.01000 (100s)
[P_fixed_H2_a3_lam1_seed44] epoch  2 steps=1800 total=0.4570 base=0.4144 (bce=0.3827 reg=0.0295 mono=0.0338) cps=0.0426 amp_skipped=0 g_base=0.35 g_cps=0.143 val_loss=8.2009 val_AP@1.0=0.6776 lr=0.01000 (99s)
[P_fixed_H2_a3_lam1_seed44] epoch  3 steps=2400 total=0.3464 base=0.3051 (bce=0.2702 reg=0.0391 mono=0.0307) cps=0.0413 amp_skipped=0 g_base=0.113 g_cps=0.137 val_loss=6.2835 val_AP@1.0=0.6080 lr=0.01000 (100s)
[P_fixed_H2_a3_lam1_seed44] epoch  4 steps=3000 total=0.3008 base=0.2620 (bce=0.2230 reg=0.0448 mono=0.0331) cps=0.0388 amp_skipped=0 g_base=0.407 g_cps=0 val_loss=5.7532 val_AP@1.0=0.7063 lr=0.01000 (100s)
[P_fixed_H2_a3_lam1_seed44] epoch  5 steps=3600 total=0.2446 base=0.2077 (bce=0.1727 reg=0.0460 mono=0.0241) cps=0.0368 amp_skipped=0 g_base=0.253 g_cps=0 val_loss=6.6163 val_AP@1.0=0.6800 lr=0.01000 (100s)
[P_fixed_H2_a3_lam1_seed44] epoch  6 steps=4200 total=0.2525 base=0.2134 (bce=0.1773 reg=0.0480 mono=0.0242) cps=0.0391 amp_skipped=0 g_base=0.268 g_cps=0 val_loss=11.4795 val_AP@1.0=0.6111 lr=0.01000 (99s)
[P_fixed_H2_a3_lam1_seed44] epoch  7 steps=4800 total=0.1898 base=0.1510 (bce=0.1141 reg=0.0526 mono=0.0213) cps=0.0388 amp_skipped=0 g_base=0.0654 g_cps=0.0179 val_loss=8.2080 val_AP@1.0=0.7173 lr=0.01000 (100s)
[P_fixed_H2_a3_lam1_seed44] epoch  8 steps=5400 total=0.1489 base=0.1119 (bce=0.0781 reg=0.0513 mono=0.0163) cps=0.0369 amp_skipped=0 g_base=0.139 g_cps=0.0303 val_loss=13.4955 val_AP@1.0=0.6337 lr=0.01000 (100s)
[P_fixed_H2_a3_lam1_seed44] epoch  9 steps=6000 total=0.0971 base=0.0635 (bce=0.0339 reg=0.0500 mono=0.0092) cps=0.0336 amp_skipped=0 g_base=0.058 g_cps=0.0599 val_loss=16.3399 val_AP@1.0=0.6798 lr=0.01000 (99s)
[P_fixed_H2_a3_lam1_seed44] epoch 10 steps=6600 total=0.0690 base=0.0424 (bce=0.0150 reg=0.0492 mono=0.0057) cps=0.0266 amp_skipped=0 g_base=0.065 g_cps=0 val_loss=15.0814 val_AP@1.0=0.7105 lr=0.01000 (100s)
[P_fixed_H2_a3_lam1_seed44] epoch 11 steps=7200 total=0.0565 base=0.0350 (bce=0.0070 reg=0.0500 mono=0.0059) cps=0.0215 amp_skipped=0 g_base=0.0221 g_cps=0 val_loss=18.6121 val_AP@1.0=0.6743 lr=0.01000 (100s)
[P_fixed_H2_a3_lam1_seed44] epoch 12 steps=7800 total=0.0538 base=0.0344 (bce=0.0056 reg=0.0518 mono=0.0059) cps=0.0194 amp_skipped=0 g_base=0.00524 g_cps=0.00936 val_loss=14.7039 val_AP@1.0=0.6981 lr=0.01000 (99s)
[P_fixed_H2_a3_lam1_seed44] epoch 13 steps=8400 total=0.0486 base=0.0321 (bce=0.0042 reg=0.0509 mono=0.0048) cps=0.0165 amp_skipped=1 g_base=0.0379 g_cps=0.0213 val_loss=16.7694 val_AP@1.0=0.7157 lr=0.01000 (100s)
[P_fixed_H2_a3_lam1_seed44] epoch 14 steps=9000 total=0.0461 base=0.0307 (bce=0.0028 reg=0.0499 mono=0.0059) cps=0.0154 amp_skipped=0 g_base=0.0216 g_cps=0.02 val_loss=13.4795 val_AP@1.0=0.7036 lr=0.01000 (99s)
[P_fixed_H2_a3_lam1_seed44] epoch 15 steps=9600 total=0.0451 base=0.0310 (bce=0.0036 reg=0.0497 mono=0.0052) cps=0.0141 amp_skipped=0 g_base=0.0135 g_cps=0.000486 val_loss=15.1646 val_AP@1.0=0.7529 lr=0.01000 (101s)
[P_fixed_H2_a3_lam1_seed44] epoch 16 steps=10200 total=0.0509 base=0.0351 (bce=0.0088 reg=0.0470 mono=0.0055) cps=0.0158 amp_skipped=0 g_base=0.0211 g_cps=0 val_loss=19.1807 val_AP@1.0=0.6826 lr=0.01000 (100s)
[P_fixed_H2_a3_lam1_seed44] epoch 17 steps=10800 total=0.0440 base=0.0296 (bce=0.0027 reg=0.0483 mono=0.0055) cps=0.0144 amp_skipped=1 g_base=0.000727 g_cps=0 val_loss=13.6123 val_AP@1.0=0.7299 lr=0.01000 (99s)
[P_fixed_H2_a3_lam1_seed44] epoch 18 steps=11400 total=0.0425 base=0.0288 (bce=0.0033 reg=0.0470 mono=0.0039) cps=0.0137 amp_skipped=0 g_base=0.0378 g_cps=0.0526 val_loss=17.5891 val_AP@1.0=0.7306 lr=0.01000 (100s)
[P_fixed_H2_a3_lam1_seed44] epoch 19 steps=12000 total=0.0390 base=0.0263 (bce=0.0018 reg=0.0451 mono=0.0039) cps=0.0127 amp_skipped=0 g_base=0.0412 g_cps=0.0139 val_loss=15.2311 val_AP@1.0=0.7236 lr=0.00100 (99s)
[P_fixed_H2_a3_lam1_seed44] epoch 20 steps=12600 total=0.0378 base=0.0251 (bce=0.0015 reg=0.0440 mono=0.0033) cps=0.0127 amp_skipped=1 g_base=0.0218 g_cps=0.00659 val_loss=15.1592 val_AP@1.0=0.7308 lr=0.00100 (100s)
[P_fixed_H2_a3_lam1_seed44] epoch 21 steps=13200 total=0.0366 base=0.0245 (bce=0.0014 reg=0.0428 mono=0.0034) cps=0.0121 amp_skipped=0 g_base=0.0511 g_cps=0.0785 val_loss=13.4699 val_AP@1.0=0.7429 lr=0.00100 (96s)
[P_fixed_H2_a3_lam1_seed44] epoch 22 steps=13800 total=0.0355 base=0.0234 (bce=0.0012 reg=0.0410 mono=0.0034) cps=0.0121 amp_skipped=0 g_base=0.0226 g_cps=0.0303 val_loss=11.9945 val_AP@1.0=0.7438 lr=0.00100 (93s)
[P_fixed_H2_a3_lam1_seed44] epoch 23 steps=14400 total=0.0351 base=0.0235 (bce=0.0014 reg=0.0409 mono=0.0033) cps=0.0116 amp_skipped=0 g_base=0.0439 g_cps=0.0288 val_loss=13.2810 val_AP@1.0=0.7403 lr=0.00100 (92s)
[P_fixed_H2_a3_lam1_seed44] epoch 24 steps=15000 total=0.0345 base=0.0231 (bce=0.0013 reg=0.0401 mono=0.0035) cps=0.0114 amp_skipped=1 g_base=0.0221 g_cps=0.0269 val_loss=11.1241 val_AP@1.0=0.7458 lr=0.00100 (100s)
[P_fixed_H2_a3_lam1_seed44] epoch 25 steps=15600 total=0.0337 base=0.0227 (bce=0.0017 reg=0.0388 mono=0.0031) cps=0.0110 amp_skipped=0 g_base=0.0899 g_cps=0.0319 val_loss=11.7250 val_AP@1.0=0.7362 lr=0.00100 (99s)
[P_fixed_H2_a3_lam1_seed44] epoch 26 steps=16200 total=0.0341 base=0.0230 (bce=0.0016 reg=0.0394 mono=0.0034) cps=0.0111 amp_skipped=0 g_base=0.0283 g_cps=0.0105 val_loss=12.3819 val_AP@1.0=0.7447 lr=0.00100 (92s)
[P_fixed_H2_a3_lam1_seed44] epoch 27 steps=16800 total=0.0325 base=0.0216 (bce=0.0014 reg=0.0376 mono=0.0028) cps=0.0109 amp_skipped=1 g_base=0.0359 g_cps=0.0352 val_loss=11.3686 val_AP@1.0=0.7451 lr=0.00100 (93s)
[P_fixed_H2_a3_lam1_seed44] epoch 28 steps=17400 total=0.0325 base=0.0221 (bce=0.0013 reg=0.0388 mono=0.0029) cps=0.0104 amp_skipped=0 g_base=0.0277 g_cps=0.0159 val_loss=10.5856 val_AP@1.0=0.7415 lr=0.00100 (100s)
[P_fixed_H2_a3_lam1_seed44] epoch 29 steps=18000 total=0.0317 base=0.0213 (bce=0.0012 reg=0.0374 mono=0.0029) cps=0.0103 amp_skipped=0 g_base=0.0268 g_cps=0.0162 val_loss=12.4497 val_AP@1.0=0.7410 lr=0.00100 (97s)
[P_fixed_H2_a3_lam1_seed44] epoch 30 steps=18600 total=0.0314 base=0.0210 (bce=0.0013 reg=0.0367 mono=0.0027) cps=0.0104 amp_skipped=1 g_base=0.0388 g_cps=0.0257 val_loss=12.2198 val_AP@1.0=0.7431 lr=0.00100 (99s)
[P_fixed_H2_a3_lam1_seed44] epoch 31 steps=19200 total=0.0315 base=0.0213 (bce=0.0012 reg=0.0373 mono=0.0029) cps=0.0101 amp_skipped=0 g_base=0.000297 g_cps=0 val_loss=12.5287 val_AP@1.0=0.7378 lr=0.00100 (98s)
[P_fixed_H2_a3_lam1_seed44] epoch 32 steps=19800 total=0.0307 base=0.0206 (bce=0.0013 reg=0.0358 mono=0.0028) cps=0.0101 amp_skipped=0 g_base=0.0321 g_cps=0.0628 val_loss=12.9343 val_AP@1.0=0.7362 lr=0.00100 (98s)
[P_fixed_H2_a3_lam1_seed44] epoch 33 steps=20400 total=0.0298 base=0.0201 (bce=0.0013 reg=0.0350 mono=0.0027) cps=0.0097 amp_skipped=0 g_base=0.0408 g_cps=0.00172 val_loss=12.6972 val_AP@1.0=0.7404 lr=0.00100 (99s)
[P_fixed_H2_a3_lam1_seed44] epoch 34 steps=21000 total=0.0315 base=0.0211 (bce=0.0013 reg=0.0365 mono=0.0030) cps=0.0104 amp_skipped=1 g_base=0.038 g_cps=0.0411 val_loss=11.8720 val_AP@1.0=0.7384 lr=0.00100 (99s)
[P_fixed_H2_a3_lam1_seed44] epoch 35 steps=21600 total=0.0303 base=0.0203 (bce=0.0012 reg=0.0356 mono=0.0026) cps=0.0101 amp_skipped=0 g_base=0.00204 g_cps=0 val_loss=11.6016 val_AP@1.0=0.7417 lr=0.00100 (100s)
[P_fixed_H2_a3_lam1_seed44] epoch 36 steps=22200 total=0.0299 base=0.0199 (bce=0.0010 reg=0.0348 mono=0.0029) cps=0.0100 amp_skipped=0 g_base=0.00105 g_cps=0 val_loss=12.9684 val_AP@1.0=0.7363 lr=0.00100 (102s)
[P_fixed_H2_a3_lam1_seed44] epoch 37 steps=22800 total=0.0293 base=0.0196 (bce=0.0011 reg=0.0339 mono=0.0032) cps=0.0097 amp_skipped=1 g_base=0.0447 g_cps=0.065 val_loss=10.4571 val_AP@1.0=0.7407 lr=0.00100 (99s)
[P_fixed_H2_a3_lam1_seed44] epoch 38 steps=23400 total=0.0301 base=0.0201 (bce=0.0011 reg=0.0348 mono=0.0032) cps=0.0099 amp_skipped=0 g_base=0.00071 g_cps=0 val_loss=12.2528 val_AP@1.0=0.7365 lr=0.00100 (93s)
[P_fixed_H2_a3_lam1_seed44] epoch 39 steps=24000 total=0.0272 base=0.0182 (bce=0.0010 reg=0.0318 mono=0.0024) cps=0.0091 amp_skipped=0 g_base=0.000547 g_cps=0 val_loss=12.6066 val_AP@1.0=0.7399 lr=0.00010 (100s)
[P_fixed_H2_a3_lam1_seed44] epoch 40 steps=24600 total=0.0282 base=0.0186 (bce=0.0010 reg=0.0328 mono=0.0024) cps=0.0096 amp_skipped=0 g_base=0.0339 g_cps=0.0253 val_loss=12.0424 val_AP@1.0=0.7422 lr=0.00010 (99s)
[P_fixed_H2_a3_lam1_seed44] epoch 41 steps=25200 total=0.0282 base=0.0185 (bce=0.0010 reg=0.0325 mono=0.0024) cps=0.0098 amp_skipped=1 g_base=0.0178 g_cps=0.0314 val_loss=14.0543 val_AP@1.0=0.7390 lr=0.00010 (100s)
[P_fixed_H2_a3_lam1_seed44] epoch 42 steps=25800 total=0.0278 base=0.0184 (bce=0.0011 reg=0.0323 mono=0.0024) cps=0.0094 amp_skipped=0 g_base=0.0261 g_cps=0.00866 val_loss=12.4230 val_AP@1.0=0.7423 lr=0.00010 (99s)
[P_fixed_H2_a3_lam1_seed44] epoch 43 steps=26400 total=0.0289 base=0.0191 (bce=0.0012 reg=0.0334 mono=0.0024) cps=0.0098 amp_skipped=0 g_base=0.0415 g_cps=0.0317 val_loss=12.0806 val_AP@1.0=0.7363 lr=0.00010 (98s)
[P_fixed_H2_a3_lam1_seed44] epoch 44 steps=27000 total=0.0282 base=0.0188 (bce=0.0011 reg=0.0330 mono=0.0023) cps=0.0094 amp_skipped=1 g_base=0.0317 g_cps=0.0268 val_loss=10.6544 val_AP@1.0=0.7392 lr=0.00010 (99s)
[P_fixed_H2_a3_lam1_seed44] epoch 45 steps=27600 total=0.0281 base=0.0183 (bce=0.0010 reg=0.0321 mono=0.0025) cps=0.0097 amp_skipped=0 g_base=0.000344 g_cps=0 val_loss=12.2735 val_AP@1.0=0.7395 lr=0.00010 (99s)
[P_fixed_H2_a3_lam1_seed44] epoch 46 steps=28200 total=0.0277 base=0.0183 (bce=0.0011 reg=0.0320 mono=0.0024) cps=0.0094 amp_skipped=0 g_base=0.0389 g_cps=0.00956 val_loss=12.1316 val_AP@1.0=0.7399 lr=0.00010 (100s)
[P_fixed_H2_a3_lam1_seed44] epoch 47 steps=28800 total=0.0287 base=0.0192 (bce=0.0012 reg=0.0334 mono=0.0026) cps=0.0095 amp_skipped=0 g_base=0.0368 g_cps=0.0485 val_loss=11.9633 val_AP@1.0=0.7391 lr=0.00010 (100s)
[P_fixed_H2_a3_lam1_seed44] epoch 48 steps=29400 total=0.0277 base=0.0183 (bce=0.0010 reg=0.0320 mono=0.0025) cps=0.0094 amp_skipped=1 g_base=0.0147 g_cps=0.0186 val_loss=11.8532 val_AP@1.0=0.7371 lr=0.00010 (99s)
[P_fixed_H2_a3_lam1_seed44] epoch 49 steps=30000 total=0.0286 base=0.0187 (bce=0.0011 reg=0.0328 mono=0.0026) cps=0.0099 amp_skipped=0 g_base=0.00378 g_cps=0 val_loss=12.7433 val_AP@1.0=0.7375 lr=0.00010 (99s)
[P_fixed_H2_a3_lam1_seed44] COMPLETE -> /workspace/CPV301/outputs_progress/runs/P_fixed_H2_a3_lam1_seed44
[2026-10-05 20:58:27] DONE  seed44_P_H2.0
[2026-10-05 20:58:31] START seed44_S_H2.0
+ python -u reeval/re14_train_progress_riskprop.py --condition S --seed 44 --horizon-sec 2.0 --lambda-prog 1.0 --pairing-mode fixed --alpha 3.0 --cache-root /workspace/CPV301/data/nexar_cache_riskprop --cache-5f /workspace/CPV301/data/nexar_cache_5f --sidecar /workspace/CPV301/outputs_progress/sidecar/sidecar.json --split-manifest /workspace/CPV301/results/repro/split_manifest_seed42.json --output-root /workspace/CPV301/outputs_progress --num-workers 4 --audit /workspace/CPV301/outputs_progress/audit/audit_summary.json --lock-file /workspace/CPV301/outputs_progress/LOCK.json --full-run
Using cache found in /root/.cache/torch/hub/facebookresearch_pytorchvideo_main
verifying train cache content digest (hashing every cached .pt) ...
{
  "version": "v4.0.0",
  "config": {
    "condition": "S",
    "cps_mode": "binary",
    "use_ffr": true,
    "use_amc": true,
    "pairing_mode": "fixed",
    "horizon_sec": 2.0,
    "alpha": 3.0,
    "lambda_prog": 1.0,
    "seed": 44,
    "epochs": 50,
    "max_steps": 0,
    "epochs_budget": 50,
    "batch_size": 2,
    "lr": 0.01,
    "momentum": 0.9,
    "weight_decay": 0.0001,
    "lr_decay_epochs": [
      20,
      40
    ],
    "checkpoint_rule_train": "best = lowest val BCE @1.0s lead; latest = last epoch",
    "cps_boundary": "tau<=0 excluded (PRE-ACT assigns 1); anchors k=0,k=11 excluded",
    "cps_loss": "smooth_l1(beta=1) on sigmoid(z) fp32, per-video mean then mean over videos",
    "full_run": true,
    "research_result": true,
    "synthetic": false,
    "model": "riskprop",
    "limit_videos": 0,
    "limit_val": 0,
    "run_name": "S_fixed_H2_a3_lam1_seed44",
    "resume_policy": "epoch boundary only; RNG restored on CPU; no bitwise mid-epoch continuation"
  },
  "init_state_sha256": "33bb34aa4ec8a7a99cca616046f461554363440ec286067749be4a7390605b50",
  "inputs": {
    "split_manifest_sha256": "61b9e983c58722eb7b100f7d969ef55df32acc0c016aefcfed0be37ef36cdda2",
    "train_index_sha256": "2f2cb85117f2ed3fe8e2e0bbe1c7f802c2490208919dfea9a765778a41a9d3a0",
    "val_index_sha256": "ba898811bb7d126cea8babb16545c2e8a8528c58f9216b620ab8280b1e71cb8b",
    "sidecar_sha256": "e94392bda9163149ba2b5e1e189bc010c4a268560b2a16aed379eecd4d6e05cf",
    "audit_sha256": "cc5452b575ce905ca9e3277b0f7f7b0274017d86606a1d7e98b293ec20baecc0",
    "lock_sha256": "347623b1638bd1b5914a156e94e73465828ecd8d139f4cc30023be6907d960c7",
    "audit": "/workspace/CPV301/outputs_progress/audit/audit_summary.json",
    "lock_file": "/workspace/CPV301/outputs_progress/LOCK.json",
    "val_cache_digest": "67491cd00112b143b99ffb72ae3e0d12d9c783ca14e06f3ace266f73ab1127c4",
    "train_cache_digest": "315b0d92699ce2bae760bece5355b2babeead9bc4f8f895700930df5e9da2a6b"
  }
}
/workspace/CPV301/pipeline/cell32_riskprop_loss.py:154: UserWarning: Converting a tensor with requires_grad=True to a scalar may lead to unexpected behavior.
Consider using tensor.detach() first. (Triggered internally at /pytorch/torch/csrc/autograd/generated/python_variable_methods.cpp:836.)
  return total, {"bce": L_bce.item(), "reg": float(L_reg), "mono": float(L_mono)}
[S_fixed_H2_a3_lam1_seed44] epoch  0 steps=600 total=0.7528 base=0.6680 (bce=0.6469 reg=0.0115 mono=0.0307) cps=0.0848 amp_skipped=1 g_base=3.02 g_cps=0.841 val_loss=5.7943 val_AP@1.0=0.6062 lr=0.01000 (99s)
  * best.pth (val_loss=5.7943)
[S_fixed_H2_a3_lam1_seed44] epoch  1 steps=1200 total=0.6450 base=0.5668 (bce=0.5419 reg=0.0167 mono=0.0332) cps=0.0782 amp_skipped=0 g_base=0.508 g_cps=0 val_loss=6.7351 val_AP@1.0=0.5660 lr=0.01000 (99s)
[S_fixed_H2_a3_lam1_seed44] epoch  2 steps=1800 total=0.5722 base=0.4966 (bce=0.4679 reg=0.0222 mono=0.0352) cps=0.0757 amp_skipped=0 g_base=0.527 g_cps=0.153 val_loss=4.3822 val_AP@1.0=0.6517 lr=0.01000 (93s)
  * best.pth (val_loss=4.3822)
[S_fixed_H2_a3_lam1_seed44] epoch  3 steps=2400 total=0.4828 base=0.4084 (bce=0.3761 reg=0.0303 mono=0.0344) cps=0.0744 amp_skipped=0 g_base=0.337 g_cps=0.0584 val_loss=3.7994 val_AP@1.0=0.5661 lr=0.01000 (100s)
  * best.pth (val_loss=3.7994)
[S_fixed_H2_a3_lam1_seed44] epoch  4 steps=3000 total=0.4132 base=0.3395 (bce=0.3035 reg=0.0370 mono=0.0351) cps=0.0737 amp_skipped=0 g_base=0.576 g_cps=0 val_loss=4.6115 val_AP@1.0=0.6496 lr=0.01000 (100s)
[S_fixed_H2_a3_lam1_seed44] epoch  5 steps=3600 total=0.3413 base=0.2704 (bce=0.2356 reg=0.0412 mono=0.0284) cps=0.0709 amp_skipped=0 g_base=0.264 g_cps=0 val_loss=5.3580 val_AP@1.0=0.6754 lr=0.01000 (97s)
[S_fixed_H2_a3_lam1_seed44] epoch  6 steps=4200 total=0.2987 base=0.2254 (bce=0.1879 reg=0.0464 mono=0.0286) cps=0.0732 amp_skipped=1 g_base=0.373 g_cps=0 val_loss=11.1292 val_AP@1.0=0.6523 lr=0.01000 (99s)
[S_fixed_H2_a3_lam1_seed44] epoch  7 steps=4800 total=0.2437 base=0.1727 (bce=0.1381 reg=0.0478 mono=0.0214) cps=0.0710 amp_skipped=0 g_base=0.0854 g_cps=0.0139 val_loss=8.9249 val_AP@1.0=0.6392 lr=0.01000 (99s)
[S_fixed_H2_a3_lam1_seed44] epoch  8 steps=5400 total=0.1999 base=0.1272 (bce=0.0916 reg=0.0521 mono=0.0190) cps=0.0728 amp_skipped=1 g_base=0.0381 g_cps=0.0333 val_loss=12.9272 val_AP@1.0=0.6174 lr=0.01000 (100s)
[S_fixed_H2_a3_lam1_seed44] epoch  9 steps=6000 total=0.1670 base=0.0972 (bce=0.0641 reg=0.0512 mono=0.0151) cps=0.0697 amp_skipped=0 g_base=0.259 g_cps=0.0476 val_loss=12.1495 val_AP@1.0=0.6287 lr=0.01000 (100s)
[S_fixed_H2_a3_lam1_seed44] epoch 10 steps=6600 total=0.1405 base=0.0772 (bce=0.0462 reg=0.0507 mono=0.0112) cps=0.0633 amp_skipped=0 g_base=0.217 g_cps=0 val_loss=20.9927 val_AP@1.0=0.6257 lr=0.01000 (99s)
[S_fixed_H2_a3_lam1_seed44] epoch 11 steps=7200 total=0.1102 base=0.0556 (bce=0.0250 reg=0.0500 mono=0.0113) cps=0.0546 amp_skipped=0 g_base=0.0386 g_cps=0 val_loss=14.9239 val_AP@1.0=0.6646 lr=0.01000 (99s)
[S_fixed_H2_a3_lam1_seed44] epoch 12 steps=7800 total=0.0894 base=0.0426 (bce=0.0133 reg=0.0516 mono=0.0069) cps=0.0468 amp_skipped=0 g_base=0.0184 g_cps=0.0232 val_loss=12.6621 val_AP@1.0=0.6809 lr=0.01000 (100s)
[S_fixed_H2_a3_lam1_seed44] epoch 13 steps=8400 total=0.0785 base=0.0409 (bce=0.0110 reg=0.0531 mono=0.0067) cps=0.0377 amp_skipped=0 g_base=0.0191 g_cps=0.0339 val_loss=16.9445 val_AP@1.0=0.6925 lr=0.01000 (99s)
[S_fixed_H2_a3_lam1_seed44] epoch 14 steps=9000 total=0.0723 base=0.0388 (bce=0.0090 reg=0.0524 mono=0.0071) cps=0.0335 amp_skipped=0 g_base=0.00393 g_cps=0.00559 val_loss=8.6033 val_AP@1.0=0.7080 lr=0.01000 (99s)
[S_fixed_H2_a3_lam1_seed44] epoch 15 steps=9600 total=0.0655 base=0.0376 (bce=0.0061 reg=0.0560 mono=0.0072) cps=0.0279 amp_skipped=0 g_base=0.00637 g_cps=2.46e-05 val_loss=13.8959 val_AP@1.0=0.7004 lr=0.01000 (99s)
[S_fixed_H2_a3_lam1_seed44] epoch 16 steps=10200 total=0.0628 base=0.0361 (bce=0.0056 reg=0.0540 mono=0.0071) cps=0.0267 amp_skipped=0 g_base=0.00502 g_cps=0 val_loss=13.1300 val_AP@1.0=0.7211 lr=0.01000 (100s)
[S_fixed_H2_a3_lam1_seed44] epoch 17 steps=10800 total=0.0597 base=0.0354 (bce=0.0042 reg=0.0555 mono=0.0067) cps=0.0244 amp_skipped=0 g_base=0.0266 g_cps=0 val_loss=14.2166 val_AP@1.0=0.7118 lr=0.01000 (99s)
[S_fixed_H2_a3_lam1_seed44] epoch 18 steps=11400 total=0.0555 base=0.0335 (bce=0.0033 reg=0.0550 mono=0.0053) cps=0.0220 amp_skipped=1 g_base=0.00247 g_cps=0.000729 val_loss=13.0986 val_AP@1.0=0.7410 lr=0.01000 (100s)
[S_fixed_H2_a3_lam1_seed44] epoch 19 steps=12000 total=0.0530 base=0.0320 (bce=0.0022 reg=0.0549 mono=0.0047) cps=0.0210 amp_skipped=0 g_base=0.003 g_cps=0.00415 val_loss=17.4879 val_AP@1.0=0.7158 lr=0.00100 (100s)
[S_fixed_H2_a3_lam1_seed44] epoch 20 steps=12600 total=0.0496 base=0.0311 (bce=0.0013 reg=0.0545 mono=0.0051) cps=0.0185 amp_skipped=0 g_base=0.0586 g_cps=0.0765 val_loss=13.2329 val_AP@1.0=0.7264 lr=0.00100 (99s)
[S_fixed_H2_a3_lam1_seed44] epoch 21 steps=13200 total=0.0471 base=0.0297 (bce=0.0011 reg=0.0530 mono=0.0041) cps=0.0174 amp_skipped=0 g_base=0.0132 g_cps=0.000747 val_loss=11.0084 val_AP@1.0=0.7371 lr=0.00100 (100s)
[S_fixed_H2_a3_lam1_seed44] epoch 22 steps=13800 total=0.0455 base=0.0280 (bce=0.0010 reg=0.0499 mono=0.0041) cps=0.0174 amp_skipped=1 g_base=0.0336 g_cps=0.0111 val_loss=10.0756 val_AP@1.0=0.7281 lr=0.00100 (100s)
[S_fixed_H2_a3_lam1_seed44] epoch 23 steps=14400 total=0.0461 base=0.0291 (bce=0.0012 reg=0.0516 mono=0.0042) cps=0.0170 amp_skipped=0 g_base=0.00369 g_cps=0.000165 val_loss=12.1207 val_AP@1.0=0.7318 lr=0.00100 (100s)
[S_fixed_H2_a3_lam1_seed44] epoch 24 steps=15000 total=0.0451 base=0.0282 (bce=0.0010 reg=0.0500 mono=0.0043) cps=0.0169 amp_skipped=0 g_base=0.0237 g_cps=0.029 val_loss=10.5969 val_AP@1.0=0.7291 lr=0.00100 (100s)
[S_fixed_H2_a3_lam1_seed44] epoch 25 steps=15600 total=0.0442 base=0.0274 (bce=0.0011 reg=0.0487 mono=0.0040) cps=0.0168 amp_skipped=1 g_base=0.0152 g_cps=0.0594 val_loss=10.8574 val_AP@1.0=0.7293 lr=0.00100 (97s)
[S_fixed_H2_a3_lam1_seed44] epoch 26 steps=16200 total=0.0427 base=0.0276 (bce=0.0011 reg=0.0489 mono=0.0041) cps=0.0151 amp_skipped=0 g_base=0.00332 g_cps=0.000411 val_loss=11.0308 val_AP@1.0=0.7353 lr=0.00100 (99s)
[S_fixed_H2_a3_lam1_seed44] epoch 27 steps=16800 total=0.0421 base=0.0266 (bce=0.0009 reg=0.0472 mono=0.0042) cps=0.0155 amp_skipped=0 g_base=0.0407 g_cps=0.0215 val_loss=11.6630 val_AP@1.0=0.7369 lr=0.00100 (101s)
[S_fixed_H2_a3_lam1_seed44] epoch 28 steps=17400 total=0.0422 base=0.0269 (bce=0.0011 reg=0.0477 mono=0.0039) cps=0.0153 amp_skipped=0 g_base=0.0213 g_cps=0.0237 val_loss=10.3295 val_AP@1.0=0.7321 lr=0.00100 (100s)
[S_fixed_H2_a3_lam1_seed44] epoch 29 steps=18000 total=0.0411 base=0.0258 (bce=0.0010 reg=0.0459 mono=0.0038) cps=0.0152 amp_skipped=1 g_base=0.00177 g_cps=0.000245 val_loss=11.0938 val_AP@1.0=0.7349 lr=0.00100 (100s)
[S_fixed_H2_a3_lam1_seed44] epoch 30 steps=18600 total=0.0411 base=0.0259 (bce=0.0010 reg=0.0461 mono=0.0037) cps=0.0153 amp_skipped=0 g_base=0.0153 g_cps=0.00133 val_loss=10.0328 val_AP@1.0=0.7309 lr=0.00100 (100s)
[S_fixed_H2_a3_lam1_seed44] epoch 31 steps=19200 total=0.0403 base=0.0253 (bce=0.0010 reg=0.0448 mono=0.0038) cps=0.0150 amp_skipped=0 g_base=0.000183 g_cps=0 val_loss=12.1141 val_AP@1.0=0.7335 lr=0.00100 (99s)
[S_fixed_H2_a3_lam1_seed44] epoch 32 steps=19800 total=0.0396 base=0.0252 (bce=0.0011 reg=0.0448 mono=0.0036) cps=0.0143 amp_skipped=1 g_base=0.028 g_cps=0.0532 val_loss=11.3373 val_AP@1.0=0.7335 lr=0.00100 (99s)
[S_fixed_H2_a3_lam1_seed44] epoch 33 steps=20400 total=0.0390 base=0.0244 (bce=0.0010 reg=0.0432 mono=0.0035) cps=0.0147 amp_skipped=0 g_base=0.011 g_cps=6.99e-05 val_loss=10.5648 val_AP@1.0=0.7304 lr=0.00100 (94s)
[S_fixed_H2_a3_lam1_seed44] epoch 34 steps=21000 total=0.0401 base=0.0257 (bce=0.0011 reg=0.0453 mono=0.0038) cps=0.0144 amp_skipped=0 g_base=0.0365 g_cps=0.0438 val_loss=10.1194 val_AP@1.0=0.7394 lr=0.00100 (98s)
[S_fixed_H2_a3_lam1_seed44] epoch 35 steps=21600 total=0.0393 base=0.0251 (bce=0.0011 reg=0.0443 mono=0.0037) cps=0.0142 amp_skipped=0 g_base=0.00211 g_cps=0 val_loss=11.0915 val_AP@1.0=0.7310 lr=0.00100 (98s)
[S_fixed_H2_a3_lam1_seed44] epoch 36 steps=22200 total=0.0387 base=0.0246 (bce=0.0009 reg=0.0440 mono=0.0035) cps=0.0141 amp_skipped=1 g_base=0.0024 g_cps=0 val_loss=11.1001 val_AP@1.0=0.7371 lr=0.00100 (101s)
[S_fixed_H2_a3_lam1_seed44] epoch 37 steps=22800 total=0.0376 base=0.0243 (bce=0.0010 reg=0.0429 mono=0.0036) cps=0.0134 amp_skipped=0 g_base=0.0246 g_cps=0.00428 val_loss=11.5216 val_AP@1.0=0.7347 lr=0.00100 (99s)
[S_fixed_H2_a3_lam1_seed44] epoch 38 steps=23400 total=0.0387 base=0.0243 (bce=0.0010 reg=0.0428 mono=0.0037) cps=0.0144 amp_skipped=0 g_base=0.00101 g_cps=0 val_loss=10.7102 val_AP@1.0=0.7338 lr=0.00100 (99s)
[S_fixed_H2_a3_lam1_seed44] epoch 39 steps=24000 total=0.0352 base=0.0226 (bce=0.0009 reg=0.0400 mono=0.0033) cps=0.0127 amp_skipped=1 g_base=0.00123 g_cps=0 val_loss=11.4370 val_AP@1.0=0.7410 lr=0.00010 (99s)
[S_fixed_H2_a3_lam1_seed44] epoch 40 steps=24600 total=0.0368 base=0.0234 (bce=0.0009 reg=0.0415 mono=0.0033) cps=0.0135 amp_skipped=0 g_base=0.0182 g_cps=0.00646 val_loss=10.0599 val_AP@1.0=0.7402 lr=0.00010 (99s)
[S_fixed_H2_a3_lam1_seed44] epoch 41 steps=25200 total=0.0365 base=0.0235 (bce=0.0010 reg=0.0418 mono=0.0032) cps=0.0130 amp_skipped=0 g_base=0.026 g_cps=0.0104 val_loss=11.4548 val_AP@1.0=0.7423 lr=0.00010 (100s)
[S_fixed_H2_a3_lam1_seed44] epoch 42 steps=25800 total=0.0364 base=0.0232 (bce=0.0009 reg=0.0411 mono=0.0035) cps=0.0131 amp_skipped=1 g_base=0.00281 g_cps=8.9e-05 val_loss=10.0900 val_AP@1.0=0.7485 lr=0.00010 (99s)
[S_fixed_H2_a3_lam1_seed44] epoch 43 steps=26400 total=0.0373 base=0.0241 (bce=0.0011 reg=0.0424 mono=0.0038) cps=0.0131 amp_skipped=0 g_base=0.00859 g_cps=1.1e-05 val_loss=10.9158 val_AP@1.0=0.7309 lr=0.00010 (99s)
[S_fixed_H2_a3_lam1_seed44] epoch 44 steps=27000 total=0.0363 base=0.0233 (bce=0.0010 reg=0.0412 mono=0.0035) cps=0.0130 amp_skipped=0 g_base=0.0337 g_cps=0.00867 val_loss=9.4847 val_AP@1.0=0.7400 lr=0.00010 (100s)
[S_fixed_H2_a3_lam1_seed44] epoch 45 steps=27600 total=0.0365 base=0.0231 (bce=0.0010 reg=0.0409 mono=0.0034) cps=0.0134 amp_skipped=0 g_base=0.0036 g_cps=0 val_loss=10.9341 val_AP@1.0=0.7406 lr=0.00010 (100s)
[S_fixed_H2_a3_lam1_seed44] epoch 46 steps=28200 total=0.0360 base=0.0232 (bce=0.0009 reg=0.0414 mono=0.0033) cps=0.0128 amp_skipped=1 g_base=0.00513 g_cps=0.00664 val_loss=11.2268 val_AP@1.0=0.7320 lr=0.00010 (92s)
[S_fixed_H2_a3_lam1_seed44] epoch 47 steps=28800 total=0.0378 base=0.0239 (bce=0.0011 reg=0.0423 mono=0.0035) cps=0.0139 amp_skipped=0 g_base=0.0364 g_cps=0.0273 val_loss=10.3944 val_AP@1.0=0.7473 lr=0.00010 (99s)
[S_fixed_H2_a3_lam1_seed44] epoch 48 steps=29400 total=0.0355 base=0.0225 (bce=0.0008 reg=0.0401 mono=0.0033) cps=0.0130 amp_skipped=0 g_base=0.0201 g_cps=0.0506 val_loss=9.3867 val_AP@1.0=0.7344 lr=0.00010 (100s)
[S_fixed_H2_a3_lam1_seed44] epoch 49 steps=30000 total=0.0374 base=0.0236 (bce=0.0009 reg=0.0417 mono=0.0035) cps=0.0138 amp_skipped=1 g_base=0.00266 g_cps=0 val_loss=11.3848 val_AP@1.0=0.7450 lr=0.00010 (92s)
[S_fixed_H2_a3_lam1_seed44] COMPLETE -> /workspace/CPV301/outputs_progress/runs/S_fixed_H2_a3_lam1_seed44
[2026-10-05 22:21:46] DONE  seed44_S_H2.0
